-- ******************* CANAIS  *********************** --
Insert into MTX.MTXTB004_CANAL (NU_CANAL,NO_CANAL,IC_SITUACAO_CANAL,DH_ATUALIZACAO,NO_FILA_RQSCO_RSLCO_PNDNA,NO_FILA_RSPSA_RSLCO_PNDNA,QT_SGNDO_LMTE_RQSCO_RSLCO,QT_SGNDO_LMTE_RSPSA_RSLCO,NO_FILA_RESPOSTA_CANAL,NO_CONEXAO_CANAL,SG_CANAL,NU_REDE_TRANSMISSORA,NU_SEGMENTO) values ('3','Canal Invalido','0',to_date('04/01/18 14:45:55','DD/MM/RR HH24:MI:SS'),'-','-','9000','9000','0','0','-','0','0');
Insert into MTX.MTXTB004_CANAL (NU_CANAL,NO_CANAL,IC_SITUACAO_CANAL,DH_ATUALIZACAO,NO_FILA_RQSCO_RSLCO_PNDNA,NO_FILA_RSPSA_RSLCO_PNDNA,QT_SGNDO_LMTE_RQSCO_RSLCO,QT_SGNDO_LMTE_RSPSA_RSLCO,NO_FILA_RESPOSTA_CANAL,NO_CONEXAO_CANAL,SG_CANAL,NU_REDE_TRANSMISSORA,NU_SEGMENTO) values ('2','Canal Nao Cadastrado','0',to_date('04/01/18 14:45:55','DD/MM/RR HH24:MI:SS'),'-','-','9000','9000','0','0','-','0','0');
Insert into MTX.MTXTB004_CANAL (NU_CANAL,NO_CANAL,IC_SITUACAO_CANAL,DH_ATUALIZACAO,NO_FILA_RQSCO_RSLCO_PNDNA,NO_FILA_RSPSA_RSLCO_PNDNA,QT_SGNDO_LMTE_RQSCO_RSLCO,QT_SGNDO_LMTE_RSPSA_RSLCO,NO_FILA_RESPOSTA_CANAL,NO_CONEXAO_CANAL,SG_CANAL,NU_REDE_TRANSMISSORA,NU_SEGMENTO) values ('1','Canal Nao Informado','0',to_date('04/01/18 14:45:55','DD/MM/RR HH24:MI:SS'),'-','-','9000','9000','0','0','-','0','0');
Insert into MTX.MTXTB004_CANAL (NU_CANAL,NO_CANAL,IC_SITUACAO_CANAL,DH_ATUALIZACAO,NO_FILA_RQSCO_RSLCO_PNDNA,NO_FILA_RSPSA_RSLCO_PNDNA,QT_SGNDO_LMTE_RQSCO_RSLCO,QT_SGNDO_LMTE_RSPSA_RSLCO,NO_FILA_RESPOSTA_CANAL,NO_CONEXAO_CANAL,SG_CANAL,NU_REDE_TRANSMISSORA,NU_SEGMENTO) values ('105','Caixa Aqui','0',to_date('04/01/18 14:45:55','DD/MM/RR HH24:MI:SS'),'-','-','9000','9000','java:jboss/jms/rsp_caixaaqui','java:jboss/jms/SimtxQueueConnectionFactorySIMTX','SICAQ','0','0');
Insert into MTX.MTXTB004_CANAL (NU_CANAL,NO_CANAL,IC_SITUACAO_CANAL,DH_ATUALIZACAO,NO_FILA_RQSCO_RSLCO_PNDNA,NO_FILA_RSPSA_RSLCO_PNDNA,QT_SGNDO_LMTE_RQSCO_RSLCO,QT_SGNDO_LMTE_RSPSA_RSLCO,NO_FILA_RESPOSTA_CANAL,NO_CONEXAO_CANAL,SG_CANAL,NU_REDE_TRANSMISSORA,NU_SEGMENTO) values ('106','Autoatendimento','1',to_date('04/01/18 14:45:55','DD/MM/RR HH24:MI:SS'),'-','-','9000','9000','java:jboss/jms/rsp_internetbanking','java:jboss/jms/SimtxQueueConnectionFactorySIMTX','SIMAA','9705','2902');
Insert into MTX.MTXTB004_CANAL (NU_CANAL,NO_CANAL,IC_SITUACAO_CANAL,DH_ATUALIZACAO,NO_FILA_RQSCO_RSLCO_PNDNA,NO_FILA_RSPSA_RSLCO_PNDNA,QT_SGNDO_LMTE_RQSCO_RSLCO,QT_SGNDO_LMTE_RSPSA_RSLCO,NO_FILA_RESPOSTA_CANAL,NO_CONEXAO_CANAL,SG_CANAL,NU_REDE_TRANSMISSORA,NU_SEGMENTO) values ('108','Autoatendimento Web','1',to_date('05/06/18 15:49:20','DD/MM/RR HH24:MI:SS'),'-','-','9000','9000','java:jboss/jms/rsp_autoatendimentoweb','java:jboss/jms/SimtxQueueConnectionFactorySIMTX','SIMAW','9705','0');
Insert into MTX.MTXTB004_CANAL (NU_CANAL,NO_CANAL,IC_SITUACAO_CANAL,DH_ATUALIZACAO,NO_FILA_RQSCO_RSLCO_PNDNA,NO_FILA_RSPSA_RSLCO_PNDNA,QT_SGNDO_LMTE_RQSCO_RSLCO,QT_SGNDO_LMTE_RSPSA_RSLCO,NO_FILA_RESPOSTA_CANAL,NO_CONEXAO_CANAL,SG_CANAL,NU_REDE_TRANSMISSORA,NU_SEGMENTO) values ('109','URA','0',to_date('04/01/18 14:45:55','DD/MM/RR HH24:MI:SS'),'-','-','9000','9000','java:jboss/jms/rsp_ura','java:jboss/jms/SimtxQueueConnectionFactorySIMTX','-','0','0');
Insert into MTX.MTXTB004_CANAL (NU_CANAL,NO_CANAL,IC_SITUACAO_CANAL,DH_ATUALIZACAO,NO_FILA_RQSCO_RSLCO_PNDNA,NO_FILA_RSPSA_RSLCO_PNDNA,QT_SGNDO_LMTE_RQSCO_RSLCO,QT_SGNDO_LMTE_RSPSA_RSLCO,NO_FILA_RESPOSTA_CANAL,NO_CONEXAO_CANAL,SG_CANAL,NU_REDE_TRANSMISSORA,NU_SEGMENTO) values ('111','Agência','1',to_date('04/01/18 14:45:55','DD/MM/RR HH24:MI:SS'),'-','-','9000','9000','java:jboss/jms/rsp_agencia','java:jboss/jms/SimtxQueueConnectionFactorySIMTX','SISAG','0','0');
Insert into MTX.MTXTB004_CANAL (NU_CANAL,NO_CANAL,IC_SITUACAO_CANAL,DH_ATUALIZACAO,NO_FILA_RQSCO_RSLCO_PNDNA,NO_FILA_RSPSA_RSLCO_PNDNA,QT_SGNDO_LMTE_RQSCO_RSLCO,QT_SGNDO_LMTE_RSPSA_RSLCO,NO_FILA_RESPOSTA_CANAL,NO_CONEXAO_CANAL,SG_CANAL,NU_REDE_TRANSMISSORA,NU_SEGMENTO) values ('112','Lotérico','0',to_date('04/01/18 14:45:55','DD/MM/RR HH24:MI:SS'),'-','-','9000','9000','0','0','SISPL','0','0');
Insert into MTX.MTXTB004_CANAL (NU_CANAL,NO_CANAL,IC_SITUACAO_CANAL,DH_ATUALIZACAO,NO_FILA_RQSCO_RSLCO_PNDNA,NO_FILA_RSPSA_RSLCO_PNDNA,QT_SGNDO_LMTE_RQSCO_RSLCO,QT_SGNDO_LMTE_RSPSA_RSLCO,NO_FILA_RESPOSTA_CANAL,NO_CONEXAO_CANAL,SG_CANAL,NU_REDE_TRANSMISSORA,NU_SEGMENTO) values ('113','Autoatendimento Inovador','0',to_date('04/01/18 14:45:55','DD/MM/RR HH24:MI:SS'),'-','-','9000','9000','java:jboss/jms/rsp_autoatendimento_inovador','java:jboss/jms/SimtxQueueConnectionFactorySIMTX','SIMTC','0','0');
Insert into MTX.MTXTB004_CANAL (NU_CANAL,NO_CANAL,IC_SITUACAO_CANAL,DH_ATUALIZACAO,NO_FILA_RQSCO_RSLCO_PNDNA,NO_FILA_RSPSA_RSLCO_PNDNA,QT_SGNDO_LMTE_RQSCO_RSLCO,QT_SGNDO_LMTE_RSPSA_RSLCO,NO_FILA_RESPOSTA_CANAL,NO_CONEXAO_CANAL,SG_CANAL,NU_REDE_TRANSMISSORA,NU_SEGMENTO) values ('114','Sistema Novo Multicanal','1',to_date('15/03/18 00:00:00','DD/MM/RR HH24:MI:SS'),'-','-','9000','9000','0','java:jboss/jms/SimtxQueueConnectionFactorySIBAR','SIMTX','0','0');
Insert into MTX.MTXTB004_CANAL (NU_CANAL,NO_CANAL,IC_SITUACAO_CANAL,DH_ATUALIZACAO,NO_FILA_RQSCO_RSLCO_PNDNA,NO_FILA_RSPSA_RSLCO_PNDNA,QT_SGNDO_LMTE_RQSCO_RSLCO,QT_SGNDO_LMTE_RSPSA_RSLCO,NO_FILA_RESPOSTA_CANAL,NO_CONEXAO_CANAL,SG_CANAL,NU_REDE_TRANSMISSORA,NU_SEGMENTO) values ('110','Internet Banking','1',to_date('04/01/18 14:45:55','DD/MM/RR HH24:MI:SS'),'-','-','9000','9000','java:jboss/jms/rsp_internetbanking','java:jboss/jms/SimtxQueueConnectionFactorySIMTX','SIIBC','0','1115');


-- ******************* SERVICOS  *********************** --
Insert into MTX.MTXTB001_SERVICO (NU_SERVICO,NO_SERVICO,IC_SITUACAO_SERVICO,DH_ATUALIZACAO,IC_TIPO_SERVICO,IC_CONFIRMACAO_TRANSACAO,NO_SERVICO_BARRAMENTO,NO_OPERACAO_BARRAMENTO,NO_CONEXAO,QT_SGNDO_LMTE_RESPOSTA,NO_FILA_REQUISICAO,NO_FILA_RESPOSTA,IC_EMISSAO_COMPROVANTE,IC_SERVICO_ORQUESTRADO,IC_CANCELAMENTO_TRANSACAO) values ('110031','Valida Boleto NPC','1',to_date('22/01/18 12:27:08','DD/MM/RR HH24:MI:SS'),'0','0','valida_boleto','-','java:jboss/jms/SimtxQueueConnectionFactorySIMTX','3000','java:jboss/jms/req.multicanal','java:jboss/jms/rsp.multicanal','0','0','0');
Insert into MTX.MTXTB001_SERVICO (NU_SERVICO,NO_SERVICO,IC_SITUACAO_SERVICO,DH_ATUALIZACAO,IC_TIPO_SERVICO,IC_CONFIRMACAO_TRANSACAO,NO_SERVICO_BARRAMENTO,NO_OPERACAO_BARRAMENTO,NO_CONEXAO,QT_SGNDO_LMTE_RESPOSTA,NO_FILA_REQUISICAO,NO_FILA_RESPOSTA,IC_EMISSAO_COMPROVANTE,IC_SERVICO_ORQUESTRADO,IC_CANCELAMENTO_TRANSACAO) values ('110032','Pagamento Boleto NPC','1',to_date('22/01/18 12:27:10','DD/MM/RR HH24:MI:SS'),'0','0','pagamentoboleto','-','java:jboss/jms/SimtxQueueConnectionFactorySIMTX','3000','java:jboss/jms/req.multicanal','java:jboss/jms/rsp.multicanal','1','0','1');
Insert into MTX.MTXTB001_SERVICO (NU_SERVICO,NO_SERVICO,IC_SITUACAO_SERVICO,DH_ATUALIZACAO,IC_TIPO_SERVICO,IC_CONFIRMACAO_TRANSACAO,NO_SERVICO_BARRAMENTO,NO_OPERACAO_BARRAMENTO,NO_CONEXAO,QT_SGNDO_LMTE_RESPOSTA,NO_FILA_REQUISICAO,NO_FILA_RESPOSTA,IC_EMISSAO_COMPROVANTE,IC_SERVICO_ORQUESTRADO,IC_CANCELAMENTO_TRANSACAO) values ('110028','Login SIMAI','1',to_date('03/01/18 17:47:46','DD/MM/RR HH24:MI:SS'),'6','0','consulta_saldo','CONSULTA_SALDO','java:jboss/jms/SimtxQueueConnectionFactorySIMTX','3000','java:jboss/jms/req.multicanal','java:jboss/jms/rsp.multicanal','0','0','0');
Insert into MTX.MTXTB001_SERVICO (NU_SERVICO,NO_SERVICO,IC_SITUACAO_SERVICO,DH_ATUALIZACAO,IC_TIPO_SERVICO,IC_CONFIRMACAO_TRANSACAO,NO_SERVICO_BARRAMENTO,NO_OPERACAO_BARRAMENTO,NO_CONEXAO,QT_SGNDO_LMTE_RESPOSTA,NO_FILA_REQUISICAO,NO_FILA_RESPOSTA,IC_EMISSAO_COMPROVANTE,IC_SERVICO_ORQUESTRADO,IC_CANCELAMENTO_TRANSACAO) values ('110041','Detalhe de Agendamento de Boleto','1',to_date('12/04/18 17:04:34','DD/MM/RR HH24:MI:SS'),'6','0','detalhe_transacao','DETALHE_TRANSACAO','java:jboss/jms/SimtxQueueConnectionFactorySIMTX','3000','java:jboss/jms/req.multicanal','java:jboss/jms/rsp.multicanal','0','1','0');
Insert into MTX.MTXTB001_SERVICO (NU_SERVICO,NO_SERVICO,IC_SITUACAO_SERVICO,DH_ATUALIZACAO,IC_TIPO_SERVICO,IC_CONFIRMACAO_TRANSACAO,NO_SERVICO_BARRAMENTO,NO_OPERACAO_BARRAMENTO,NO_CONEXAO,QT_SGNDO_LMTE_RESPOSTA,NO_FILA_REQUISICAO,NO_FILA_RESPOSTA,IC_EMISSAO_COMPROVANTE,IC_SERVICO_ORQUESTRADO,IC_CANCELAMENTO_TRANSACAO) values ('110023','Lista de transações pendentes de assinatura','1',to_date('13/10/17 00:00:00','DD/MM/RR HH24:MI:SS'),'6','0','consulta_assinatura_eletronica','LISTA_TRANSACOES_PENDENTES','java:jboss/jms/SimtxQueueConnectionFactorySIMTX','3000','java:jboss/jms/req.multicanal','java:jboss/jms/rsp.multicanal','0','0','0');
Insert into MTX.MTXTB001_SERVICO (NU_SERVICO,NO_SERVICO,IC_SITUACAO_SERVICO,DH_ATUALIZACAO,IC_TIPO_SERVICO,IC_CONFIRMACAO_TRANSACAO,NO_SERVICO_BARRAMENTO,NO_OPERACAO_BARRAMENTO,NO_CONEXAO,QT_SGNDO_LMTE_RESPOSTA,NO_FILA_REQUISICAO,NO_FILA_RESPOSTA,IC_EMISSAO_COMPROVANTE,IC_SERVICO_ORQUESTRADO,IC_CANCELAMENTO_TRANSACAO) values ('110021','Consulta Cadastro Positivo','1',to_date('29/08/17 00:00:00','DD/MM/RR HH24:MI:SS'),'6','0','consulta_cadastro_positivo','CONSULTA_SITUACAO_SOLICITACAO','java:jboss/jms/SimtxQueueConnectionFactorySIMTX','3000','java:jboss/jms/req_internet_banking','java:jboss/jms/rsp_internet_banking','0','0','0');
Insert into MTX.MTXTB001_SERVICO (NU_SERVICO,NO_SERVICO,IC_SITUACAO_SERVICO,DH_ATUALIZACAO,IC_TIPO_SERVICO,IC_CONFIRMACAO_TRANSACAO,NO_SERVICO_BARRAMENTO,NO_OPERACAO_BARRAMENTO,NO_CONEXAO,QT_SGNDO_LMTE_RESPOSTA,NO_FILA_REQUISICAO,NO_FILA_RESPOSTA,IC_EMISSAO_COMPROVANTE,IC_SERVICO_ORQUESTRADO,IC_CANCELAMENTO_TRANSACAO) values ('110033','Agendamento','1',to_date('01/02/18 16:27:58','DD/MM/RR HH24:MI:SS'),'0','0','-','-','java:jboss/jms/SimtxQueueConnectionFactorySIMTX','3000','java:jboss/jms/req.multicanal','java:jboss/jms/rsp.multicanal','0','0','0');
Insert into MTX.MTXTB001_SERVICO (NU_SERVICO,NO_SERVICO,IC_SITUACAO_SERVICO,DH_ATUALIZACAO,IC_TIPO_SERVICO,IC_CONFIRMACAO_TRANSACAO,NO_SERVICO_BARRAMENTO,NO_OPERACAO_BARRAMENTO,NO_CONEXAO,QT_SGNDO_LMTE_RESPOSTA,NO_FILA_REQUISICAO,NO_FILA_RESPOSTA,IC_EMISSAO_COMPROVANTE,IC_SERVICO_ORQUESTRADO,IC_CANCELAMENTO_TRANSACAO) values ('110025','Cancela Transação com Assinatura Múltipla','1',to_date('01/02/18 19:29:48','DD/MM/RR HH24:MI:SS'),'6','0','cancela_assinatura','CANCELA_ASSINATURA','java:jboss/jms/SimtxQueueConnectionFactorySIMTX','3000','java:jboss/jms/req_multicanal','java:jboss/jms/rsp_multicanal','0','0','0');
Insert into MTX.MTXTB001_SERVICO (NU_SERVICO,NO_SERVICO,IC_SITUACAO_SERVICO,DH_ATUALIZACAO,IC_TIPO_SERVICO,IC_CONFIRMACAO_TRANSACAO,NO_SERVICO_BARRAMENTO,NO_OPERACAO_BARRAMENTO,NO_CONEXAO,QT_SGNDO_LMTE_RESPOSTA,NO_FILA_REQUISICAO,NO_FILA_RESPOSTA,IC_EMISSAO_COMPROVANTE,IC_SERVICO_ORQUESTRADO,IC_CANCELAMENTO_TRANSACAO) values ('110026','Lista de Comprovantes de Transações','1',to_date('20/02/18 10:43:00','DD/MM/RR HH24:MI:SS'),'6','0','-','-','java:jboss/jms/SimtxQueueConnectionFactorySIMTX','3000','java:jboss/jms/req.multicanal','java:jboss/jms/rsp.multicanal','0','1','0');
Insert into MTX.MTXTB001_SERVICO (NU_SERVICO,NO_SERVICO,IC_SITUACAO_SERVICO,DH_ATUALIZACAO,IC_TIPO_SERVICO,IC_CONFIRMACAO_TRANSACAO,NO_SERVICO_BARRAMENTO,NO_OPERACAO_BARRAMENTO,NO_CONEXAO,QT_SGNDO_LMTE_RESPOSTA,NO_FILA_REQUISICAO,NO_FILA_RESPOSTA,IC_EMISSAO_COMPROVANTE,IC_SERVICO_ORQUESTRADO,IC_CANCELAMENTO_TRANSACAO) values ('110030','Contraordem de Cheques','1',to_date('23/03/18 16:55:58','DD/MM/RR HH24:MI:SS'),'6','0','manutencao_cheque','CONTRA_ORDEM','java:jboss/jms/SimtxQueueConnectionFactorySIMTX','3000','java:jboss/jms/req.multicanal','java:jboss/jms/rsp.multicanal','0','0','0');
Insert into MTX.MTXTB001_SERVICO (NU_SERVICO,NO_SERVICO,IC_SITUACAO_SERVICO,DH_ATUALIZACAO,IC_TIPO_SERVICO,IC_CONFIRMACAO_TRANSACAO,NO_SERVICO_BARRAMENTO,NO_OPERACAO_BARRAMENTO,NO_CONEXAO,QT_SGNDO_LMTE_RESPOSTA,NO_FILA_REQUISICAO,NO_FILA_RESPOSTA,IC_EMISSAO_COMPROVANTE,IC_SERVICO_ORQUESTRADO,IC_CANCELAMENTO_TRANSACAO) values ('110043','Desfazimento','1',to_date('22/05/18 15:19:56','DD/MM/RR HH24:MI:SS'),'0','0','-','-','java:jboss/jms/SimtxQueueConnectionFactorySIMTX','5000','java:jboss/jms/req.multicanal','java:jboss/jms/rsp.multicanal','0','0','0');
Insert into MTX.MTXTB001_SERVICO (NU_SERVICO,NO_SERVICO,IC_SITUACAO_SERVICO,DH_ATUALIZACAO,IC_TIPO_SERVICO,IC_CONFIRMACAO_TRANSACAO,NO_SERVICO_BARRAMENTO,NO_OPERACAO_BARRAMENTO,NO_CONEXAO,QT_SGNDO_LMTE_RESPOSTA,NO_FILA_REQUISICAO,NO_FILA_RESPOSTA,IC_EMISSAO_COMPROVANTE,IC_SERVICO_ORQUESTRADO,IC_CANCELAMENTO_TRANSACAO) values ('110038','Valida Boleto','1',to_date('29/03/18 17:45:36','DD/MM/RR HH24:MI:SS'),'0','0','valida_boleto','-','java:jboss/jms/SimtxQueueConnectionFactorySIMTX','3000','java:jboss/jms/req.multicanal','java:jboss/jms/rsp.multicanal','0','0','0');
Insert into MTX.MTXTB001_SERVICO (NU_SERVICO,NO_SERVICO,IC_SITUACAO_SERVICO,DH_ATUALIZACAO,IC_TIPO_SERVICO,IC_CONFIRMACAO_TRANSACAO,NO_SERVICO_BARRAMENTO,NO_OPERACAO_BARRAMENTO,NO_CONEXAO,QT_SGNDO_LMTE_RESPOSTA,NO_FILA_REQUISICAO,NO_FILA_RESPOSTA,IC_EMISSAO_COMPROVANTE,IC_SERVICO_ORQUESTRADO,IC_CANCELAMENTO_TRANSACAO) values ('110044','Consulta Extrato','1',to_date('05/06/18 15:49:38','DD/MM/RR HH24:MI:SS'),'6','0','extrato','consulta','java:jboss/jms/SimtxQueueConnectionFactorySIMTX','5000','java:jboss/jms/req.multicanal','java:jboss/jms/rsp.multicanal','0','0','0');
Insert into MTX.MTXTB001_SERVICO (NU_SERVICO,NO_SERVICO,IC_SITUACAO_SERVICO,DH_ATUALIZACAO,IC_TIPO_SERVICO,IC_CONFIRMACAO_TRANSACAO,NO_SERVICO_BARRAMENTO,NO_OPERACAO_BARRAMENTO,NO_CONEXAO,QT_SGNDO_LMTE_RESPOSTA,NO_FILA_REQUISICAO,NO_FILA_RESPOSTA,IC_EMISSAO_COMPROVANTE,IC_SERVICO_ORQUESTRADO,IC_CANCELAMENTO_TRANSACAO) values ('110036','Lista de Agendamentos','1',to_date('14/03/18 13:31:07','DD/MM/RR HH24:MI:SS'),'6','0','-','-','java:jboss/jms/SimtxQueueConnectionFactorySIMTX','3000','java:jboss/jms/req.multicanal','java:jboss/jms/rsp.multicanal','0','1','0');
Insert into MTX.MTXTB001_SERVICO (NU_SERVICO,NO_SERVICO,IC_SITUACAO_SERVICO,DH_ATUALIZACAO,IC_TIPO_SERVICO,IC_CONFIRMACAO_TRANSACAO,NO_SERVICO_BARRAMENTO,NO_OPERACAO_BARRAMENTO,NO_CONEXAO,QT_SGNDO_LMTE_RESPOSTA,NO_FILA_REQUISICAO,NO_FILA_RESPOSTA,IC_EMISSAO_COMPROVANTE,IC_SERVICO_ORQUESTRADO,IC_CANCELAMENTO_TRANSACAO) values ('110024','Detalhe de Transação Pendente de Assinatura','1',to_date('08/09/17 00:00:00','DD/MM/RR HH24:MI:SS'),'6','0','consulta_assinatura_eletronica','DETALHE_TRANSACAO_PENDENTE','java:jboss/jms/SimtxQueueConnectionFactorySIMTX','3000','java:jboss/jms/req.multicanal','java:jboss/jms/rsp.multicanal','0','0','0');
Insert into MTX.MTXTB001_SERVICO (NU_SERVICO,NO_SERVICO,IC_SITUACAO_SERVICO,DH_ATUALIZACAO,IC_TIPO_SERVICO,IC_CONFIRMACAO_TRANSACAO,NO_SERVICO_BARRAMENTO,NO_OPERACAO_BARRAMENTO,NO_CONEXAO,QT_SGNDO_LMTE_RESPOSTA,NO_FILA_REQUISICAO,NO_FILA_RESPOSTA,IC_EMISSAO_COMPROVANTE,IC_SERVICO_ORQUESTRADO,IC_CANCELAMENTO_TRANSACAO) values ('110022','Valida Assinatura Multipla','1',to_date('01/02/18 00:00:00','DD/MM/RR HH24:MI:SS'),'6','0','valida_assinatura','VALIDA_ASSINATURA','java:jboss/jms/SimtxQueueConnectionFactorySIMTX','3000','java:jboss/jms/req.multicanal','java:jboss/jms/rsp.multicanal','0','0','0');
Insert into MTX.MTXTB001_SERVICO (NU_SERVICO,NO_SERVICO,IC_SITUACAO_SERVICO,DH_ATUALIZACAO,IC_TIPO_SERVICO,IC_CONFIRMACAO_TRANSACAO,NO_SERVICO_BARRAMENTO,NO_OPERACAO_BARRAMENTO,NO_CONEXAO,QT_SGNDO_LMTE_RESPOSTA,NO_FILA_REQUISICAO,NO_FILA_RESPOSTA,IC_EMISSAO_COMPROVANTE,IC_SERVICO_ORQUESTRADO,IC_CANCELAMENTO_TRANSACAO) values ('110035','Pagamento Boleto Agendado NPC','1',to_date('08/03/18 20:50:17','DD/MM/RR HH24:MI:SS'),'0','0','-','-','java:jboss/jms/SimtxQueueConnectionFactorySIMTX','6000','java:jboss/jms/req.multicanal','java:jboss/jms/rsp.multicanal','1','0','1');
Insert into MTX.MTXTB001_SERVICO (NU_SERVICO,NO_SERVICO,IC_SITUACAO_SERVICO,DH_ATUALIZACAO,IC_TIPO_SERVICO,IC_CONFIRMACAO_TRANSACAO,NO_SERVICO_BARRAMENTO,NO_OPERACAO_BARRAMENTO,NO_CONEXAO,QT_SGNDO_LMTE_RESPOSTA,NO_FILA_REQUISICAO,NO_FILA_RESPOSTA,IC_EMISSAO_COMPROVANTE,IC_SERVICO_ORQUESTRADO,IC_CANCELAMENTO_TRANSACAO) values ('110037','Cancelamento de Agendamento','1',to_date('08/03/18 20:50:25','DD/MM/RR HH24:MI:SS'),'0','0','-','-','java:jboss/jms/SimtxQueueConnectionFactorySIMTX','5000','java:jboss/jms/req.multicanal','java:jboss/jms/rsp.multicanal','0','0','0');
Insert into MTX.MTXTB001_SERVICO (NU_SERVICO,NO_SERVICO,IC_SITUACAO_SERVICO,DH_ATUALIZACAO,IC_TIPO_SERVICO,IC_CONFIRMACAO_TRANSACAO,NO_SERVICO_BARRAMENTO,NO_OPERACAO_BARRAMENTO,NO_CONEXAO,QT_SGNDO_LMTE_RESPOSTA,NO_FILA_REQUISICAO,NO_FILA_RESPOSTA,IC_EMISSAO_COMPROVANTE,IC_SERVICO_ORQUESTRADO,IC_CANCELAMENTO_TRANSACAO) values ('110039','Pagamento Boleto','1',to_date('27/03/18 00:00:00','DD/MM/RR HH24:MI:SS'),'0','0','pagamentoboleto','-','java:jboss/jms/SimtxQueueConnectionFactorySIMTX','3000','java:jboss/jms/req.multicanal','java:jboss/jms/rsp.multicanal','1','0','1');
Insert into MTX.MTXTB001_SERVICO (NU_SERVICO,NO_SERVICO,IC_SITUACAO_SERVICO,DH_ATUALIZACAO,IC_TIPO_SERVICO,IC_CONFIRMACAO_TRANSACAO,NO_SERVICO_BARRAMENTO,NO_OPERACAO_BARRAMENTO,NO_CONEXAO,QT_SGNDO_LMTE_RESPOSTA,NO_FILA_REQUISICAO,NO_FILA_RESPOSTA,IC_EMISSAO_COMPROVANTE,IC_SERVICO_ORQUESTRADO,IC_CANCELAMENTO_TRANSACAO) values ('110029','Consulta Boleto','1',to_date('28/03/18 15:03:14','DD/MM/RR HH24:MI:SS'),'6','0','-','-','java:jboss/jms/SimtxQueueConnectionFactorySIMTX','5000','java:jboss/jms/req.multicanal','java:jboss/jms/rsp.multicanal','0','0','0');
Insert into MTX.MTXTB001_SERVICO (NU_SERVICO,NO_SERVICO,IC_SITUACAO_SERVICO,DH_ATUALIZACAO,IC_TIPO_SERVICO,IC_CONFIRMACAO_TRANSACAO,NO_SERVICO_BARRAMENTO,NO_OPERACAO_BARRAMENTO,NO_CONEXAO,QT_SGNDO_LMTE_RESPOSTA,NO_FILA_REQUISICAO,NO_FILA_RESPOSTA,IC_EMISSAO_COMPROVANTE,IC_SERVICO_ORQUESTRADO,IC_CANCELAMENTO_TRANSACAO) values ('110027','Detalhe Comprovante Transação','1',to_date('19/02/18 16:45:57','DD/MM/RR HH24:MI:SS'),'0','0','detalhe_transacao','DETALHE_TRANSACAO','java:jboss/jms/SimtxQueueConnectionFactorySIMTX','3000','java:jboss/jms/req.multicanal','java:jboss/jms/rsp.multicanal','0','1','0');
Insert into MTX.MTXTB001_SERVICO (NU_SERVICO,NO_SERVICO,IC_SITUACAO_SERVICO,DH_ATUALIZACAO,IC_TIPO_SERVICO,IC_CONFIRMACAO_TRANSACAO,NO_SERVICO_BARRAMENTO,NO_OPERACAO_BARRAMENTO,NO_CONEXAO,QT_SGNDO_LMTE_RESPOSTA,NO_FILA_REQUISICAO,NO_FILA_RESPOSTA,IC_EMISSAO_COMPROVANTE,IC_SERVICO_ORQUESTRADO,IC_CANCELAMENTO_TRANSACAO) values ('110040','Pagamento Boleto Agendado','1',to_date('09/04/18 19:15:10','DD/MM/RR HH24:MI:SS'),'0','0','-','-','java:jboss/jms/SimtxQueueConnectionFactorySIMTX','6000','java:jboss/jms/req.multicanal','java:jboss/jms/rsp.multicanal','1','0','1');
Insert into MTX.MTXTB001_SERVICO (NU_SERVICO,NO_SERVICO,IC_SITUACAO_SERVICO,DH_ATUALIZACAO,IC_TIPO_SERVICO,IC_CONFIRMACAO_TRANSACAO,NO_SERVICO_BARRAMENTO,NO_OPERACAO_BARRAMENTO,NO_CONEXAO,QT_SGNDO_LMTE_RESPOSTA,NO_FILA_REQUISICAO,NO_FILA_RESPOSTA,IC_EMISSAO_COMPROVANTE,IC_SERVICO_ORQUESTRADO,IC_CANCELAMENTO_TRANSACAO) values ('110042','Cancelamento de Agendamento Web','1',to_date('09/05/18 15:39:51','DD/MM/RR HH24:MI:SS'),'0','0','-','-','java:jboss/jms/SimtxQueueConnectionFactorySIMTX','5000','java:jboss/jms/req.multicanal','java:jboss/jms/rsp.multicanal','0','0','0');
Insert into MTX.MTXTB001_SERVICO (NU_SERVICO,NO_SERVICO,IC_SITUACAO_SERVICO,DH_ATUALIZACAO,IC_TIPO_SERVICO,IC_CONFIRMACAO_TRANSACAO,NO_SERVICO_BARRAMENTO,NO_OPERACAO_BARRAMENTO,NO_CONEXAO,QT_SGNDO_LMTE_RESPOSTA,NO_FILA_REQUISICAO,NO_FILA_RESPOSTA,IC_EMISSAO_COMPROVANTE,IC_SERVICO_ORQUESTRADO,IC_CANCELAMENTO_TRANSACAO) values ('110034','Cancelamento de Pagamento Web','1',to_date('05/02/18 18:39:06','DD/MM/RR HH24:MI:SS'),'0','0','manutencao_cobranca_bancaria','CANCELAMENTO_BAIXA_OPERACIONAL','java:jboss/jms/SimtxQueueConnectionFactorySIMTX','5000','java:jboss/jms/req.multicanal','java:jboss/jms/rsp.multicanal','0','0','0');

-- ******************* VERSAO SERVICOS  *********************** --
Insert into MTX.MTXTB011_VERSAO_SERVICO (NU_SERVICO_001,NU_VERSAO_SERVICO,DE_XSD_REQUISICAO,DE_XSLT_REQUISICAO,DE_XSD_RESPOSTA,DE_XSLT_RESPOSTA,DH_ATUALIZACAO,IC_STCO_VRSO_SRVCO,IC_SERVICO_MIGRADO,CO_VERSAO_BARRAMENTO) values ('110031','1','validacao_entradas/SIMTX_TYPES/Valida_Boleto/V1/Valida_Boleto.xsd','servico/Valida_Boleto_Npc/V1/validaBoletoNpc_Req.xsl','validacao_entradas/SIMTX_TYPES/Valida_Boleto/V1/Valida_Boleto.xsd','servico/Valida_Boleto_Npc/V1/validaBoletoNpc_Resp.xsl',to_date('28/03/18 12:08:40','DD/MM/RR HH24:MI:SS'),'1','1','1.0');
Insert into MTX.MTXTB011_VERSAO_SERVICO (NU_SERVICO_001,NU_VERSAO_SERVICO,DE_XSD_REQUISICAO,DE_XSLT_REQUISICAO,DE_XSD_RESPOSTA,DE_XSLT_RESPOSTA,DH_ATUALIZACAO,IC_STCO_VRSO_SRVCO,IC_SERVICO_MIGRADO,CO_VERSAO_BARRAMENTO) values ('110032','1','validacao_entradas/SIMTX_TYPES/Pagamento_Boleto/V1/Pagamento_Boleto.xsd','servico/Pagamento_Boleto/V1/pagamentoBoletoNPC_Req.xsl','validacao_entradas/SIMTX_TYPES/Pagamento_Boleto/V1/Pagamento_Boleto.xsd','servico/Pagamento_Boleto/V1/pagamentoBoletoNPC_Resp.xsl',to_date('22/01/18 12:28:09','DD/MM/RR HH24:MI:SS'),'1','1','1.0');
Insert into MTX.MTXTB011_VERSAO_SERVICO (NU_SERVICO_001,NU_VERSAO_SERVICO,DE_XSD_REQUISICAO,DE_XSLT_REQUISICAO,DE_XSD_RESPOSTA,DE_XSLT_RESPOSTA,DH_ATUALIZACAO,IC_STCO_VRSO_SRVCO,IC_SERVICO_MIGRADO,CO_VERSAO_BARRAMENTO) values ('110039','1','validacao_entradas/SIMTX_TYPES/Pagamento_Boleto/V1/Pagamento_Boleto.xsd','servico/Pagamento_Boleto/V1/pagamentoBoleto_Req.xsl','validacao_entradas/SIMTX_TYPES/Pagamento_Boleto/V1/Pagamento_Boleto.xsd','servico/Pagamento_Boleto/V1/pagamentoBoleto_Resp.xsl',to_date('02/04/18 15:46:44','DD/MM/RR HH24:MI:SS'),'1','1','1.0');
Insert into MTX.MTXTB011_VERSAO_SERVICO (NU_SERVICO_001,NU_VERSAO_SERVICO,DE_XSD_REQUISICAO,DE_XSLT_REQUISICAO,DE_XSD_RESPOSTA,DE_XSLT_RESPOSTA,DH_ATUALIZACAO,IC_STCO_VRSO_SRVCO,IC_SERVICO_MIGRADO,CO_VERSAO_BARRAMENTO) values ('110023','1','validacao_entradas/SIMTX_TYPES/Lista_Transacoes_Pendentes_Assinatura/V1/Lista_Transacoes_Pendentes_Assinatura.xsd','servico/Lista_Transacoes_Pendentes_Assinatura/V1/Lista_Transacoes_Pendentes_Assinatura_Req.xsl','servico/Lista_Transacoes_Pendentes_Assinatura/V1/Lista_Transacoes_Pendentes_Assinatura_Req.xsl','servico/Lista_Transacoes_Pendentes_Assinatura/V1/Lista_Transacoes_Pendentes_Assinatura_Resp.xsl',to_date('01/02/18 16:49:57','DD/MM/RR HH24:MI:SS'),'1','1','1.0');
Insert into MTX.MTXTB011_VERSAO_SERVICO (NU_SERVICO_001,NU_VERSAO_SERVICO,DE_XSD_REQUISICAO,DE_XSLT_REQUISICAO,DE_XSD_RESPOSTA,DE_XSLT_RESPOSTA,DH_ATUALIZACAO,IC_STCO_VRSO_SRVCO,IC_SERVICO_MIGRADO,CO_VERSAO_BARRAMENTO) values ('110028','1','validacao_entradas/SIMTX_TYPES/V1/Login_Simai.xsd','servico/V1/loginSimai_Req.xsl','validacao_entradas/SIMTX_TYPES/V1/Login_Simai.xsd','servico/V1/loginSimai_Resp.xsl',to_date('03/01/18 17:51:22','DD/MM/RR HH24:MI:SS'),'1','0','1.0');
Insert into MTX.MTXTB011_VERSAO_SERVICO (NU_SERVICO_001,NU_VERSAO_SERVICO,DE_XSD_REQUISICAO,DE_XSLT_REQUISICAO,DE_XSD_RESPOSTA,DE_XSLT_RESPOSTA,DH_ATUALIZACAO,IC_STCO_VRSO_SRVCO,IC_SERVICO_MIGRADO,CO_VERSAO_BARRAMENTO) values ('110022','1','validacao_entradas/SIMTX_TYPES/Valida_Assinatura_Multipla/V1/Valida_Assinatura_Multipla.xsd','servico\Valida_Assinatura_Multipla\V1\Valida_Assinatura_Multipla_Req.xsl','validacao_entradas/SIMTX_TYPES/Valida_Assinatura_Multipla/V1/Valida_Assinatura_Multipla.xsd','servico\Valida_Assinatura_Multipla\V1\Valida_Assinatura_Multipla_Resp.xsl',to_date('06/12/17 18:29:20','DD/MM/RR HH24:MI:SS'),'1','0','1');
Insert into MTX.MTXTB011_VERSAO_SERVICO (NU_SERVICO_001,NU_VERSAO_SERVICO,DE_XSD_REQUISICAO,DE_XSLT_REQUISICAO,DE_XSD_RESPOSTA,DE_XSLT_RESPOSTA,DH_ATUALIZACAO,IC_STCO_VRSO_SRVCO,IC_SERVICO_MIGRADO,CO_VERSAO_BARRAMENTO) values ('110026','1','validacao_entradas/SIMTX_TYPES/Lista_Comprovantes_Transacoes/V1/Lista_Comprovantes_Transacoes.xsd','servico/Lista_Comprovantes_Transacoes/V1/listaComprovantesTransacoes_Req.xsl','validacao_entradas/SIMTX_TYPES/Lista_Comprovantes_Transacoes/V1/Lista_Comprovantes_Transacoes.xsd','servico/Lista_Comprovantes_Transacoes/V1/listaComprovantesTransacoes_Resp.xsl',to_date('20/02/18 10:53:23','DD/MM/RR HH24:MI:SS'),'1','1','1.0');
Insert into MTX.MTXTB011_VERSAO_SERVICO (NU_SERVICO_001,NU_VERSAO_SERVICO,DE_XSD_REQUISICAO,DE_XSLT_REQUISICAO,DE_XSD_RESPOSTA,DE_XSLT_RESPOSTA,DH_ATUALIZACAO,IC_STCO_VRSO_SRVCO,IC_SERVICO_MIGRADO,CO_VERSAO_BARRAMENTO) values ('110033','1','validacao_entradas/SIMTX_TYPES/Agendamento/V1/Agendamento.xsd','servico/Agendamento/V1/agendamento_Req.xsl','validacao_entradas/SIMTX_TYPES/Agendamento/V1/Agendamento.xsd','servico/Agendamento/V1/agendamento_Resp.xsl',to_date('01/02/18 16:28:00','DD/MM/RR HH24:MI:SS'),'1','1','1.0');
Insert into MTX.MTXTB011_VERSAO_SERVICO (NU_SERVICO_001,NU_VERSAO_SERVICO,DE_XSD_REQUISICAO,DE_XSLT_REQUISICAO,DE_XSD_RESPOSTA,DE_XSLT_RESPOSTA,DH_ATUALIZACAO,IC_STCO_VRSO_SRVCO,IC_SERVICO_MIGRADO,CO_VERSAO_BARRAMENTO) values ('110025','1','validacao_entradas/SIMTX_TYPES/Cancela_Transacao_Assinatura_Multipla/V1/Cancela_Transacao_Assinatura_Multipla.xsd','servico/Cancela_Assinatura/V1/Cancela_Assinatura_Req.xsl','Cancela_Transacao_Assinatura_Multipla/V1/Cancela_Transacao_Assinatura_Multipla.xsd','servico/Cancela_Assinatura/V1/Cancela_Assinatura_Resp.xsl',to_date('01/02/18 19:34:37','DD/MM/RR HH24:MI:SS'),'1','0','1.0');
Insert into MTX.MTXTB011_VERSAO_SERVICO (NU_SERVICO_001,NU_VERSAO_SERVICO,DE_XSD_REQUISICAO,DE_XSLT_REQUISICAO,DE_XSD_RESPOSTA,DE_XSLT_RESPOSTA,DH_ATUALIZACAO,IC_STCO_VRSO_SRVCO,IC_SERVICO_MIGRADO,CO_VERSAO_BARRAMENTO) values ('110030','1','validacao_entradas/SIMTX_TYPES/Manutencao_Cheque/V1/Contra_Ordem_Cheques.xsd','servico/Contra_Ordem_Cheques/V1/Contra_Ordem_Cheque_Req.xsl','validacao_entradas/SIMTX_TYPES/Manutencao_Cheque/V1/Contra_Ordem_Cheque.xsd','servico/Contra_Ordem_Cheques/V1/Contra_Ordem_Cheque_Resp.xsl',to_date('19/01/18 18:13:22','DD/MM/RR HH24:MI:SS'),'1','1','1.0');
Insert into MTX.MTXTB011_VERSAO_SERVICO (NU_SERVICO_001,NU_VERSAO_SERVICO,DE_XSD_REQUISICAO,DE_XSLT_REQUISICAO,DE_XSD_RESPOSTA,DE_XSLT_RESPOSTA,DH_ATUALIZACAO,IC_STCO_VRSO_SRVCO,IC_SERVICO_MIGRADO,CO_VERSAO_BARRAMENTO) values ('110043','1','validacao_entradas/SIMTX_TYPES/Desfazimento/V1/Desfazimento.xsd','servico/Desfazimento/V1/desfazimento_Req.xsl','validacao_entradas/SIMTX_TYPES/Desfazimento/V1/Desfazimento.xsd','servico/Desfazimento/V1/desfazimento_Resp.xsl',to_date('22/05/18 15:20:02','DD/MM/RR HH24:MI:SS'),'1','1','1.0');
Insert into MTX.MTXTB011_VERSAO_SERVICO (NU_SERVICO_001,NU_VERSAO_SERVICO,DE_XSD_REQUISICAO,DE_XSLT_REQUISICAO,DE_XSD_RESPOSTA,DE_XSLT_RESPOSTA,DH_ATUALIZACAO,IC_STCO_VRSO_SRVCO,IC_SERVICO_MIGRADO,CO_VERSAO_BARRAMENTO) values ('110038','1','validacao_entradas/SIMTX_TYPES/Valida_Boleto/V1/Valida_Boleto.xsd','servico/Valida_Boleto/V1/validaBoleto_Req.xsl','validacao_entradas/SIMTX_TYPES/Valida_Boleto/V1/Valida_Boleto.xsd','servico/Valida_Boleto/V1/validaBoleto_Resp.xsl',to_date('29/03/18 17:45:38','DD/MM/RR HH24:MI:SS'),'1','1','1.0');
Insert into MTX.MTXTB011_VERSAO_SERVICO (NU_SERVICO_001,NU_VERSAO_SERVICO,DE_XSD_REQUISICAO,DE_XSLT_REQUISICAO,DE_XSD_RESPOSTA,DE_XSLT_RESPOSTA,DH_ATUALIZACAO,IC_STCO_VRSO_SRVCO,IC_SERVICO_MIGRADO,CO_VERSAO_BARRAMENTO) values ('110044','1','validacao_entradas/SIMTX_TYPES/Consulta_Extrato/V1/Consulta_Extrato.xsd','servico/Consulta_Extrato/V1/consultaExtrato_Req.xsl','validacao_entradas/SIMTX_TYPES/Consulta_Extrato/V1/Consulta_Extrato.xsd','servico/Consulta_Extrato/V1/consultaExtrato_Resp.xsl',to_date('05/06/18 15:49:38','DD/MM/RR HH24:MI:SS'),'1','1','1.6');
Insert into MTX.MTXTB011_VERSAO_SERVICO (NU_SERVICO_001,NU_VERSAO_SERVICO,DE_XSD_REQUISICAO,DE_XSLT_REQUISICAO,DE_XSD_RESPOSTA,DE_XSLT_RESPOSTA,DH_ATUALIZACAO,IC_STCO_VRSO_SRVCO,IC_SERVICO_MIGRADO,CO_VERSAO_BARRAMENTO) values ('110036','1','validacao_entradas/SIMTX_TYPES/Lista_Agendamentos_Transacoes/V1/Lista_Agendamentos_Transacoes.xsd','servico/Lista_Agendamentos_Transacoes/V1/listaAgendamentosTransacoes_Req.xsl','validacao_entradas/SIMTX_TYPES/Lista_Agendamentos_Transacoes/V1/Lista_Agendamentos_Transacoes.xsd','servico/Lista_Agendamentos_Transacoes/V1/listaAgendamentosTransacoes_Resp.xsl',to_date('14/03/18 13:35:36','DD/MM/RR HH24:MI:SS'),'1','1','1.0');
Insert into MTX.MTXTB011_VERSAO_SERVICO (NU_SERVICO_001,NU_VERSAO_SERVICO,DE_XSD_REQUISICAO,DE_XSLT_REQUISICAO,DE_XSD_RESPOSTA,DE_XSLT_RESPOSTA,DH_ATUALIZACAO,IC_STCO_VRSO_SRVCO,IC_SERVICO_MIGRADO,CO_VERSAO_BARRAMENTO) values ('110041','1','validacao_entradas/SIMTX_TYPES/Detalhe_Agendamento_Transacao/Boleto/V1/Detalhe_Agendamento_Boleto.xsd','servico/Detalhe_Agendamento_Transacao/V1/detalheAgendamentoTransacao_Req.xsl','validacao_entradas/SIMTX_TYPES/Detalhe_Agendamento_Transacao/Boleto/V1/Detalhe_Agendamento_Boleto.xsd','servico/Detalhe_Agendamento_Transacao/V1/detalheAgendamentoTransacao_Resp.xsl',to_date('12/04/18 17:14:35','DD/MM/RR HH24:MI:SS'),'1','1','1.0');
Insert into MTX.MTXTB011_VERSAO_SERVICO (NU_SERVICO_001,NU_VERSAO_SERVICO,DE_XSD_REQUISICAO,DE_XSLT_REQUISICAO,DE_XSD_RESPOSTA,DE_XSLT_RESPOSTA,DH_ATUALIZACAO,IC_STCO_VRSO_SRVCO,IC_SERVICO_MIGRADO,CO_VERSAO_BARRAMENTO) values ('110024','1','validacao_entradas/SIMTX_TYPES/Detalhe_Transacao_Pendente_Assinatura/V1/Detalhe_Transacao_Pendente_Assinatura.xsd','-','validacao_entradas\SIMTX_TYPES\Detalhe_Transacao_Pendente_Assinatura\V1\Detalhe_Transacao_Pendente_Assinatura.xsd','servico/Detalhe_Transacao_Pendente_Assinatura/V1/Detalhe_Transacao_Pendente_Resp.xsl',to_date('01/02/18 17:37:51','DD/MM/RR HH24:MI:SS'),'1','1','1.0');
Insert into MTX.MTXTB011_VERSAO_SERVICO (NU_SERVICO_001,NU_VERSAO_SERVICO,DE_XSD_REQUISICAO,DE_XSLT_REQUISICAO,DE_XSD_RESPOSTA,DE_XSLT_RESPOSTA,DH_ATUALIZACAO,IC_STCO_VRSO_SRVCO,IC_SERVICO_MIGRADO,CO_VERSAO_BARRAMENTO) values ('110035','1','validacao_entradas/SIMTX_TYPES/Pagamento_Boleto/V1/Efetiva_Agendamento_Boleto.xsd','servico/Efetiva_Agendamento/Boleto/V1/efetivaAgendamentoBoletoNPC_Req.xsl','validacao_entradas/SIMTX_TYPES/Pagamento_Boleto/V1/Efetiva_Agendamento_Boleto.xsd','servico/Efetiva_Agendamento/Boleto/V1/efetivaAgendamentoBoletoNPC_Resp.xsl',to_date('08/03/18 20:50:27','DD/MM/RR HH24:MI:SS'),'1','1','1.0');
Insert into MTX.MTXTB011_VERSAO_SERVICO (NU_SERVICO_001,NU_VERSAO_SERVICO,DE_XSD_REQUISICAO,DE_XSLT_REQUISICAO,DE_XSD_RESPOSTA,DE_XSLT_RESPOSTA,DH_ATUALIZACAO,IC_STCO_VRSO_SRVCO,IC_SERVICO_MIGRADO,CO_VERSAO_BARRAMENTO) values ('110037','1','validacao_entradas/SIMTX_TYPES/Cancelamento_Agendamento/Boleto/V1/Cancelamento_Agendamento.xsd','servico/Cancelamento_Agendamento/Boleto/V1/cancelamentoAgendamento_Req.xsl','validacao_entradas/SIMTX_TYPES/Cancelamento_Agendamento/Boleto/V1/Cancelamento_Agendamento.xsd','servico/Cancelamento_Agendamento/Boleto/V1/cancelamentoAgendamento_Resp.xsl',to_date('08/03/18 20:50:27','DD/MM/RR HH24:MI:SS'),'1','1','1.0');
Insert into MTX.MTXTB011_VERSAO_SERVICO (NU_SERVICO_001,NU_VERSAO_SERVICO,DE_XSD_REQUISICAO,DE_XSLT_REQUISICAO,DE_XSD_RESPOSTA,DE_XSLT_RESPOSTA,DH_ATUALIZACAO,IC_STCO_VRSO_SRVCO,IC_SERVICO_MIGRADO,CO_VERSAO_BARRAMENTO) values ('110029','1','validacao_entradas/SIMTX_TYPES/Consulta_Boleto_Pagamento/V1/Consulta_Boleto_Pagamento.xsd','servico/Consulta_Boleto_Pagamento/V1/consultaBoletoPagamento_Req.xsl','validacao_entradas/SIMTX_TYPES/Consulta_Boleto_Pagamento/V1/Consulta_Boleto_Pagamento.xsd','servico/Consulta_Boleto_Pagamento/V1/consultaBoletoPagamento_Resp.xsl',to_date('28/03/18 15:03:15','DD/MM/RR HH24:MI:SS'),'1','1','1.0');
Insert into MTX.MTXTB011_VERSAO_SERVICO (NU_SERVICO_001,NU_VERSAO_SERVICO,DE_XSD_REQUISICAO,DE_XSLT_REQUISICAO,DE_XSD_RESPOSTA,DE_XSLT_RESPOSTA,DH_ATUALIZACAO,IC_STCO_VRSO_SRVCO,IC_SERVICO_MIGRADO,CO_VERSAO_BARRAMENTO) values ('110021','1','validacao_entradas/SIMTX_TYPES/V1/ConsultaCadastroPositivo.xsd','servico/V1/consultaCadastroPositivo_Req.xsl','validacao_entradas/SIMTX_TYPES/V1/ConsultaCadastroPositivo.xsd','servico/V1/consultaCadastroPositivo_Resp.xsl',to_date('29/08/17 16:53:39','DD/MM/RR HH24:MI:SS'),'1','0','1');
Insert into MTX.MTXTB011_VERSAO_SERVICO (NU_SERVICO_001,NU_VERSAO_SERVICO,DE_XSD_REQUISICAO,DE_XSLT_REQUISICAO,DE_XSD_RESPOSTA,DE_XSLT_RESPOSTA,DH_ATUALIZACAO,IC_STCO_VRSO_SRVCO,IC_SERVICO_MIGRADO,CO_VERSAO_BARRAMENTO) values ('110027','1','validacao_entradas/SIMTX_TYPES/Detalhe_Comprovante_Transacao/Boleto/V1/Detalhe_Comprovante_Boleto.xsd','servico/Detalhe_Comprovante_Transacao/V1/detalheComprovanteTransacao_Req.xsl','validacao_entradas/SIMTX_TYPES/Detalhe_Comprovante_Transacao/Boleto/V1/Detalhe_Comprovante_Boleto.xsd','servico/Detalhe_Comprovante_Transacao/V1/detalheComprovanteTransacao_Resp.xsl',to_date('19/02/18 16:45:59','DD/MM/RR HH24:MI:SS'),'1','1','1.0');
Insert into MTX.MTXTB011_VERSAO_SERVICO (NU_SERVICO_001,NU_VERSAO_SERVICO,DE_XSD_REQUISICAO,DE_XSLT_REQUISICAO,DE_XSD_RESPOSTA,DE_XSLT_RESPOSTA,DH_ATUALIZACAO,IC_STCO_VRSO_SRVCO,IC_SERVICO_MIGRADO,CO_VERSAO_BARRAMENTO) values ('110040','1','validacao_entradas/SIMTX_TYPES/Pagamento_Boleto/V1/Efetiva_Agendamento_Boleto.xsd','servico/Efetiva_Agendamento/Boleto/V1/efetivaAgendamentoBoleto_Req.xsl','validacao_entradas/SIMTX_TYPES/Pagamento_Boleto/V1/Efetiva_Agendamento_Boleto.xsd','servico/Efetiva_Agendamento/Boleto/V1/efetivaAgendamentoBoleto_Resp.xsl',to_date('09/04/18 19:15:10','DD/MM/RR HH24:MI:SS'),'1','1','1.0');
Insert into MTX.MTXTB011_VERSAO_SERVICO (NU_SERVICO_001,NU_VERSAO_SERVICO,DE_XSD_REQUISICAO,DE_XSLT_REQUISICAO,DE_XSD_RESPOSTA,DE_XSLT_RESPOSTA,DH_ATUALIZACAO,IC_STCO_VRSO_SRVCO,IC_SERVICO_MIGRADO,CO_VERSAO_BARRAMENTO) values ('110042','1','validacao_entradas/SIMTX_TYPES/Cancelamento_Agendamento_Web/V1/Cancelamento_Agendamento_Web.xsd','servico/Cancelamento_Agendamento_Web/Boleto/V1/cancelamentoAgendamentoWeb_Req.xsl','validacao_entradas/SIMTX_TYPES/Cancelamento_Agendamento_Web/V1/Cancelamento_Agendamento_Web.xsd','servico/Cancelamento_Agendamento_Web/Boleto/V1/cancelamentoAgendamentoWeb_Resp.xsl',to_date('09/05/18 15:39:54','DD/MM/RR HH24:MI:SS'),'1','1','1.0');
Insert into MTX.MTXTB011_VERSAO_SERVICO (NU_SERVICO_001,NU_VERSAO_SERVICO,DE_XSD_REQUISICAO,DE_XSLT_REQUISICAO,DE_XSD_RESPOSTA,DE_XSLT_RESPOSTA,DH_ATUALIZACAO,IC_STCO_VRSO_SRVCO,IC_SERVICO_MIGRADO,CO_VERSAO_BARRAMENTO) values ('110034','1','validacao_entradas/SIMTX_TYPES/Cancelamento_Pagamento/V1/Cancelamento.xsd','servico/Cancelamento_Boleto/V1/Cancelamento_Boleto_Req.xsl','validacao_entradas/SIMTX_TYPES/Cancelamento_Pagamento/V1/Cancelamento.xsd','servico/Cancelamento_Boleto/V1/Cancelamento_Boleto_Resp.xsl',to_date('14/05/18 18:48:11','DD/MM/RR HH24:MI:SS'),'1','1','1.0');

-- ******************* TAREFAS  *********************** --
Insert into MTX.MTXTB002_TAREFA (NU_TAREFA,NO_TAREFA,DH_ATUALIZACAO,IC_TIPO_TAREFA,IC_TAREFA_FINANCEIRA,NO_SERVICO_BARRAMENTO,NO_OPERACAO_BARRAMENTO) values ('100068','Valida Regras Boleto',to_date('28/03/18 11:39:28','DD/MM/RR HH24:MI:SS'),'2','0','valida_regras_boleto','VALIDA_REGRAS_BOLETO');
Insert into MTX.MTXTB002_TAREFA (NU_TAREFA,NO_TAREFA,DH_ATUALIZACAO,IC_TIPO_TAREFA,IC_TAREFA_FINANCEIRA,NO_SERVICO_BARRAMENTO,NO_OPERACAO_BARRAMENTO) values ('100067','Consulta Conta',to_date('28/03/18 12:05:40','DD/MM/RR HH24:MI:SS'),'2','0','consulta_conta_sid09','CONSULTA_CONTA');
Insert into MTX.MTXTB002_TAREFA (NU_TAREFA,NO_TAREFA,DH_ATUALIZACAO,IC_TIPO_TAREFA,IC_TAREFA_FINANCEIRA,NO_SERVICO_BARRAMENTO,NO_OPERACAO_BARRAMENTO) values ('100072','Desfaz Debito Transacional',to_date('28/06/18 16:39:59','DD/MM/RR HH24:MI:SS'),'2','0','solicitacao_debito','DESFAZIMENTO');
Insert into MTX.MTXTB002_TAREFA (NU_TAREFA,NO_TAREFA,DH_ATUALIZACAO,IC_TIPO_TAREFA,IC_TAREFA_FINANCEIRA,NO_SERVICO_BARRAMENTO,NO_OPERACAO_BARRAMENTO) values ('100051','Consulta Banco',to_date('22/01/18 12:28:13','DD/MM/RR HH24:MI:SS'),'2','0','banco_agencia','OBTER_BANCO');
Insert into MTX.MTXTB002_TAREFA (NU_TAREFA,NO_TAREFA,DH_ATUALIZACAO,IC_TIPO_TAREFA,IC_TAREFA_FINANCEIRA,NO_SERVICO_BARRAMENTO,NO_OPERACAO_BARRAMENTO) values ('100052','Consulta Feriado',to_date('22/01/18 12:28:14','DD/MM/RR HH24:MI:SS'),'2','0','rotinas_uso_comum','CONSULTA_FERIADO');
Insert into MTX.MTXTB002_TAREFA (NU_TAREFA,NO_TAREFA,DH_ATUALIZACAO,IC_TIPO_TAREFA,IC_TAREFA_FINANCEIRA,NO_SERVICO_BARRAMENTO,NO_OPERACAO_BARRAMENTO) values ('100053','Valida Funcionalidades Especiais',to_date('22/01/18 12:28:15','DD/MM/RR HH24:MI:SS'),'2','1','consulta_conta_sid09','VALIDA_FUNCIONALIDADES_ESPECIAIS_IMPEDITIVAS');
Insert into MTX.MTXTB002_TAREFA (NU_TAREFA,NO_TAREFA,DH_ATUALIZACAO,IC_TIPO_TAREFA,IC_TAREFA_FINANCEIRA,NO_SERVICO_BARRAMENTO,NO_OPERACAO_BARRAMENTO) values ('100054','Valida Limite',to_date('22/01/18 12:28:16','DD/MM/RR HH24:MI:SS'),'2','0','controle_limite','CONSULTA');
Insert into MTX.MTXTB002_TAREFA (NU_TAREFA,NO_TAREFA,DH_ATUALIZACAO,IC_TIPO_TAREFA,IC_TAREFA_FINANCEIRA,NO_SERVICO_BARRAMENTO,NO_OPERACAO_BARRAMENTO) values ('100057','Debito Conta',to_date('22/01/18 12:28:17','DD/MM/RR HH24:MI:SS'),'2','1','solicitacao_debito','SOLICITACAO');
Insert into MTX.MTXTB002_TAREFA (NU_TAREFA,NO_TAREFA,DH_ATUALIZACAO,IC_TIPO_TAREFA,IC_TAREFA_FINANCEIRA,NO_SERVICO_BARRAMENTO,NO_OPERACAO_BARRAMENTO) values ('100058','Efetiva Limite',to_date('22/01/18 12:28:18','DD/MM/RR HH24:MI:SS'),'2','1','controle_limite','EFETIVACAO');
Insert into MTX.MTXTB002_TAREFA (NU_TAREFA,NO_TAREFA,DH_ATUALIZACAO,IC_TIPO_TAREFA,IC_TAREFA_FINANCEIRA,NO_SERVICO_BARRAMENTO,NO_OPERACAO_BARRAMENTO) values ('100059','Baixa Operacional',to_date('22/01/18 12:28:19','DD/MM/RR HH24:MI:SS'),'2','1','manutencao_cobranca_bancaria','BAIXA_OPERACIONAL');
Insert into MTX.MTXTB002_TAREFA (NU_TAREFA,NO_TAREFA,DH_ATUALIZACAO,IC_TIPO_TAREFA,IC_TAREFA_FINANCEIRA,NO_SERVICO_BARRAMENTO,NO_OPERACAO_BARRAMENTO) values ('100060','Valida Conta',to_date('22/01/18 12:28:20','DD/MM/RR HH24:MI:SS'),'2','1','consulta_conta_sid09','VALIDA_CONTA');
Insert into MTX.MTXTB002_TAREFA (NU_TAREFA,NO_TAREFA,DH_ATUALIZACAO,IC_TIPO_TAREFA,IC_TAREFA_FINANCEIRA,NO_SERVICO_BARRAMENTO,NO_OPERACAO_BARRAMENTO) values ('100045','Lista de transações pendentes de assinatura',to_date('13/10/17 16:51:21','DD/MM/RR HH24:MI:SS'),'2','0','consulta_assinatura_eletronica','LISTA_TRANSACOES_PENDENTES');
Insert into MTX.MTXTB002_TAREFA (NU_TAREFA,NO_TAREFA,DH_ATUALIZACAO,IC_TIPO_TAREFA,IC_TAREFA_FINANCEIRA,NO_SERVICO_BARRAMENTO,NO_OPERACAO_BARRAMENTO) values ('100014','Consulta Saldo',to_date('03/01/18 17:55:18','DD/MM/RR HH24:MI:SS'),'2','0','consulta_saldo','CONSULTA_SALDO');
Insert into MTX.MTXTB002_TAREFA (NU_TAREFA,NO_TAREFA,DH_ATUALIZACAO,IC_TIPO_TAREFA,IC_TAREFA_FINANCEIRA,NO_SERVICO_BARRAMENTO,NO_OPERACAO_BARRAMENTO) values ('100025','Valida Cartao Comercial',to_date('03/01/18 17:55:21','DD/MM/RR HH24:MI:SS'),'3','0','valida_cartao','CARTAO_COMERCIAL');
Insert into MTX.MTXTB002_TAREFA (NU_TAREFA,NO_TAREFA,DH_ATUALIZACAO,IC_TIPO_TAREFA,IC_TAREFA_FINANCEIRA,NO_SERVICO_BARRAMENTO,NO_OPERACAO_BARRAMENTO) values ('100046','Detalhe de Transação Pendente de Assinatura',to_date('01/02/18 18:08:22','DD/MM/RR HH24:MI:SS'),'2','0','consulta_assinatura_eletronica','DETALHE_TRANSACAO_PENDENTE');
Insert into MTX.MTXTB002_TAREFA (NU_TAREFA,NO_TAREFA,DH_ATUALIZACAO,IC_TIPO_TAREFA,IC_TAREFA_FINANCEIRA,NO_SERVICO_BARRAMENTO,NO_OPERACAO_BARRAMENTO) values ('100064','Lista de Transações SIAUT',to_date('14/03/18 14:43:06','DD/MM/RR HH24:MI:SS'),'2','0','consulta_transacoes_conta','RESUMO');
Insert into MTX.MTXTB002_TAREFA (NU_TAREFA,NO_TAREFA,DH_ATUALIZACAO,IC_TIPO_TAREFA,IC_TAREFA_FINANCEIRA,NO_SERVICO_BARRAMENTO,NO_OPERACAO_BARRAMENTO) values ('100065','Detalhe de Transacão SIAUT',to_date('14/03/18 14:43:12','DD/MM/RR HH24:MI:SS'),'2','0','consulta_transacoes_conta','DETALHE');
Insert into MTX.MTXTB002_TAREFA (NU_TAREFA,NO_TAREFA,DH_ATUALIZACAO,IC_TIPO_TAREFA,IC_TAREFA_FINANCEIRA,NO_SERVICO_BARRAMENTO,NO_OPERACAO_BARRAMENTO) values ('100043','Valida Assinatura Simples',to_date('06/12/17 18:12:38','DD/MM/RR HH24:MI:SS'),'3','0','valida_permissao','ASSINATURA_SIMPLES');
Insert into MTX.MTXTB002_TAREFA (NU_TAREFA,NO_TAREFA,DH_ATUALIZACAO,IC_TIPO_TAREFA,IC_TAREFA_FINANCEIRA,NO_SERVICO_BARRAMENTO,NO_OPERACAO_BARRAMENTO) values ('100048','Lista Comprovantes Transações',to_date('20/02/18 10:55:22','DD/MM/RR HH24:MI:SS'),'2','0','consulta_lista_transacoes','CONSULTA_LISTA_TRANSACOES');
Insert into MTX.MTXTB002_TAREFA (NU_TAREFA,NO_TAREFA,DH_ATUALIZACAO,IC_TIPO_TAREFA,IC_TAREFA_FINANCEIRA,NO_SERVICO_BARRAMENTO,NO_OPERACAO_BARRAMENTO) values ('100056','Valida Assinatura Múltipla (Meio de Entrada)',to_date('19/01/18 18:46:20','DD/MM/RR HH24:MI:SS'),'3','0','valida_permissao','ASSINATURA_MULTIPLA');
Insert into MTX.MTXTB002_TAREFA (NU_TAREFA,NO_TAREFA,DH_ATUALIZACAO,IC_TIPO_TAREFA,IC_TAREFA_FINANCEIRA,NO_SERVICO_BARRAMENTO,NO_OPERACAO_BARRAMENTO) values ('100055','Contraordem de Cheques',to_date('23/03/18 16:55:58','DD/MM/RR HH24:MI:SS'),'2','0','manutencao_cheque','CONTRAORDEM');
Insert into MTX.MTXTB002_TAREFA (NU_TAREFA,NO_TAREFA,DH_ATUALIZACAO,IC_TIPO_TAREFA,IC_TAREFA_FINANCEIRA,NO_SERVICO_BARRAMENTO,NO_OPERACAO_BARRAMENTO) values ('100079','Desfaz Limite',to_date('22/05/18 15:22:11','DD/MM/RR HH24:MI:SS'),'2','1','controle_limite','DESFAZIMENTO');
Insert into MTX.MTXTB002_TAREFA (NU_TAREFA,NO_TAREFA,DH_ATUALIZACAO,IC_TIPO_TAREFA,IC_TAREFA_FINANCEIRA,NO_SERVICO_BARRAMENTO,NO_OPERACAO_BARRAMENTO) values ('100066','Calcula Boleto',to_date('23/03/18 15:25:24','DD/MM/RR HH24:MI:SS'),'2','0','rotinas_uso_comum','CALCULA_BOLETO');
Insert into MTX.MTXTB002_TAREFA (NU_TAREFA,NO_TAREFA,DH_ATUALIZACAO,IC_TIPO_TAREFA,IC_TAREFA_FINANCEIRA,NO_SERVICO_BARRAMENTO,NO_OPERACAO_BARRAMENTO) values ('100069','Consulta Regras Boleto',to_date('23/03/18 15:26:01','DD/MM/RR HH24:MI:SS'),'2','0','consulta_regras_boleto','CONSULTA_REGRAS_BOLETO');
Insert into MTX.MTXTB002_TAREFA (NU_TAREFA,NO_TAREFA,DH_ATUALIZACAO,IC_TIPO_TAREFA,IC_TAREFA_FINANCEIRA,NO_SERVICO_BARRAMENTO,NO_OPERACAO_BARRAMENTO) values ('100050','Consulta Cobrança Bancária',to_date('09/02/18 15:25:45','DD/MM/RR HH24:MI:SS'),'2','0','consulta_cobranca_bancaria','CONSULTA_BOLETO_PAGAMENTO');
Insert into MTX.MTXTB002_TAREFA (NU_TAREFA,NO_TAREFA,DH_ATUALIZACAO,IC_TIPO_TAREFA,IC_TAREFA_FINANCEIRA,NO_SERVICO_BARRAMENTO,NO_OPERACAO_BARRAMENTO) values ('100071','Consulta Extrato',to_date('05/06/18 15:49:38','DD/MM/RR HH24:MI:SS'),'2','0','extrato','CONSULTA');
Insert into MTX.MTXTB002_TAREFA (NU_TAREFA,NO_TAREFA,DH_ATUALIZACAO,IC_TIPO_TAREFA,IC_TAREFA_FINANCEIRA,NO_SERVICO_BARRAMENTO,NO_OPERACAO_BARRAMENTO) values ('100061','Desfaz Limite',to_date('08/03/18 20:51:09','DD/MM/RR HH24:MI:SS'),'2','2','controle_limite','DESFAZIMENTO');
Insert into MTX.MTXTB002_TAREFA (NU_TAREFA,NO_TAREFA,DH_ATUALIZACAO,IC_TIPO_TAREFA,IC_TAREFA_FINANCEIRA,NO_SERVICO_BARRAMENTO,NO_OPERACAO_BARRAMENTO) values ('100040','Valida Permissão',to_date('29/08/17 16:53:46','DD/MM/RR HH24:MI:SS'),'3','0','valida_permissao','VALIDA_PERMISSAO');
Insert into MTX.MTXTB002_TAREFA (NU_TAREFA,NO_TAREFA,DH_ATUALIZACAO,IC_TIPO_TAREFA,IC_TAREFA_FINANCEIRA,NO_SERVICO_BARRAMENTO,NO_OPERACAO_BARRAMENTO) values ('100042','Consulta Cadastro Positivo',to_date('29/08/17 16:53:46','DD/MM/RR HH24:MI:SS'),'2','0','consulta_cadastro_positivo','CONSULTA_SITUACAO_SOLICITACAO');
Insert into MTX.MTXTB002_TAREFA (NU_TAREFA,NO_TAREFA,DH_ATUALIZACAO,IC_TIPO_TAREFA,IC_TAREFA_FINANCEIRA,NO_SERVICO_BARRAMENTO,NO_OPERACAO_BARRAMENTO) values ('100029','Valida Senha Conta',to_date('22/01/18 15:37:46','DD/MM/RR HH24:MI:SS'),'3','0','valida_senha','SENHA_CONTA');
Insert into MTX.MTXTB002_TAREFA (NU_TAREFA,NO_TAREFA,DH_ATUALIZACAO,IC_TIPO_TAREFA,IC_TAREFA_FINANCEIRA,NO_SERVICO_BARRAMENTO,NO_OPERACAO_BARRAMENTO) values ('100049','Detalhe Comprovante Transação',to_date('19/02/18 16:46:00','DD/MM/RR HH24:MI:SS'),'2','0','detalhe_transacao','DETALHE_TRANSACAO');
Insert into MTX.MTXTB002_TAREFA (NU_TAREFA,NO_TAREFA,DH_ATUALIZACAO,IC_TIPO_TAREFA,IC_TAREFA_FINANCEIRA,NO_SERVICO_BARRAMENTO,NO_OPERACAO_BARRAMENTO) values ('100062','Desfaz Debito',to_date('14/05/18 00:00:00','DD/MM/RR HH24:MI:SS'),'2','1','solicitacao_debito','DESFAZIMENTO');
Insert into MTX.MTXTB002_TAREFA (NU_TAREFA,NO_TAREFA,DH_ATUALIZACAO,IC_TIPO_TAREFA,IC_TAREFA_FINANCEIRA,NO_SERVICO_BARRAMENTO,NO_OPERACAO_BARRAMENTO) values ('100063','Cancela Baixa Operacional',to_date('14/05/18 00:00:00','DD/MM/RR HH24:MI:SS'),'2','1','manutencao_cobranca_bancaria','CANCELAMENTO_BAIXA_OPERACIONAL');

-- ******************* VERSAO TAREFAS  *********************** --
Insert into MTX.MTXTB012_VERSAO_TAREFA (NU_TAREFA_002,NU_VERSAO_TAREFA,NU_TAREFA_DESFAZIMENTO_012,NU_VERSAO_TAREFA_DSFZO_012,IC_SITUACAO,IC_PARALELISMO,IC_ASSINCRONO,DE_XSD_REQUISICAO,DE_XSLT_REQUISICAO,DE_XSD_RESPOSTA,DE_XSLT_RESPOSTA,DH_ATUALIZACAO,DE_XSLT_PARAMETRO,CO_VERSAO_BARRAMENTO) values ('100072','1',null,null,'1','0','1','-','negocial/Desfaz_Debito_Transacional/V1/Desfaz_Debito_Req.xsl','-','negocial/Desfaz_Debito_Transacional/V1/Desfaz_Debito_Resp.xsl',to_date('28/06/18 16:40:00','DD/MM/RR HH24:MI:SS'),null,'1.0');
Insert into MTX.MTXTB012_VERSAO_TAREFA (NU_TAREFA_002,NU_VERSAO_TAREFA,NU_TAREFA_DESFAZIMENTO_012,NU_VERSAO_TAREFA_DSFZO_012,IC_SITUACAO,IC_PARALELISMO,IC_ASSINCRONO,DE_XSD_REQUISICAO,DE_XSLT_REQUISICAO,DE_XSD_RESPOSTA,DE_XSLT_RESPOSTA,DH_ATUALIZACAO,DE_XSLT_PARAMETRO,CO_VERSAO_BARRAMENTO) values ('100068','1',null,null,'1','0','1','validacao_entradas/SIMTX_TYPES/Valida_Regras_Boleto/V1/Valida_Regras_Boleto.xsd','negocial/Valida_Regras_Boleto/V1/Valida_Regras_Boleto_Req.xsl','validacao_entradas/SIMTX_TYPES/Valida_Regras_Boleto/V1/Valida_Regras_Boleto.xsd','negocial/Valida_Regras_Boleto/V1/Valida_Regras_Boleto_Resp.xsl',to_date('28/03/18 11:39:37','DD/MM/RR HH24:MI:SS'),null,'1.0');
Insert into MTX.MTXTB012_VERSAO_TAREFA (NU_TAREFA_002,NU_VERSAO_TAREFA,NU_TAREFA_DESFAZIMENTO_012,NU_VERSAO_TAREFA_DSFZO_012,IC_SITUACAO,IC_PARALELISMO,IC_ASSINCRONO,DE_XSD_REQUISICAO,DE_XSLT_REQUISICAO,DE_XSD_RESPOSTA,DE_XSLT_RESPOSTA,DH_ATUALIZACAO,DE_XSLT_PARAMETRO,CO_VERSAO_BARRAMENTO) values ('100067','1',null,null,'1','0','1','validacao_entradas/SIBAR/NEGOCIAL/V1/Consulta_Conta_SID09-3.2.xsd','negocial/Consulta_Conta/V1/consultaConta_Req.xsl','validacao_entradas/SIBAR/NEGOCIAL/V1/Consulta_Conta_SID09-3.2.xsd','negocial/Consulta_Conta/V1/consultaConta_Resp.xsl',to_date('28/03/18 12:05:42','DD/MM/RR HH24:MI:SS'),null,'3.2');
Insert into MTX.MTXTB012_VERSAO_TAREFA (NU_TAREFA_002,NU_VERSAO_TAREFA,NU_TAREFA_DESFAZIMENTO_012,NU_VERSAO_TAREFA_DSFZO_012,IC_SITUACAO,IC_PARALELISMO,IC_ASSINCRONO,DE_XSD_REQUISICAO,DE_XSLT_REQUISICAO,DE_XSD_RESPOSTA,DE_XSLT_RESPOSTA,DH_ATUALIZACAO,DE_XSLT_PARAMETRO,CO_VERSAO_BARRAMENTO) values ('100051','1',null,null,'1','0','1','validacao_entradas/SIBAR/NEGOCIAL/V1/Consulta_Banco.xsd','negocial/Consulta_Banco/V1/consultaBanco_Req.xsl','validacao_entradas/SIBAR/NEGOCIAL/V1/Consulta_Banco.xsd','negocial/Consulta_Banco/V1/consultaBanco_Resp.xsl',to_date('22/01/18 12:28:23','DD/MM/RR HH24:MI:SS'),null,'05.01');
Insert into MTX.MTXTB012_VERSAO_TAREFA (NU_TAREFA_002,NU_VERSAO_TAREFA,NU_TAREFA_DESFAZIMENTO_012,NU_VERSAO_TAREFA_DSFZO_012,IC_SITUACAO,IC_PARALELISMO,IC_ASSINCRONO,DE_XSD_REQUISICAO,DE_XSLT_REQUISICAO,DE_XSD_RESPOSTA,DE_XSLT_RESPOSTA,DH_ATUALIZACAO,DE_XSLT_PARAMETRO,CO_VERSAO_BARRAMENTO) values ('100052','1',null,null,'1','0','1','validacao_entradas/SIBAR/NEGOCIAL/V1/Consulta_Feriado.xsd','negocial/Consulta_Feriado/V1/consultaFeriado_Req.xsl','validacao_entradas/SIBAR/NEGOCIAL/V1/Consulta_Feriado.xsd','negocial/Consulta_Feriado/V1/consultaFeriado_Resp.xsl',to_date('22/01/18 12:28:26','DD/MM/RR HH24:MI:SS'),null,'1.0');
Insert into MTX.MTXTB012_VERSAO_TAREFA (NU_TAREFA_002,NU_VERSAO_TAREFA,NU_TAREFA_DESFAZIMENTO_012,NU_VERSAO_TAREFA_DSFZO_012,IC_SITUACAO,IC_PARALELISMO,IC_ASSINCRONO,DE_XSD_REQUISICAO,DE_XSLT_REQUISICAO,DE_XSD_RESPOSTA,DE_XSLT_RESPOSTA,DH_ATUALIZACAO,DE_XSLT_PARAMETRO,CO_VERSAO_BARRAMENTO) values ('100053','1',null,null,'1','0','1','validacao_entradas/SIBAR/NEGOCIAL/V1/Valida_Funcionalidades_Especiais.xsd','negocial/Valida_Func_Especiais/V1/validaFuncEspeciais_Req.xsl','validacao_entradas/SIBAR/NEGOCIAL/V1/Valida_Funcionalidades_Especiais.xsd','negocial/Valida_Func_Especiais/V1/validaFuncEspeciais_Resp.xsl',to_date('22/01/18 12:28:26','DD/MM/RR HH24:MI:SS'),null,'3.2');
Insert into MTX.MTXTB012_VERSAO_TAREFA (NU_TAREFA_002,NU_VERSAO_TAREFA,NU_TAREFA_DESFAZIMENTO_012,NU_VERSAO_TAREFA_DSFZO_012,IC_SITUACAO,IC_PARALELISMO,IC_ASSINCRONO,DE_XSD_REQUISICAO,DE_XSLT_REQUISICAO,DE_XSD_RESPOSTA,DE_XSLT_RESPOSTA,DH_ATUALIZACAO,DE_XSLT_PARAMETRO,CO_VERSAO_BARRAMENTO) values ('100054','1',null,null,'1','0','1','validacao_entradas/SIBAR/NEGOCIAL/V1/Controle_Limite_Consulta.xsd','negocial/Valida_Limite/V1/validaLimite_Req.xsl','validacao_entradas/SIBAR/NEGOCIAL/V1/Controle_Limite_Consulta.xsd','negocial/Valida_Limite/V1/validaLimite_Resp.xsl',to_date('22/01/18 12:28:26','DD/MM/RR HH24:MI:SS'),null,'1');
Insert into MTX.MTXTB012_VERSAO_TAREFA (NU_TAREFA_002,NU_VERSAO_TAREFA,NU_TAREFA_DESFAZIMENTO_012,NU_VERSAO_TAREFA_DSFZO_012,IC_SITUACAO,IC_PARALELISMO,IC_ASSINCRONO,DE_XSD_REQUISICAO,DE_XSLT_REQUISICAO,DE_XSD_RESPOSTA,DE_XSLT_RESPOSTA,DH_ATUALIZACAO,DE_XSLT_PARAMETRO,CO_VERSAO_BARRAMENTO) values ('100057','1','100072','1','1','0','1','validacao_entradas/SIBAR/NEGOCIAL/V1/Solicitacao_Debito.xsd','negocial/Debito_Conta/V1/debitoConta_Req.xsl','validacao_entradas/SIBAR/NEGOCIAL/V1/Solicitacao_Debito.xsd','negocial/Debito_Conta/V1/debitoConta_Resp.xsl',to_date('22/01/18 12:28:26','DD/MM/RR HH24:MI:SS'),null,'1.0');
Insert into MTX.MTXTB012_VERSAO_TAREFA (NU_TAREFA_002,NU_VERSAO_TAREFA,NU_TAREFA_DESFAZIMENTO_012,NU_VERSAO_TAREFA_DSFZO_012,IC_SITUACAO,IC_PARALELISMO,IC_ASSINCRONO,DE_XSD_REQUISICAO,DE_XSLT_REQUISICAO,DE_XSD_RESPOSTA,DE_XSLT_RESPOSTA,DH_ATUALIZACAO,DE_XSLT_PARAMETRO,CO_VERSAO_BARRAMENTO) values ('100058','1','100079','1','1','0','1','validacao_entradas/SIBAR/NEGOCIAL/V1/Controle_Limite_Efetivacao.xsd','negocial/Efetiva_Limite/V1/efetivaLimite_Req.xsl','validacao_entradas/SIBAR/NEGOCIAL/V1/Controle_Limite_Efetivacao.xsd','negocial/Efetiva_Limite/V1/efetivaLimite_Resp.xsl',to_date('22/01/18 12:28:26','DD/MM/RR HH24:MI:SS'),null,'1');
Insert into MTX.MTXTB012_VERSAO_TAREFA (NU_TAREFA_002,NU_VERSAO_TAREFA,NU_TAREFA_DESFAZIMENTO_012,NU_VERSAO_TAREFA_DSFZO_012,IC_SITUACAO,IC_PARALELISMO,IC_ASSINCRONO,DE_XSD_REQUISICAO,DE_XSLT_REQUISICAO,DE_XSD_RESPOSTA,DE_XSLT_RESPOSTA,DH_ATUALIZACAO,DE_XSLT_PARAMETRO,CO_VERSAO_BARRAMENTO) values ('100059','1',null,null,'1','0','1','validacao_entradas/SIBAR/NEGOCIAL/V1/Manutencao_Cobranca_Bancaria.xsd','negocial/Baixa_Operacional/V1/baixaOperacional_Req.xsl','validacao_entradas/SIBAR/NEGOCIAL/V1/Manutencao_Cobranca_Bancaria.xsd','negocial/Baixa_Operacional/V1/baixaOperacional_Resp.xsl',to_date('22/01/18 12:28:26','DD/MM/RR HH24:MI:SS'),null,'2.0');
Insert into MTX.MTXTB012_VERSAO_TAREFA (NU_TAREFA_002,NU_VERSAO_TAREFA,NU_TAREFA_DESFAZIMENTO_012,NU_VERSAO_TAREFA_DSFZO_012,IC_SITUACAO,IC_PARALELISMO,IC_ASSINCRONO,DE_XSD_REQUISICAO,DE_XSLT_REQUISICAO,DE_XSD_RESPOSTA,DE_XSLT_RESPOSTA,DH_ATUALIZACAO,DE_XSLT_PARAMETRO,CO_VERSAO_BARRAMENTO) values ('100060','1',null,null,'1','0','1','validacao_entradas/SIBAR/MEIOS_DE_ENTRADA/V1/CONSULTA_CONTA_SID09/Consulta_Conta_SID09.xsd','negocial/Valida_Conta/V1/validaConta_Req.xsl','validacao_entradas/SIBAR/MEIOS_DE_ENTRADA/V1/CONSULTA_CONTA_SID09/Consulta_Conta_SID09.xsd','negocial/Valida_Conta/V1/validaConta_Resp.xsl',to_date('22/01/18 12:28:26','DD/MM/RR HH24:MI:SS'),null,'3.2');
Insert into MTX.MTXTB012_VERSAO_TAREFA (NU_TAREFA_002,NU_VERSAO_TAREFA,NU_TAREFA_DESFAZIMENTO_012,NU_VERSAO_TAREFA_DSFZO_012,IC_SITUACAO,IC_PARALELISMO,IC_ASSINCRONO,DE_XSD_REQUISICAO,DE_XSLT_REQUISICAO,DE_XSD_RESPOSTA,DE_XSLT_RESPOSTA,DH_ATUALIZACAO,DE_XSLT_PARAMETRO,CO_VERSAO_BARRAMENTO) values ('100045','1',null,null,'1','0','1','validacao_entradas/SIBAR/NEGOCIAL/V1/ConsultaAssinaturaEletronica.xsd','negocial/V1/consultaAssinaturaEletronica_Req.xsl','validacao_entradas/SIBAR/NEGOCIAL/V1/ConsultaAssinaturaEletronica.xsd','negocial/V1/consultaAssinaturaEletronica_Resp.xsl',to_date('13/10/17 16:52:07','DD/MM/RR HH24:MI:SS'),null,'1.0');
Insert into MTX.MTXTB012_VERSAO_TAREFA (NU_TAREFA_002,NU_VERSAO_TAREFA,NU_TAREFA_DESFAZIMENTO_012,NU_VERSAO_TAREFA_DSFZO_012,IC_SITUACAO,IC_PARALELISMO,IC_ASSINCRONO,DE_XSD_REQUISICAO,DE_XSLT_REQUISICAO,DE_XSD_RESPOSTA,DE_XSLT_RESPOSTA,DH_ATUALIZACAO,DE_XSLT_PARAMETRO,CO_VERSAO_BARRAMENTO) values ('100025','1',null,null,'1','0','1','validacao_entradas/SIBAR/MEIOS_DE_ENTRADA/V1/VALIDA_CARTAO/Valida_Cartao.xsd','meio_entrada/V1/validaCartaoComercial_Req.xsl','validacao_entradas/SIBAR/MEIOS_DE_ENTRADA/V1/VALIDA_CARTAO/Valida_Cartao.xsd','meio_entrada/V1/validaCartaoComercial_Resp.xsl',to_date('03/01/18 17:55:23','DD/MM/RR HH24:MI:SS'),null,'2.0');
Insert into MTX.MTXTB012_VERSAO_TAREFA (NU_TAREFA_002,NU_VERSAO_TAREFA,NU_TAREFA_DESFAZIMENTO_012,NU_VERSAO_TAREFA_DSFZO_012,IC_SITUACAO,IC_PARALELISMO,IC_ASSINCRONO,DE_XSD_REQUISICAO,DE_XSLT_REQUISICAO,DE_XSD_RESPOSTA,DE_XSLT_RESPOSTA,DH_ATUALIZACAO,DE_XSLT_PARAMETRO,CO_VERSAO_BARRAMENTO) values ('100014','1',null,null,'1','0','1','validacao_entradas/SIBAR/NEGOCIAL/V1/Consulta_Saldo.xsd','negocial/V1/consultaSaldo_Req.xsl','validacao_entradas/SIBAR/NEGOCIAL/V1/Consulta_Saldo.xsd',null,to_date('03/01/18 17:55:46','DD/MM/RR HH24:MI:SS'),null,'1.0');
Insert into MTX.MTXTB012_VERSAO_TAREFA (NU_TAREFA_002,NU_VERSAO_TAREFA,NU_TAREFA_DESFAZIMENTO_012,NU_VERSAO_TAREFA_DSFZO_012,IC_SITUACAO,IC_PARALELISMO,IC_ASSINCRONO,DE_XSD_REQUISICAO,DE_XSLT_REQUISICAO,DE_XSD_RESPOSTA,DE_XSLT_RESPOSTA,DH_ATUALIZACAO,DE_XSLT_PARAMETRO,CO_VERSAO_BARRAMENTO) values ('100046','1',null,null,'1','0','1','-','-','-','negocial/Detalhe_Transacao_Pendente_Assinatura/V1/Detalhe_Transacao_Pendente_Resp.xsl',to_date('01/02/18 18:08:24','DD/MM/RR HH24:MI:SS'),null,'1.0');
Insert into MTX.MTXTB012_VERSAO_TAREFA (NU_TAREFA_002,NU_VERSAO_TAREFA,NU_TAREFA_DESFAZIMENTO_012,NU_VERSAO_TAREFA_DSFZO_012,IC_SITUACAO,IC_PARALELISMO,IC_ASSINCRONO,DE_XSD_REQUISICAO,DE_XSLT_REQUISICAO,DE_XSD_RESPOSTA,DE_XSLT_RESPOSTA,DH_ATUALIZACAO,DE_XSLT_PARAMETRO,CO_VERSAO_BARRAMENTO) values ('100064','1',null,null,'1','0','1','validacao_entradas/SIBAR/NEGOCIAL/V1/Consulta_Transacoes_Conta_Lista.xsd','negocial/Consulta_Transacao_Resumo/V1/consultaTransacaoResumo_Req.xsl','validacao_entradas/SIBAR/NEGOCIAL/V1/Consulta_Transacoes_Conta_Lista.xsd','negocial/Consulta_Transacao_Resumo/V1/consultaTransacaoResumo_Resp.xsl',to_date('14/03/18 14:52:48','DD/MM/RR HH24:MI:SS'),null,'1.0');
Insert into MTX.MTXTB012_VERSAO_TAREFA (NU_TAREFA_002,NU_VERSAO_TAREFA,NU_TAREFA_DESFAZIMENTO_012,NU_VERSAO_TAREFA_DSFZO_012,IC_SITUACAO,IC_PARALELISMO,IC_ASSINCRONO,DE_XSD_REQUISICAO,DE_XSLT_REQUISICAO,DE_XSD_RESPOSTA,DE_XSLT_RESPOSTA,DH_ATUALIZACAO,DE_XSLT_PARAMETRO,CO_VERSAO_BARRAMENTO) values ('100065','1',null,null,'1','0','1','-','negocial/Detalhe_Comprovate_Transacao_Siaut/V1/detalheComprovanteTransacaoSiaut_Req.xsl','-','negocial/Detalhe_Comprovate_Transacao_Siaut/V1/detalheComprovanteTransacaoSiaut_Resp.xsl',to_date('14/03/18 14:53:02','DD/MM/RR HH24:MI:SS'),null,'1.0');
Insert into MTX.MTXTB012_VERSAO_TAREFA (NU_TAREFA_002,NU_VERSAO_TAREFA,NU_TAREFA_DESFAZIMENTO_012,NU_VERSAO_TAREFA_DSFZO_012,IC_SITUACAO,IC_PARALELISMO,IC_ASSINCRONO,DE_XSD_REQUISICAO,DE_XSLT_REQUISICAO,DE_XSD_RESPOSTA,DE_XSLT_RESPOSTA,DH_ATUALIZACAO,DE_XSLT_PARAMETRO,CO_VERSAO_BARRAMENTO) values ('100043','1',null,null,'1','0','1','validacao_entradas/SIBAR/MEIOS_DE_ENTRADA/V1/VALIDA_ASSINATURA/VALIDA_ASSINATURA.xsd','-','validacao_entradas/SIBAR/MEIOS_DE_ENTRADA/V1/VALIDA_ASSINATURA/VALIDA_ASSINATURA.xsd','meio_entrada/assinatura_simples/V1/validaAssinaturaSimples_Resp.xsl',to_date('06/12/17 18:23:56','DD/MM/RR HH24:MI:SS'),null,'1.0');
Insert into MTX.MTXTB012_VERSAO_TAREFA (NU_TAREFA_002,NU_VERSAO_TAREFA,NU_TAREFA_DESFAZIMENTO_012,NU_VERSAO_TAREFA_DSFZO_012,IC_SITUACAO,IC_PARALELISMO,IC_ASSINCRONO,DE_XSD_REQUISICAO,DE_XSLT_REQUISICAO,DE_XSD_RESPOSTA,DE_XSLT_RESPOSTA,DH_ATUALIZACAO,DE_XSLT_PARAMETRO,CO_VERSAO_BARRAMENTO) values ('100048','1',null,null,'1','0','1','validacao_entradas/SICCO/NEGOCIAL/V1/Segunda_Via_Consulta_Lista_Transacoes.xsd','negocial/Lista_Comprovantes_Transacoes/V1/listaComprovantesTransacoes_Req.xsl','validacao_entradas/SICCO/NEGOCIAL/V1/Segunda_Via_Consulta_Lista_Transacoes.xsd','negocial/Lista_Comprovantes_Transacoes/V1/listaComprovantesTransacoes_Resp.xsl',to_date('20/02/18 13:55:19','DD/MM/RR HH24:MI:SS'),null,'1.0');
Insert into MTX.MTXTB012_VERSAO_TAREFA (NU_TAREFA_002,NU_VERSAO_TAREFA,NU_TAREFA_DESFAZIMENTO_012,NU_VERSAO_TAREFA_DSFZO_012,IC_SITUACAO,IC_PARALELISMO,IC_ASSINCRONO,DE_XSD_REQUISICAO,DE_XSLT_REQUISICAO,DE_XSD_RESPOSTA,DE_XSLT_RESPOSTA,DH_ATUALIZACAO,DE_XSLT_PARAMETRO,CO_VERSAO_BARRAMENTO) values ('100056','1',null,null,'1','0','1','validacao_entradas/SIBAR/MEIOS_DE_ENTRADA/VALIDA_ASSINATURA_MULTIPLA/V1/Valida_Assinatura_Multipla.xsd','meio_entrada/assinatura_multipla/valida_assinatura/V1/assinaturaMultipla_Req.xsl','validacao_entradas/SIBAR/MEIOS_DE_ENTRADA/VALIDA_ASSINATURA_MULTIPLA/V1/Valida_Assinatura_Multipla.xsd','meio_entrada/assinatura_multipla/valida_assinatura/V1/validaAssinaturaMultipla_Resp.xsl',to_date('19/01/18 18:46:28','DD/MM/RR HH24:MI:SS'),null,'1.0');
Insert into MTX.MTXTB012_VERSAO_TAREFA (NU_TAREFA_002,NU_VERSAO_TAREFA,NU_TAREFA_DESFAZIMENTO_012,NU_VERSAO_TAREFA_DSFZO_012,IC_SITUACAO,IC_PARALELISMO,IC_ASSINCRONO,DE_XSD_REQUISICAO,DE_XSLT_REQUISICAO,DE_XSD_RESPOSTA,DE_XSLT_RESPOSTA,DH_ATUALIZACAO,DE_XSLT_PARAMETRO,CO_VERSAO_BARRAMENTO) values ('100055','1',null,null,'1','0','1','validacao_entradas/SIBAR/MEIOS_DE_ENTRADA/CONTRA_ORDEM_CHEQUES/V1/Contra_Ordem_Cheque.xsd','-','validacao_entradas/SIBAR/MEIOS_DE_ENTRADA/CONTRA_ORDEM_CHEQUES/V1/Contra_Ordem_Cheque.xsd','negocial/contra_ordem_cheques/V1/contraOrdemCheques_Resp.xsl',to_date('19/01/18 18:51:53','DD/MM/RR HH24:MI:SS'),null,'1.0');
Insert into MTX.MTXTB012_VERSAO_TAREFA (NU_TAREFA_002,NU_VERSAO_TAREFA,NU_TAREFA_DESFAZIMENTO_012,NU_VERSAO_TAREFA_DSFZO_012,IC_SITUACAO,IC_PARALELISMO,IC_ASSINCRONO,DE_XSD_REQUISICAO,DE_XSLT_REQUISICAO,DE_XSD_RESPOSTA,DE_XSLT_RESPOSTA,DH_ATUALIZACAO,DE_XSLT_PARAMETRO,CO_VERSAO_BARRAMENTO) values ('100066','1',null,null,'1','0','1','validacao_entradas/SIBAR/NEGOCIAL/V1/Rotinas_Uso_Comum_Calcula_Boleto.xsd','negocial/Calcula_Boleto/V1/Calcula_Boleto_Req.xsl','validacao_entradas/SIBAR/NEGOCIAL/V1/Rotinas_Uso_Comum_Calcula_Boleto.xsd','negocial/Calcula_Boleto/V1/Calcula_Boleto_Resp.xsl',to_date('23/03/18 15:29:49','DD/MM/RR HH24:MI:SS'),null,'1.0');
Insert into MTX.MTXTB012_VERSAO_TAREFA (NU_TAREFA_002,NU_VERSAO_TAREFA,NU_TAREFA_DESFAZIMENTO_012,NU_VERSAO_TAREFA_DSFZO_012,IC_SITUACAO,IC_PARALELISMO,IC_ASSINCRONO,DE_XSD_REQUISICAO,DE_XSLT_REQUISICAO,DE_XSD_RESPOSTA,DE_XSLT_RESPOSTA,DH_ATUALIZACAO,DE_XSLT_PARAMETRO,CO_VERSAO_BARRAMENTO) values ('100069','1',null,null,'1','0','1','validacao_entradas/SIMTX_TYPES/Consulta_Regras_Boleto/V1/Consulta_Regras_Boleto.xsd','negocial/Consulta_Regras_Boleto/V1/Consulta_Regras_Boleto_Req.xsl','validacao_entradas/SIMTX_TYPES/Consulta_Regras_Boleto/V1/Consulta_Regras_Boleto.xsd','negocial/Consulta_Regras_Boleto/V1/Consulta_Regras_Boleto_Resp.xsl',to_date('23/03/18 15:29:49','DD/MM/RR HH24:MI:SS'),null,'1.0');
Insert into MTX.MTXTB012_VERSAO_TAREFA (NU_TAREFA_002,NU_VERSAO_TAREFA,NU_TAREFA_DESFAZIMENTO_012,NU_VERSAO_TAREFA_DSFZO_012,IC_SITUACAO,IC_PARALELISMO,IC_ASSINCRONO,DE_XSD_REQUISICAO,DE_XSLT_REQUISICAO,DE_XSD_RESPOSTA,DE_XSLT_RESPOSTA,DH_ATUALIZACAO,DE_XSLT_PARAMETRO,CO_VERSAO_BARRAMENTO) values ('100050','1',null,null,'1','0','1','validacao_entradas/SIMTX/NEGOCIAL/Consulta_Boleto/V1/Consulta_Boleto_Simtx.xsd','negocial/Consulta_Boleto_Pagamento/V1/consultaBoletoPagamento_Req.xsl','validacao_entradas/SIMTX/NEGOCIAL/Consulta_Boleto/V1/Consulta_Boleto_Simtx.xsd','negocial/Consulta_Boleto_Pagamento/V1/consultaBoletoPagamento_Resp.xsl',to_date('09/02/18 15:25:46','DD/MM/RR HH24:MI:SS'),null,'4.2');
Insert into MTX.MTXTB012_VERSAO_TAREFA (NU_TAREFA_002,NU_VERSAO_TAREFA,NU_TAREFA_DESFAZIMENTO_012,NU_VERSAO_TAREFA_DSFZO_012,IC_SITUACAO,IC_PARALELISMO,IC_ASSINCRONO,DE_XSD_REQUISICAO,DE_XSLT_REQUISICAO,DE_XSD_RESPOSTA,DE_XSLT_RESPOSTA,DH_ATUALIZACAO,DE_XSLT_PARAMETRO,CO_VERSAO_BARRAMENTO) values ('100061','1',null,null,'1','0','1','validacao_entradas/SIBAR/NEGOCIAL/V1/Controle_Limite_Desfazimento.xsd','negocial/Desfaz_Limite/V1/Desfaz_Limite_Req.xsl','validacao_entradas/SIBAR/NEGOCIAL/V1/Controle_Limite_Desfazimento.xsd','negocial/Desfaz_Limite/V1/Desfaz_Limite_Resp.xsl',to_date('08/03/18 20:51:10','DD/MM/RR HH24:MI:SS'),null,'1.0');
Insert into MTX.MTXTB012_VERSAO_TAREFA (NU_TAREFA_002,NU_VERSAO_TAREFA,NU_TAREFA_DESFAZIMENTO_012,NU_VERSAO_TAREFA_DSFZO_012,IC_SITUACAO,IC_PARALELISMO,IC_ASSINCRONO,DE_XSD_REQUISICAO,DE_XSLT_REQUISICAO,DE_XSD_RESPOSTA,DE_XSLT_RESPOSTA,DH_ATUALIZACAO,DE_XSLT_PARAMETRO,CO_VERSAO_BARRAMENTO) values ('100029','1',null,null,'1','0','1','validacao_entradas/SIBAR/MEIOS_DE_ENTRADA/V1/VALIDA_SENHA/Valida_Senha.xsd','meio_entrada/V1/validaSenhaConta_Req.xsl','validacao_entradas/SIBAR/MEIOS_DE_ENTRADA/V1/VALIDA_SENHA/Valida_Senha.xsd','meio_entrada/V1/validaSenhaConta_Resp.xsl',to_date('22/01/18 15:37:54','DD/MM/RR HH24:MI:SS'),null,'1.0');
Insert into MTX.MTXTB012_VERSAO_TAREFA (NU_TAREFA_002,NU_VERSAO_TAREFA,NU_TAREFA_DESFAZIMENTO_012,NU_VERSAO_TAREFA_DSFZO_012,IC_SITUACAO,IC_PARALELISMO,IC_ASSINCRONO,DE_XSD_REQUISICAO,DE_XSLT_REQUISICAO,DE_XSD_RESPOSTA,DE_XSLT_RESPOSTA,DH_ATUALIZACAO,DE_XSLT_PARAMETRO,CO_VERSAO_BARRAMENTO) values ('100040','1',null,null,'1','0','1','validacao_entradas/SIBAR/MEIOS_DE_ENTRADA/V1/VALIDA_PERMISSAO/VALIDA_PERMISSAO.xsd','meio_entrada/V1/validaPermissao_Req.xsl','validacao_entradas/SIBAR/MEIOS_DE_ENTRADA/V1/VALIDA_PERMISSAO/VALIDA_PERMISSAO.xsd','meio_entrada/V1/validaPermissao_Resp.xsl',to_date('29/08/17 16:53:49','DD/MM/RR HH24:MI:SS'),null,'3.0');
Insert into MTX.MTXTB012_VERSAO_TAREFA (NU_TAREFA_002,NU_VERSAO_TAREFA,NU_TAREFA_DESFAZIMENTO_012,NU_VERSAO_TAREFA_DSFZO_012,IC_SITUACAO,IC_PARALELISMO,IC_ASSINCRONO,DE_XSD_REQUISICAO,DE_XSLT_REQUISICAO,DE_XSD_RESPOSTA,DE_XSLT_RESPOSTA,DH_ATUALIZACAO,DE_XSLT_PARAMETRO,CO_VERSAO_BARRAMENTO) values ('100042','1',null,null,'1','0','1','validacao_entradas/SIBAR/NEGOCIAL/V1/ConsultaCadastroPositivo.xsd','negocial/V1/consultaCadastroPositivo_Req.xsl','validacao_entradas/SIBAR/NEGOCIAL/V1/ConsultaCadastroPositivo.xsd','meio_entrada/V1/validaPermissao_Resp.xsl',to_date('29/08/17 16:53:49','DD/MM/RR HH24:MI:SS'),null,'1.0');
Insert into MTX.MTXTB012_VERSAO_TAREFA (NU_TAREFA_002,NU_VERSAO_TAREFA,NU_TAREFA_DESFAZIMENTO_012,NU_VERSAO_TAREFA_DSFZO_012,IC_SITUACAO,IC_PARALELISMO,IC_ASSINCRONO,DE_XSD_REQUISICAO,DE_XSLT_REQUISICAO,DE_XSD_RESPOSTA,DE_XSLT_RESPOSTA,DH_ATUALIZACAO,DE_XSLT_PARAMETRO,CO_VERSAO_BARRAMENTO) values ('100049','1',null,null,'1','0','1','validacao_entradas/SICCO/NEGOCIAL/V1/Segunda_Via_Detalhe_Transacao.xsd','negocial/Detalhe_Comprovante_Transacao/V1/detalheComprovanteTransacao_Req.xsl','validacao_entradas/SICCO/NEGOCIAL/V1/Segunda_Via_Detalhe_Transacao.xsd','negocial/Detalhe_Comprovante_Transacao/V1/detalheComprovanteTransacao_Resp.xsl',to_date('19/02/18 16:46:01','DD/MM/RR HH24:MI:SS'),null,'1.0');
Insert into MTX.MTXTB012_VERSAO_TAREFA (NU_TAREFA_002,NU_VERSAO_TAREFA,NU_TAREFA_DESFAZIMENTO_012,NU_VERSAO_TAREFA_DSFZO_012,IC_SITUACAO,IC_PARALELISMO,IC_ASSINCRONO,DE_XSD_REQUISICAO,DE_XSLT_REQUISICAO,DE_XSD_RESPOSTA,DE_XSLT_RESPOSTA,DH_ATUALIZACAO,DE_XSLT_PARAMETRO,CO_VERSAO_BARRAMENTO) values ('100079','1',null,null,'1','0','1','validacao_entradas/SIBAR/NEGOCIAL/V1/Controle_Limite_Desfazimento.xsd','negocial/Desfaz_Limite/V1/Desfaz_Limite_Req.xsl','validacao_entradas/SIBAR/NEGOCIAL/V1/Controle_Limite_Desfazimento.xsd','negocial/Desfaz_Limite/V1/Desfaz_Limite_Resp.xsl',to_date('06/06/18 16:17:38','DD/MM/RR HH24:MI:SS'),null,'1');
Insert into MTX.MTXTB012_VERSAO_TAREFA (NU_TAREFA_002,NU_VERSAO_TAREFA,NU_TAREFA_DESFAZIMENTO_012,NU_VERSAO_TAREFA_DSFZO_012,IC_SITUACAO,IC_PARALELISMO,IC_ASSINCRONO,DE_XSD_REQUISICAO,DE_XSLT_REQUISICAO,DE_XSD_RESPOSTA,DE_XSLT_RESPOSTA,DH_ATUALIZACAO,DE_XSLT_PARAMETRO,CO_VERSAO_BARRAMENTO) values ('100071','1',null,null,'1','0','1','validacao_entradas/SIBAR/NEGOCIAL/V1/Consulta_extrato.xsd','negocial/Consulta_Extrato/V1/consultaExtrato_Req.xsl','validacao_entradas/SIBAR/NEGOCIAL/V1/Consulta_extrato.xsd','negocial/Consulta_Extrato/V1/consultaExtrato_Resp.xsl',to_date('05/06/18 15:49:38','DD/MM/RR HH24:MI:SS'),null,'1.6');
Insert into MTX.MTXTB012_VERSAO_TAREFA (NU_TAREFA_002,NU_VERSAO_TAREFA,NU_TAREFA_DESFAZIMENTO_012,NU_VERSAO_TAREFA_DSFZO_012,IC_SITUACAO,IC_PARALELISMO,IC_ASSINCRONO,DE_XSD_REQUISICAO,DE_XSLT_REQUISICAO,DE_XSD_RESPOSTA,DE_XSLT_RESPOSTA,DH_ATUALIZACAO,DE_XSLT_PARAMETRO,CO_VERSAO_BARRAMENTO) values ('100062','1',null,null,'1','0','1','-','negocial/Desfaz_Debito/V1/Desfaz_Debito_Req.xsl','-','negocial/Desfaz_Debito/V1/Desfaz_Debito_Resp.xsl',to_date('08/02/18 00:00:00','DD/MM/RR HH24:MI:SS'),null,'1.0');
Insert into MTX.MTXTB012_VERSAO_TAREFA (NU_TAREFA_002,NU_VERSAO_TAREFA,NU_TAREFA_DESFAZIMENTO_012,NU_VERSAO_TAREFA_DSFZO_012,IC_SITUACAO,IC_PARALELISMO,IC_ASSINCRONO,DE_XSD_REQUISICAO,DE_XSLT_REQUISICAO,DE_XSD_RESPOSTA,DE_XSLT_RESPOSTA,DH_ATUALIZACAO,DE_XSLT_PARAMETRO,CO_VERSAO_BARRAMENTO) values ('100063','1',null,null,'1','0','1','-','negocial/Cancela_Baixa_Operacional/V1/Cancela_Baixa_Operacional_Req.xsl','-','negocial/Cancela_Baixa_Operacional/V1/Cancela_Baixa_Operacional_Resp.xsl',to_date('08/02/18 00:00:00','DD/MM/RR HH24:MI:SS'),null,'2.0');

-- ******************* TAREFA X FILA  *********************** --
Insert into MTX.MTXTB024_TAREFA_FILA (NU_TAREFA_012,NU_VERSAO_TAREFA_012,SG_SISTEMA_CORPORATIVO,NO_FILA_REQUISICAO,QT_SGNDO_LMTE_REQUISICAO,NO_FILA_RESPOSTA,QT_SGNDO_LMTE_RESPOSTA,NO_CONEXAO,NO_MODO_INTEGRACAO,NO_RECURSO,QT_TEMPO_ESPERA) values ('100066','1','SIGCB','-','0','-','0','java:jboss/jms/SimtxQueueConnectionFactorySIMTX','MQ','SIBAR.REQ.ROTINAS_USO_COMUM','5');
Insert into MTX.MTXTB024_TAREFA_FILA (NU_TAREFA_012,NU_VERSAO_TAREFA_012,SG_SISTEMA_CORPORATIVO,NO_FILA_REQUISICAO,QT_SGNDO_LMTE_REQUISICAO,NO_FILA_RESPOSTA,QT_SGNDO_LMTE_RESPOSTA,NO_CONEXAO,NO_MODO_INTEGRACAO,NO_RECURSO,QT_TEMPO_ESPERA) values ('100068','1','SIMTX','-','0','-','0','java:jboss/jms/SimtxQueueConnectionFactorySIMTX','WS_NOSOAP','http://simtx.webservices.des.caixa/roteador/controle/boleto/regras/valida','10');
Insert into MTX.MTXTB024_TAREFA_FILA (NU_TAREFA_012,NU_VERSAO_TAREFA_012,SG_SISTEMA_CORPORATIVO,NO_FILA_REQUISICAO,QT_SGNDO_LMTE_REQUISICAO,NO_FILA_RESPOSTA,QT_SGNDO_LMTE_RESPOSTA,NO_CONEXAO,NO_MODO_INTEGRACAO,NO_RECURSO,QT_TEMPO_ESPERA) values ('100067','1','SIGCB','-','0','-','0','java:jboss/jms/SimtxQueueConnectionFactorySIMTX','MQ','SIBAR.REQ.CONSULTA_CONTA_SID09','5');
Insert into MTX.MTXTB024_TAREFA_FILA (NU_TAREFA_012,NU_VERSAO_TAREFA_012,SG_SISTEMA_CORPORATIVO,NO_FILA_REQUISICAO,QT_SGNDO_LMTE_REQUISICAO,NO_FILA_RESPOSTA,QT_SGNDO_LMTE_RESPOSTA,NO_CONEXAO,NO_MODO_INTEGRACAO,NO_RECURSO,QT_TEMPO_ESPERA) values ('100025','1','SIB24','java:jboss/jms/req_valida_cartao','5000','java:jboss/jms/rsp_valida_cartao','5000','java:jboss/jms/SimtxQueueConnectionFactorySIMTX','MQ','SIBAR.REQ.VALIDA_CARTAO','5');
Insert into MTX.MTXTB024_TAREFA_FILA (NU_TAREFA_012,NU_VERSAO_TAREFA_012,SG_SISTEMA_CORPORATIVO,NO_FILA_REQUISICAO,QT_SGNDO_LMTE_REQUISICAO,NO_FILA_RESPOSTA,QT_SGNDO_LMTE_RESPOSTA,NO_CONEXAO,NO_MODO_INTEGRACAO,NO_RECURSO,QT_TEMPO_ESPERA) values ('100029','1','SIRAN','java:jboss/jms/req_valida_senha','5000','java:jboss/jms/rsp_valida_senha','5000','java:jboss/jms/SimtxQueueConnectionFactorySIMTX','MQ','SIBAR.REQ.VALIDA_SENHA','5');
Insert into MTX.MTXTB024_TAREFA_FILA (NU_TAREFA_012,NU_VERSAO_TAREFA_012,SG_SISTEMA_CORPORATIVO,NO_FILA_REQUISICAO,QT_SGNDO_LMTE_REQUISICAO,NO_FILA_RESPOSTA,QT_SGNDO_LMTE_RESPOSTA,NO_CONEXAO,NO_MODO_INTEGRACAO,NO_RECURSO,QT_TEMPO_ESPERA) values ('100051','1','SIICO','-','0','-','0','java:jboss/jms/SimtxQueueConnectionFactorySIMTX','MQ','SIICO.REQ.BANCO_AGENCIA','5');
Insert into MTX.MTXTB024_TAREFA_FILA (NU_TAREFA_012,NU_VERSAO_TAREFA_012,SG_SISTEMA_CORPORATIVO,NO_FILA_REQUISICAO,QT_SGNDO_LMTE_REQUISICAO,NO_FILA_RESPOSTA,QT_SGNDO_LMTE_RESPOSTA,NO_CONEXAO,NO_MODO_INTEGRACAO,NO_RECURSO,QT_TEMPO_ESPERA) values ('100052','1','SIBAR','-','0','-','0','java:jboss/jms/SimtxQueueConnectionFactorySIMTX','MQ','SIBAR.REQ.ROTINAS_USO_COMUM','5');
Insert into MTX.MTXTB024_TAREFA_FILA (NU_TAREFA_012,NU_VERSAO_TAREFA_012,SG_SISTEMA_CORPORATIVO,NO_FILA_REQUISICAO,QT_SGNDO_LMTE_REQUISICAO,NO_FILA_RESPOSTA,QT_SGNDO_LMTE_RESPOSTA,NO_CONEXAO,NO_MODO_INTEGRACAO,NO_RECURSO,QT_TEMPO_ESPERA) values ('100053','1','SIBAR','-','0','-','0','java:jboss/jms/SimtxQueueConnectionFactorySIMTX','MQ','SIBAR.REQ.CONSULTA_CONTA_SID09','5');
Insert into MTX.MTXTB024_TAREFA_FILA (NU_TAREFA_012,NU_VERSAO_TAREFA_012,SG_SISTEMA_CORPORATIVO,NO_FILA_REQUISICAO,QT_SGNDO_LMTE_REQUISICAO,NO_FILA_RESPOSTA,QT_SGNDO_LMTE_RESPOSTA,NO_CONEXAO,NO_MODO_INTEGRACAO,NO_RECURSO,QT_TEMPO_ESPERA) values ('100054','1','SIBAR','-','0','-','0','java:jboss/jms/SimtxQueueConnectionFactorySIMTX','MQ','SIBAR.REQ.CONTROLE_LIMITE','5');
Insert into MTX.MTXTB024_TAREFA_FILA (NU_TAREFA_012,NU_VERSAO_TAREFA_012,SG_SISTEMA_CORPORATIVO,NO_FILA_REQUISICAO,QT_SGNDO_LMTE_REQUISICAO,NO_FILA_RESPOSTA,QT_SGNDO_LMTE_RESPOSTA,NO_CONEXAO,NO_MODO_INTEGRACAO,NO_RECURSO,QT_TEMPO_ESPERA) values ('100057','1','SIBAR','-','0','-','0','java:jboss/jms/SimtxQueueConnectionFactorySIMTX','MQ','SIBAR.REQ.SOLICITACAO_DEBITO','5');
Insert into MTX.MTXTB024_TAREFA_FILA (NU_TAREFA_012,NU_VERSAO_TAREFA_012,SG_SISTEMA_CORPORATIVO,NO_FILA_REQUISICAO,QT_SGNDO_LMTE_REQUISICAO,NO_FILA_RESPOSTA,QT_SGNDO_LMTE_RESPOSTA,NO_CONEXAO,NO_MODO_INTEGRACAO,NO_RECURSO,QT_TEMPO_ESPERA) values ('100058','1','SIBAR','-','0','-','0','java:jboss/jms/SimtxQueueConnectionFactorySIMTX','MQ','SIBAR.REQ.CONTROLE_LIMITE','5');
Insert into MTX.MTXTB024_TAREFA_FILA (NU_TAREFA_012,NU_VERSAO_TAREFA_012,SG_SISTEMA_CORPORATIVO,NO_FILA_REQUISICAO,QT_SGNDO_LMTE_REQUISICAO,NO_FILA_RESPOSTA,QT_SGNDO_LMTE_RESPOSTA,NO_CONEXAO,NO_MODO_INTEGRACAO,NO_RECURSO,QT_TEMPO_ESPERA) values ('100059','1','SIBAR','-','0','-','0','java:jboss/jms/SimtxQueueConnectionFactorySIMTX','MQ','SIBAR.REQ.MANUTENCAO_COBRANCA_BANCARIA','5');
Insert into MTX.MTXTB024_TAREFA_FILA (NU_TAREFA_012,NU_VERSAO_TAREFA_012,SG_SISTEMA_CORPORATIVO,NO_FILA_REQUISICAO,QT_SGNDO_LMTE_REQUISICAO,NO_FILA_RESPOSTA,QT_SGNDO_LMTE_RESPOSTA,NO_CONEXAO,NO_MODO_INTEGRACAO,NO_RECURSO,QT_TEMPO_ESPERA) values ('100060','1','SIBAR','-','0','-','0','java:jboss/jms/SimtxQueueConnectionFactorySIMTX','MQ','SIBAR.REQ.CONSULTA_CONTA_SID09','5');
Insert into MTX.MTXTB024_TAREFA_FILA (NU_TAREFA_012,NU_VERSAO_TAREFA_012,SG_SISTEMA_CORPORATIVO,NO_FILA_REQUISICAO,QT_SGNDO_LMTE_REQUISICAO,NO_FILA_RESPOSTA,QT_SGNDO_LMTE_RESPOSTA,NO_CONEXAO,NO_MODO_INTEGRACAO,NO_RECURSO,QT_TEMPO_ESPERA) values ('100062','1','SIBAR','-','0','-','0','java:jboss/jms/SimtxQueueConnectionFactorySIMTX','MQ','SIBAR.REQ.SOLICITACAO_DEBITO','5');
Insert into MTX.MTXTB024_TAREFA_FILA (NU_TAREFA_012,NU_VERSAO_TAREFA_012,SG_SISTEMA_CORPORATIVO,NO_FILA_REQUISICAO,QT_SGNDO_LMTE_REQUISICAO,NO_FILA_RESPOSTA,QT_SGNDO_LMTE_RESPOSTA,NO_CONEXAO,NO_MODO_INTEGRACAO,NO_RECURSO,QT_TEMPO_ESPERA) values ('100045','1','SIPER','java:jboss/jms/req_consulta_assinatura_eletronica','5000','java:jboss/jms/rsp_consulta_assinatura_eletronica','5000','java:jboss/jms/SimtxQueueConnectionFactorySIMTX','MQ','SIBAR.REQ.CONSULTA_ASSINATURA_ELETRONICA','5');
Insert into MTX.MTXTB024_TAREFA_FILA (NU_TAREFA_012,NU_VERSAO_TAREFA_012,SG_SISTEMA_CORPORATIVO,NO_FILA_REQUISICAO,QT_SGNDO_LMTE_REQUISICAO,NO_FILA_RESPOSTA,QT_SGNDO_LMTE_RESPOSTA,NO_CONEXAO,NO_MODO_INTEGRACAO,NO_RECURSO,QT_TEMPO_ESPERA) values ('100063','1','SIBAR','-','0','-','0','java:jboss/jms/SimtxQueueConnectionFactorySIMTX','MQ','SIBAR.REQ.MANUTENCAO_COBRANCA_BANCARIA','5');
Insert into MTX.MTXTB024_TAREFA_FILA (NU_TAREFA_012,NU_VERSAO_TAREFA_012,SG_SISTEMA_CORPORATIVO,NO_FILA_REQUISICAO,QT_SGNDO_LMTE_REQUISICAO,NO_FILA_RESPOSTA,QT_SGNDO_LMTE_RESPOSTA,NO_CONEXAO,NO_MODO_INTEGRACAO,NO_RECURSO,QT_TEMPO_ESPERA) values ('100064','1','SIAUT','-','0','-','0','java:jboss/jms/SimtxQueueConnectionFactorySIMTX','MQ','SIBAR.REQ.CONSULTA_TRANSACOES_CONTA','5');
Insert into MTX.MTXTB024_TAREFA_FILA (NU_TAREFA_012,NU_VERSAO_TAREFA_012,SG_SISTEMA_CORPORATIVO,NO_FILA_REQUISICAO,QT_SGNDO_LMTE_REQUISICAO,NO_FILA_RESPOSTA,QT_SGNDO_LMTE_RESPOSTA,NO_CONEXAO,NO_MODO_INTEGRACAO,NO_RECURSO,QT_TEMPO_ESPERA) values ('100065','1','SIAUT','-','0','-','0','java:jboss/jms/SimtxQueueConnectionFactorySIMTX','MQ','SIBAR.REQ.CONSULTA_TRANSACOES_CONTA','5');
Insert into MTX.MTXTB024_TAREFA_FILA (NU_TAREFA_012,NU_VERSAO_TAREFA_012,SG_SISTEMA_CORPORATIVO,NO_FILA_REQUISICAO,QT_SGNDO_LMTE_REQUISICAO,NO_FILA_RESPOSTA,QT_SGNDO_LMTE_RESPOSTA,NO_CONEXAO,NO_MODO_INTEGRACAO,NO_RECURSO,QT_TEMPO_ESPERA) values ('100048','1','SICCO','java:jboss/jms/req_segunda_via','5000','java:jboss/jms/rsp_segunda_via','5000','java:jboss/jms/SimtxQueueConnectionFactorySICCO','-','-','5');
Insert into MTX.MTXTB024_TAREFA_FILA (NU_TAREFA_012,NU_VERSAO_TAREFA_012,SG_SISTEMA_CORPORATIVO,NO_FILA_REQUISICAO,QT_SGNDO_LMTE_REQUISICAO,NO_FILA_RESPOSTA,QT_SGNDO_LMTE_RESPOSTA,NO_CONEXAO,NO_MODO_INTEGRACAO,NO_RECURSO,QT_TEMPO_ESPERA) values ('100056','1','SIPER','java:jboss/jms/req_consulta_assinatura_eletronica','5000','java:jboss/jms/rsp_consulta_assinatura_eletronica','5000','java:jboss/jms/SimtxQueueConnectionFactorySIMTX','MQ','SIBAR.REQ.VALIDA_PERMISSAO','5');
Insert into MTX.MTXTB024_TAREFA_FILA (NU_TAREFA_012,NU_VERSAO_TAREFA_012,SG_SISTEMA_CORPORATIVO,NO_FILA_REQUISICAO,QT_SGNDO_LMTE_REQUISICAO,NO_FILA_RESPOSTA,QT_SGNDO_LMTE_RESPOSTA,NO_CONEXAO,NO_MODO_INTEGRACAO,NO_RECURSO,QT_TEMPO_ESPERA) values ('100055','1','SINAU','java:jboss/jms/req_manutencao_cheque','5000','java:jboss/jms/rsp_manuntencao_cheque','5000','java:jboss/jms/SimtxQueueConnectionFactorySIMTX','MQ','SIBAR.REQ.MANUTENCAO_CHEQUE','5');
Insert into MTX.MTXTB024_TAREFA_FILA (NU_TAREFA_012,NU_VERSAO_TAREFA_012,SG_SISTEMA_CORPORATIVO,NO_FILA_REQUISICAO,QT_SGNDO_LMTE_REQUISICAO,NO_FILA_RESPOSTA,QT_SGNDO_LMTE_RESPOSTA,NO_CONEXAO,NO_MODO_INTEGRACAO,NO_RECURSO,QT_TEMPO_ESPERA) values ('100043','1','SIPER','java:jboss/jms/req_consulta_assinatura_eletronica','5000','java:jboss/jms/rsp_consulta_assinatura_eletronica','5000','java:jboss/jms/SimtxQueueConnectionFactorySIMTX','MQ','SIBAR.REQ.VALIDA_PERMISSAO','5');
Insert into MTX.MTXTB024_TAREFA_FILA (NU_TAREFA_012,NU_VERSAO_TAREFA_012,SG_SISTEMA_CORPORATIVO,NO_FILA_REQUISICAO,QT_SGNDO_LMTE_REQUISICAO,NO_FILA_RESPOSTA,QT_SGNDO_LMTE_RESPOSTA,NO_CONEXAO,NO_MODO_INTEGRACAO,NO_RECURSO,QT_TEMPO_ESPERA) values ('100069','1','SIBAR','-','0','-','0','java:jboss/jms/SimtxQueueConnectionFactorySIMTX','WS_NOSOAP','http://simtx.webservices.des.caixa/roteador/controle/boleto/regras/consulta','10');
Insert into MTX.MTXTB024_TAREFA_FILA (NU_TAREFA_012,NU_VERSAO_TAREFA_012,SG_SISTEMA_CORPORATIVO,NO_FILA_REQUISICAO,QT_SGNDO_LMTE_REQUISICAO,NO_FILA_RESPOSTA,QT_SGNDO_LMTE_RESPOSTA,NO_CONEXAO,NO_MODO_INTEGRACAO,NO_RECURSO,QT_TEMPO_ESPERA) values ('100050','1','SIBAR','-','0','-','0','java:jboss/jms/SimtxQueueConnectionFactorySIMTX','MQ','SIBAR.REQ.CONSULTA_COBRANCA_BANCARIA','5');
Insert into MTX.MTXTB024_TAREFA_FILA (NU_TAREFA_012,NU_VERSAO_TAREFA_012,SG_SISTEMA_CORPORATIVO,NO_FILA_REQUISICAO,QT_SGNDO_LMTE_REQUISICAO,NO_FILA_RESPOSTA,QT_SGNDO_LMTE_RESPOSTA,NO_CONEXAO,NO_MODO_INTEGRACAO,NO_RECURSO,QT_TEMPO_ESPERA) values ('100071','1','SIBAR','java:jboss/jms/req_consulta_extrato','0','java:jboss/jms/rsp_consulta_extrato','0','java:jboss/jms/SimtxQueueConnectionFactorySIMTX','MQ','SIBAR.REQ.EXTRATO','3');
Insert into MTX.MTXTB024_TAREFA_FILA (NU_TAREFA_012,NU_VERSAO_TAREFA_012,SG_SISTEMA_CORPORATIVO,NO_FILA_REQUISICAO,QT_SGNDO_LMTE_REQUISICAO,NO_FILA_RESPOSTA,QT_SGNDO_LMTE_RESPOSTA,NO_CONEXAO,NO_MODO_INTEGRACAO,NO_RECURSO,QT_TEMPO_ESPERA) values ('100061','1','SIBAR','-','0','-','0','java:jboss/jms/SimtxQueueConnectionFactorySIMTX','MQ','SIBAR.REQ.CONTROLE_LIMITE','10');
Insert into MTX.MTXTB024_TAREFA_FILA (NU_TAREFA_012,NU_VERSAO_TAREFA_012,SG_SISTEMA_CORPORATIVO,NO_FILA_REQUISICAO,QT_SGNDO_LMTE_REQUISICAO,NO_FILA_RESPOSTA,QT_SGNDO_LMTE_RESPOSTA,NO_CONEXAO,NO_MODO_INTEGRACAO,NO_RECURSO,QT_TEMPO_ESPERA) values ('100040','1','SIPER','-','5000','-','5000','java:jboss/jms/SimtxQueueConnectionFactorySIMTX','MQ','SIBAR.REQ.VALIDA_PERMISSAO','5');
Insert into MTX.MTXTB024_TAREFA_FILA (NU_TAREFA_012,NU_VERSAO_TAREFA_012,SG_SISTEMA_CORPORATIVO,NO_FILA_REQUISICAO,QT_SGNDO_LMTE_REQUISICAO,NO_FILA_RESPOSTA,QT_SGNDO_LMTE_RESPOSTA,NO_CONEXAO,NO_MODO_INTEGRACAO,NO_RECURSO,QT_TEMPO_ESPERA) values ('100042','1','SICPC','-','0','-','0','-','MQ','-','5');
Insert into MTX.MTXTB024_TAREFA_FILA (NU_TAREFA_012,NU_VERSAO_TAREFA_012,SG_SISTEMA_CORPORATIVO,NO_FILA_REQUISICAO,QT_SGNDO_LMTE_REQUISICAO,NO_FILA_RESPOSTA,QT_SGNDO_LMTE_RESPOSTA,NO_CONEXAO,NO_MODO_INTEGRACAO,NO_RECURSO,QT_TEMPO_ESPERA) values ('100049','1','SICCO','java:jboss/jms/req_segunda_via','5000','java:jboss/jms/rsp_segunda_via','5000','java:jboss/jms/SimtxQueueConnectionFactorySICCO','-','-','5');

-- ******************* SERVICO X TAREFA  *********************** --
Insert into MTX.MTXTB003_SERVICO_TAREFA (NU_SERVICO_011,NU_VERSAO_SERVICO_011,NU_TAREFA_012,NU_VERSAO_TAREFA_012,NU_SEQUENCIA_EXECUCAO,IC_SITUACAO,IC_IMPEDIMENTO,DE_XSLT_NOVA_TAREFA) values ('110031','1','100040','1','1','1','1',null);
Insert into MTX.MTXTB003_SERVICO_TAREFA (NU_SERVICO_011,NU_VERSAO_SERVICO_011,NU_TAREFA_012,NU_VERSAO_TAREFA_012,NU_SEQUENCIA_EXECUCAO,IC_SITUACAO,IC_IMPEDIMENTO,DE_XSLT_NOVA_TAREFA) values ('110031','1','100060','1','3','1','1',null);
Insert into MTX.MTXTB003_SERVICO_TAREFA (NU_SERVICO_011,NU_VERSAO_SERVICO_011,NU_TAREFA_012,NU_VERSAO_TAREFA_012,NU_SEQUENCIA_EXECUCAO,IC_SITUACAO,IC_IMPEDIMENTO,DE_XSLT_NOVA_TAREFA) values ('110031','1','100053','1','4','1','1',null);
Insert into MTX.MTXTB003_SERVICO_TAREFA (NU_SERVICO_011,NU_VERSAO_SERVICO_011,NU_TAREFA_012,NU_VERSAO_TAREFA_012,NU_SEQUENCIA_EXECUCAO,IC_SITUACAO,IC_IMPEDIMENTO,DE_XSLT_NOVA_TAREFA) values ('110031','1','100067','1','5','1','1',null);
Insert into MTX.MTXTB003_SERVICO_TAREFA (NU_SERVICO_011,NU_VERSAO_SERVICO_011,NU_TAREFA_012,NU_VERSAO_TAREFA_012,NU_SEQUENCIA_EXECUCAO,IC_SITUACAO,IC_IMPEDIMENTO,DE_XSLT_NOVA_TAREFA) values ('110031','1','100068','1','6','1','1',null);
Insert into MTX.MTXTB003_SERVICO_TAREFA (NU_SERVICO_011,NU_VERSAO_SERVICO_011,NU_TAREFA_012,NU_VERSAO_TAREFA_012,NU_SEQUENCIA_EXECUCAO,IC_SITUACAO,IC_IMPEDIMENTO,DE_XSLT_NOVA_TAREFA) values ('110038','1','100068','1','6','1','1',null);
Insert into MTX.MTXTB003_SERVICO_TAREFA (NU_SERVICO_011,NU_VERSAO_SERVICO_011,NU_TAREFA_012,NU_VERSAO_TAREFA_012,NU_SEQUENCIA_EXECUCAO,IC_SITUACAO,IC_IMPEDIMENTO,DE_XSLT_NOVA_TAREFA) values ('110031','1','100054','1','7','1','1',null);
Insert into MTX.MTXTB003_SERVICO_TAREFA (NU_SERVICO_011,NU_VERSAO_SERVICO_011,NU_TAREFA_012,NU_VERSAO_TAREFA_012,NU_SEQUENCIA_EXECUCAO,IC_SITUACAO,IC_IMPEDIMENTO,DE_XSLT_NOVA_TAREFA) values ('110032','1','100043','1','1','1','1',null);
Insert into MTX.MTXTB003_SERVICO_TAREFA (NU_SERVICO_011,NU_VERSAO_SERVICO_011,NU_TAREFA_012,NU_VERSAO_TAREFA_012,NU_SEQUENCIA_EXECUCAO,IC_SITUACAO,IC_IMPEDIMENTO,DE_XSLT_NOVA_TAREFA) values ('110032','1','100057','1','3','1','1',null);
Insert into MTX.MTXTB003_SERVICO_TAREFA (NU_SERVICO_011,NU_VERSAO_SERVICO_011,NU_TAREFA_012,NU_VERSAO_TAREFA_012,NU_SEQUENCIA_EXECUCAO,IC_SITUACAO,IC_IMPEDIMENTO,DE_XSLT_NOVA_TAREFA) values ('110032','1','100058','1','2','1','1',null);
Insert into MTX.MTXTB003_SERVICO_TAREFA (NU_SERVICO_011,NU_VERSAO_SERVICO_011,NU_TAREFA_012,NU_VERSAO_TAREFA_012,NU_SEQUENCIA_EXECUCAO,IC_SITUACAO,IC_IMPEDIMENTO,DE_XSLT_NOVA_TAREFA) values ('110032','1','100059','1','4','1','1',null);
Insert into MTX.MTXTB003_SERVICO_TAREFA (NU_SERVICO_011,NU_VERSAO_SERVICO_011,NU_TAREFA_012,NU_VERSAO_TAREFA_012,NU_SEQUENCIA_EXECUCAO,IC_SITUACAO,IC_IMPEDIMENTO,DE_XSLT_NOVA_TAREFA) values ('110023','1','100045','1','1','1','1',null);
Insert into MTX.MTXTB003_SERVICO_TAREFA (NU_SERVICO_011,NU_VERSAO_SERVICO_011,NU_TAREFA_012,NU_VERSAO_TAREFA_012,NU_SEQUENCIA_EXECUCAO,IC_SITUACAO,IC_IMPEDIMENTO,DE_XSLT_NOVA_TAREFA) values ('110028','1','100025','1','1','1','1',null);
Insert into MTX.MTXTB003_SERVICO_TAREFA (NU_SERVICO_011,NU_VERSAO_SERVICO_011,NU_TAREFA_012,NU_VERSAO_TAREFA_012,NU_SEQUENCIA_EXECUCAO,IC_SITUACAO,IC_IMPEDIMENTO,DE_XSLT_NOVA_TAREFA) values ('110028','1','100014','1','1','1','1',null);
Insert into MTX.MTXTB003_SERVICO_TAREFA (NU_SERVICO_011,NU_VERSAO_SERVICO_011,NU_TAREFA_012,NU_VERSAO_TAREFA_012,NU_SEQUENCIA_EXECUCAO,IC_SITUACAO,IC_IMPEDIMENTO,DE_XSLT_NOVA_TAREFA) values ('110039','1','100043','1','1','1','1',null);
Insert into MTX.MTXTB003_SERVICO_TAREFA (NU_SERVICO_011,NU_VERSAO_SERVICO_011,NU_TAREFA_012,NU_VERSAO_TAREFA_012,NU_SEQUENCIA_EXECUCAO,IC_SITUACAO,IC_IMPEDIMENTO,DE_XSLT_NOVA_TAREFA) values ('110039','1','100058','1','2','1','1',null);
Insert into MTX.MTXTB003_SERVICO_TAREFA (NU_SERVICO_011,NU_VERSAO_SERVICO_011,NU_TAREFA_012,NU_VERSAO_TAREFA_012,NU_SEQUENCIA_EXECUCAO,IC_SITUACAO,IC_IMPEDIMENTO,DE_XSLT_NOVA_TAREFA) values ('110039','1','100057','1','3','1','1',null);
Insert into MTX.MTXTB003_SERVICO_TAREFA (NU_SERVICO_011,NU_VERSAO_SERVICO_011,NU_TAREFA_012,NU_VERSAO_TAREFA_012,NU_SEQUENCIA_EXECUCAO,IC_SITUACAO,IC_IMPEDIMENTO,DE_XSLT_NOVA_TAREFA) values ('110037','1','100065','1','1','1','1',null);
Insert into MTX.MTXTB003_SERVICO_TAREFA (NU_SERVICO_011,NU_VERSAO_SERVICO_011,NU_TAREFA_012,NU_VERSAO_TAREFA_012,NU_SEQUENCIA_EXECUCAO,IC_SITUACAO,IC_IMPEDIMENTO,DE_XSLT_NOVA_TAREFA) values ('110035','1','100068','1','2','1','1',null);
Insert into MTX.MTXTB003_SERVICO_TAREFA (NU_SERVICO_011,NU_VERSAO_SERVICO_011,NU_TAREFA_012,NU_VERSAO_TAREFA_012,NU_SEQUENCIA_EXECUCAO,IC_SITUACAO,IC_IMPEDIMENTO,DE_XSLT_NOVA_TAREFA) values ('110036','1','100025','1','1','1','1',null);
Insert into MTX.MTXTB003_SERVICO_TAREFA (NU_SERVICO_011,NU_VERSAO_SERVICO_011,NU_TAREFA_012,NU_VERSAO_TAREFA_012,NU_SEQUENCIA_EXECUCAO,IC_SITUACAO,IC_IMPEDIMENTO,DE_XSLT_NOVA_TAREFA) values ('110036','1','100029','1','2','1','1',null);
Insert into MTX.MTXTB003_SERVICO_TAREFA (NU_SERVICO_011,NU_VERSAO_SERVICO_011,NU_TAREFA_012,NU_VERSAO_TAREFA_012,NU_SEQUENCIA_EXECUCAO,IC_SITUACAO,IC_IMPEDIMENTO,DE_XSLT_NOVA_TAREFA) values ('110036','1','100040','1','1','1','1',null);
Insert into MTX.MTXTB003_SERVICO_TAREFA (NU_SERVICO_011,NU_VERSAO_SERVICO_011,NU_TAREFA_012,NU_VERSAO_TAREFA_012,NU_SEQUENCIA_EXECUCAO,IC_SITUACAO,IC_IMPEDIMENTO,DE_XSLT_NOVA_TAREFA) values ('110036','1','100064','1','3','1','0',null);
Insert into MTX.MTXTB003_SERVICO_TAREFA (NU_SERVICO_011,NU_VERSAO_SERVICO_011,NU_TAREFA_012,NU_VERSAO_TAREFA_012,NU_SEQUENCIA_EXECUCAO,IC_SITUACAO,IC_IMPEDIMENTO,DE_XSLT_NOVA_TAREFA) values ('110037','1','100040','1','1','1','1',null);
Insert into MTX.MTXTB003_SERVICO_TAREFA (NU_SERVICO_011,NU_VERSAO_SERVICO_011,NU_TAREFA_012,NU_VERSAO_TAREFA_012,NU_SEQUENCIA_EXECUCAO,IC_SITUACAO,IC_IMPEDIMENTO,DE_XSLT_NOVA_TAREFA) values ('110026','1','100064','1','3','1','0',null);
Insert into MTX.MTXTB003_SERVICO_TAREFA (NU_SERVICO_011,NU_VERSAO_SERVICO_011,NU_TAREFA_012,NU_VERSAO_TAREFA_012,NU_SEQUENCIA_EXECUCAO,IC_SITUACAO,IC_IMPEDIMENTO,DE_XSLT_NOVA_TAREFA) values ('110022','1','100040','1','1','1','1',null);
Insert into MTX.MTXTB003_SERVICO_TAREFA (NU_SERVICO_011,NU_VERSAO_SERVICO_011,NU_TAREFA_012,NU_VERSAO_TAREFA_012,NU_SEQUENCIA_EXECUCAO,IC_SITUACAO,IC_IMPEDIMENTO,DE_XSLT_NOVA_TAREFA) values ('110022','1','100043','1','2','1','1',null);
Insert into MTX.MTXTB003_SERVICO_TAREFA (NU_SERVICO_011,NU_VERSAO_SERVICO_011,NU_TAREFA_012,NU_VERSAO_TAREFA_012,NU_SEQUENCIA_EXECUCAO,IC_SITUACAO,IC_IMPEDIMENTO,DE_XSLT_NOVA_TAREFA) values ('110033','1','100043','1','1','1','1',null);
Insert into MTX.MTXTB003_SERVICO_TAREFA (NU_SERVICO_011,NU_VERSAO_SERVICO_011,NU_TAREFA_012,NU_VERSAO_TAREFA_012,NU_SEQUENCIA_EXECUCAO,IC_SITUACAO,IC_IMPEDIMENTO,DE_XSLT_NOVA_TAREFA) values ('110033','1','100058','1','2','1','1',null);
Insert into MTX.MTXTB003_SERVICO_TAREFA (NU_SERVICO_011,NU_VERSAO_SERVICO_011,NU_TAREFA_012,NU_VERSAO_TAREFA_012,NU_SEQUENCIA_EXECUCAO,IC_SITUACAO,IC_IMPEDIMENTO,DE_XSLT_NOVA_TAREFA) values ('110026','1','100025','1','1','1','1',null);
Insert into MTX.MTXTB003_SERVICO_TAREFA (NU_SERVICO_011,NU_VERSAO_SERVICO_011,NU_TAREFA_012,NU_VERSAO_TAREFA_012,NU_SEQUENCIA_EXECUCAO,IC_SITUACAO,IC_IMPEDIMENTO,DE_XSLT_NOVA_TAREFA) values ('110026','1','100029','1','2','1','1',null);
Insert into MTX.MTXTB003_SERVICO_TAREFA (NU_SERVICO_011,NU_VERSAO_SERVICO_011,NU_TAREFA_012,NU_VERSAO_TAREFA_012,NU_SEQUENCIA_EXECUCAO,IC_SITUACAO,IC_IMPEDIMENTO,DE_XSLT_NOVA_TAREFA) values ('110026','1','100040','1','1','1','1',null);
Insert into MTX.MTXTB003_SERVICO_TAREFA (NU_SERVICO_011,NU_VERSAO_SERVICO_011,NU_TAREFA_012,NU_VERSAO_TAREFA_012,NU_SEQUENCIA_EXECUCAO,IC_SITUACAO,IC_IMPEDIMENTO,DE_XSLT_NOVA_TAREFA) values ('110041','1','100040','1','1','1','1',null);
Insert into MTX.MTXTB003_SERVICO_TAREFA (NU_SERVICO_011,NU_VERSAO_SERVICO_011,NU_TAREFA_012,NU_VERSAO_TAREFA_012,NU_SEQUENCIA_EXECUCAO,IC_SITUACAO,IC_IMPEDIMENTO,DE_XSLT_NOVA_TAREFA) values ('110030','1','100043','1','1','1','1',null);
Insert into MTX.MTXTB003_SERVICO_TAREFA (NU_SERVICO_011,NU_VERSAO_SERVICO_011,NU_TAREFA_012,NU_VERSAO_TAREFA_012,NU_SEQUENCIA_EXECUCAO,IC_SITUACAO,IC_IMPEDIMENTO,DE_XSLT_NOVA_TAREFA) values ('110030','1','100055','1','2','1','1',null);
Insert into MTX.MTXTB003_SERVICO_TAREFA (NU_SERVICO_011,NU_VERSAO_SERVICO_011,NU_TAREFA_012,NU_VERSAO_TAREFA_012,NU_SEQUENCIA_EXECUCAO,IC_SITUACAO,IC_IMPEDIMENTO,DE_XSLT_NOVA_TAREFA) values ('110030','1','100056','1','1','1','1',null);
Insert into MTX.MTXTB003_SERVICO_TAREFA (NU_SERVICO_011,NU_VERSAO_SERVICO_011,NU_TAREFA_012,NU_VERSAO_TAREFA_012,NU_SEQUENCIA_EXECUCAO,IC_SITUACAO,IC_IMPEDIMENTO,DE_XSLT_NOVA_TAREFA) values ('110026','1','100048','1','4','1','1',null);
Insert into MTX.MTXTB003_SERVICO_TAREFA (NU_SERVICO_011,NU_VERSAO_SERVICO_011,NU_TAREFA_012,NU_VERSAO_TAREFA_012,NU_SEQUENCIA_EXECUCAO,IC_SITUACAO,IC_IMPEDIMENTO,DE_XSLT_NOVA_TAREFA) values ('110027','1','100065','1','3','1','1',null);
Insert into MTX.MTXTB003_SERVICO_TAREFA (NU_SERVICO_011,NU_VERSAO_SERVICO_011,NU_TAREFA_012,NU_VERSAO_TAREFA_012,NU_SEQUENCIA_EXECUCAO,IC_SITUACAO,IC_IMPEDIMENTO,DE_XSLT_NOVA_TAREFA) values ('110038','1','100040','1','1','1','1',null);
Insert into MTX.MTXTB003_SERVICO_TAREFA (NU_SERVICO_011,NU_VERSAO_SERVICO_011,NU_TAREFA_012,NU_VERSAO_TAREFA_012,NU_SEQUENCIA_EXECUCAO,IC_SITUACAO,IC_IMPEDIMENTO,DE_XSLT_NOVA_TAREFA) values ('110038','1','100060','1','3','1','1',null);
Insert into MTX.MTXTB003_SERVICO_TAREFA (NU_SERVICO_011,NU_VERSAO_SERVICO_011,NU_TAREFA_012,NU_VERSAO_TAREFA_012,NU_SEQUENCIA_EXECUCAO,IC_SITUACAO,IC_IMPEDIMENTO,DE_XSLT_NOVA_TAREFA) values ('110038','1','100053','1','4','1','0',null);
Insert into MTX.MTXTB003_SERVICO_TAREFA (NU_SERVICO_011,NU_VERSAO_SERVICO_011,NU_TAREFA_012,NU_VERSAO_TAREFA_012,NU_SEQUENCIA_EXECUCAO,IC_SITUACAO,IC_IMPEDIMENTO,DE_XSLT_NOVA_TAREFA) values ('110038','1','100067','1','5','1','1',null);
Insert into MTX.MTXTB003_SERVICO_TAREFA (NU_SERVICO_011,NU_VERSAO_SERVICO_011,NU_TAREFA_012,NU_VERSAO_TAREFA_012,NU_SEQUENCIA_EXECUCAO,IC_SITUACAO,IC_IMPEDIMENTO,DE_XSLT_NOVA_TAREFA) values ('110038','1','100054','1','7','1','1',null);
Insert into MTX.MTXTB003_SERVICO_TAREFA (NU_SERVICO_011,NU_VERSAO_SERVICO_011,NU_TAREFA_012,NU_VERSAO_TAREFA_012,NU_SEQUENCIA_EXECUCAO,IC_SITUACAO,IC_IMPEDIMENTO,DE_XSLT_NOVA_TAREFA) values ('110041','1','100025','1','1','1','1',null);
Insert into MTX.MTXTB003_SERVICO_TAREFA (NU_SERVICO_011,NU_VERSAO_SERVICO_011,NU_TAREFA_012,NU_VERSAO_TAREFA_012,NU_SEQUENCIA_EXECUCAO,IC_SITUACAO,IC_IMPEDIMENTO,DE_XSLT_NOVA_TAREFA) values ('110041','1','100029','1','2','1','1',null);
Insert into MTX.MTXTB003_SERVICO_TAREFA (NU_SERVICO_011,NU_VERSAO_SERVICO_011,NU_TAREFA_012,NU_VERSAO_TAREFA_012,NU_SEQUENCIA_EXECUCAO,IC_SITUACAO,IC_IMPEDIMENTO,DE_XSLT_NOVA_TAREFA) values ('110041','1','100065','1','3','1','1',null);
Insert into MTX.MTXTB003_SERVICO_TAREFA (NU_SERVICO_011,NU_VERSAO_SERVICO_011,NU_TAREFA_012,NU_VERSAO_TAREFA_012,NU_SEQUENCIA_EXECUCAO,IC_SITUACAO,IC_IMPEDIMENTO,DE_XSLT_NOVA_TAREFA) values ('110044','1','100071','1','2','1','1',null);
Insert into MTX.MTXTB003_SERVICO_TAREFA (NU_SERVICO_011,NU_VERSAO_SERVICO_011,NU_TAREFA_012,NU_VERSAO_TAREFA_012,NU_SEQUENCIA_EXECUCAO,IC_SITUACAO,IC_IMPEDIMENTO,DE_XSLT_NOVA_TAREFA) values ('110044','1','100025','1','1','1','1',null);
Insert into MTX.MTXTB003_SERVICO_TAREFA (NU_SERVICO_011,NU_VERSAO_SERVICO_011,NU_TAREFA_012,NU_VERSAO_TAREFA_012,NU_SEQUENCIA_EXECUCAO,IC_SITUACAO,IC_IMPEDIMENTO,DE_XSLT_NOVA_TAREFA) values ('110035','1','100050','1','1','1','1',null);
Insert into MTX.MTXTB003_SERVICO_TAREFA (NU_SERVICO_011,NU_VERSAO_SERVICO_011,NU_TAREFA_012,NU_VERSAO_TAREFA_012,NU_SEQUENCIA_EXECUCAO,IC_SITUACAO,IC_IMPEDIMENTO,DE_XSLT_NOVA_TAREFA) values ('110035','1','100057','1','3','1','1',null);
Insert into MTX.MTXTB003_SERVICO_TAREFA (NU_SERVICO_011,NU_VERSAO_SERVICO_011,NU_TAREFA_012,NU_VERSAO_TAREFA_012,NU_SEQUENCIA_EXECUCAO,IC_SITUACAO,IC_IMPEDIMENTO,DE_XSLT_NOVA_TAREFA) values ('110035','1','100059','1','4','1','1',null);
Insert into MTX.MTXTB003_SERVICO_TAREFA (NU_SERVICO_011,NU_VERSAO_SERVICO_011,NU_TAREFA_012,NU_VERSAO_TAREFA_012,NU_SEQUENCIA_EXECUCAO,IC_SITUACAO,IC_IMPEDIMENTO,DE_XSLT_NOVA_TAREFA) values ('110037','1','100061','1','2','1','1',null);
Insert into MTX.MTXTB003_SERVICO_TAREFA (NU_SERVICO_011,NU_VERSAO_SERVICO_011,NU_TAREFA_012,NU_VERSAO_TAREFA_012,NU_SEQUENCIA_EXECUCAO,IC_SITUACAO,IC_IMPEDIMENTO,DE_XSLT_NOVA_TAREFA) values ('110029','1','100040','1','1','1','1',null);
Insert into MTX.MTXTB003_SERVICO_TAREFA (NU_SERVICO_011,NU_VERSAO_SERVICO_011,NU_TAREFA_012,NU_VERSAO_TAREFA_012,NU_SEQUENCIA_EXECUCAO,IC_SITUACAO,IC_IMPEDIMENTO,DE_XSLT_NOVA_TAREFA) values ('110029','1','100025','1','1','1','1',null);
Insert into MTX.MTXTB003_SERVICO_TAREFA (NU_SERVICO_011,NU_VERSAO_SERVICO_011,NU_TAREFA_012,NU_VERSAO_TAREFA_012,NU_SEQUENCIA_EXECUCAO,IC_SITUACAO,IC_IMPEDIMENTO,DE_XSLT_NOVA_TAREFA) values ('110029','1','100029','1','2','1','1',null);
Insert into MTX.MTXTB003_SERVICO_TAREFA (NU_SERVICO_011,NU_VERSAO_SERVICO_011,NU_TAREFA_012,NU_VERSAO_TAREFA_012,NU_SEQUENCIA_EXECUCAO,IC_SITUACAO,IC_IMPEDIMENTO,DE_XSLT_NOVA_TAREFA) values ('110029','1','100051','1','3','1','1',null);
Insert into MTX.MTXTB003_SERVICO_TAREFA (NU_SERVICO_011,NU_VERSAO_SERVICO_011,NU_TAREFA_012,NU_VERSAO_TAREFA_012,NU_SEQUENCIA_EXECUCAO,IC_SITUACAO,IC_IMPEDIMENTO,DE_XSLT_NOVA_TAREFA) values ('110029','1','100050','1','4','1','1',null);
Insert into MTX.MTXTB003_SERVICO_TAREFA (NU_SERVICO_011,NU_VERSAO_SERVICO_011,NU_TAREFA_012,NU_VERSAO_TAREFA_012,NU_SEQUENCIA_EXECUCAO,IC_SITUACAO,IC_IMPEDIMENTO,DE_XSLT_NOVA_TAREFA) values ('110029','1','100069','1','6','1','1',null);
Insert into MTX.MTXTB003_SERVICO_TAREFA (NU_SERVICO_011,NU_VERSAO_SERVICO_011,NU_TAREFA_012,NU_VERSAO_TAREFA_012,NU_SEQUENCIA_EXECUCAO,IC_SITUACAO,IC_IMPEDIMENTO,DE_XSLT_NOVA_TAREFA) values ('110021','1','100040','1','1','1','1',null);
Insert into MTX.MTXTB003_SERVICO_TAREFA (NU_SERVICO_011,NU_VERSAO_SERVICO_011,NU_TAREFA_012,NU_VERSAO_TAREFA_012,NU_SEQUENCIA_EXECUCAO,IC_SITUACAO,IC_IMPEDIMENTO,DE_XSLT_NOVA_TAREFA) values ('110021','1','100042','1','2','1','1',null);
Insert into MTX.MTXTB003_SERVICO_TAREFA (NU_SERVICO_011,NU_VERSAO_SERVICO_011,NU_TAREFA_012,NU_VERSAO_TAREFA_012,NU_SEQUENCIA_EXECUCAO,IC_SITUACAO,IC_IMPEDIMENTO,DE_XSLT_NOVA_TAREFA) values ('110027','1','100040','1','1','1','1',null);
Insert into MTX.MTXTB003_SERVICO_TAREFA (NU_SERVICO_011,NU_VERSAO_SERVICO_011,NU_TAREFA_012,NU_VERSAO_TAREFA_012,NU_SEQUENCIA_EXECUCAO,IC_SITUACAO,IC_IMPEDIMENTO,DE_XSLT_NOVA_TAREFA) values ('110027','1','100025','1','1','1','1',null);
Insert into MTX.MTXTB003_SERVICO_TAREFA (NU_SERVICO_011,NU_VERSAO_SERVICO_011,NU_TAREFA_012,NU_VERSAO_TAREFA_012,NU_SEQUENCIA_EXECUCAO,IC_SITUACAO,IC_IMPEDIMENTO,DE_XSLT_NOVA_TAREFA) values ('110027','1','100029','1','2','1','1',null);
Insert into MTX.MTXTB003_SERVICO_TAREFA (NU_SERVICO_011,NU_VERSAO_SERVICO_011,NU_TAREFA_012,NU_VERSAO_TAREFA_012,NU_SEQUENCIA_EXECUCAO,IC_SITUACAO,IC_IMPEDIMENTO,DE_XSLT_NOVA_TAREFA) values ('110027','1','100049','1','4','1','1',null);
Insert into MTX.MTXTB003_SERVICO_TAREFA (NU_SERVICO_011,NU_VERSAO_SERVICO_011,NU_TAREFA_012,NU_VERSAO_TAREFA_012,NU_SEQUENCIA_EXECUCAO,IC_SITUACAO,IC_IMPEDIMENTO,DE_XSLT_NOVA_TAREFA) values ('110040','1','100057','1','1','1','1',null);
Insert into MTX.MTXTB003_SERVICO_TAREFA (NU_SERVICO_011,NU_VERSAO_SERVICO_011,NU_TAREFA_012,NU_VERSAO_TAREFA_012,NU_SEQUENCIA_EXECUCAO,IC_SITUACAO,IC_IMPEDIMENTO,DE_XSLT_NOVA_TAREFA) values ('110042','1','100061','1','1','1','1',null);
Insert into MTX.MTXTB003_SERVICO_TAREFA (NU_SERVICO_011,NU_VERSAO_SERVICO_011,NU_TAREFA_012,NU_VERSAO_TAREFA_012,NU_SEQUENCIA_EXECUCAO,IC_SITUACAO,IC_IMPEDIMENTO,DE_XSLT_NOVA_TAREFA) values ('110034','1','100061','1','1','1','0',null);
Insert into MTX.MTXTB003_SERVICO_TAREFA (NU_SERVICO_011,NU_VERSAO_SERVICO_011,NU_TAREFA_012,NU_VERSAO_TAREFA_012,NU_SEQUENCIA_EXECUCAO,IC_SITUACAO,IC_IMPEDIMENTO,DE_XSLT_NOVA_TAREFA) values ('110034','1','100062','1','2','1','1',null);
Insert into MTX.MTXTB003_SERVICO_TAREFA (NU_SERVICO_011,NU_VERSAO_SERVICO_011,NU_TAREFA_012,NU_VERSAO_TAREFA_012,NU_SEQUENCIA_EXECUCAO,IC_SITUACAO,IC_IMPEDIMENTO,DE_XSLT_NOVA_TAREFA) values ('110034','1','100063','1','3','1','0',null);

-- ******************* SERVICO X CANAL  *********************** --
Insert into MTX.MTXTB005_SERVICO_CANAL (NU_SERVICO_001,NU_CANAL_004,IC_STCO_SRVCO_CANAL) values ('110044','106','1');
Insert into MTX.MTXTB005_SERVICO_CANAL (NU_SERVICO_001,NU_CANAL_004,IC_STCO_SRVCO_CANAL) values ('110031','110','1');
Insert into MTX.MTXTB005_SERVICO_CANAL (NU_SERVICO_001,NU_CANAL_004,IC_STCO_SRVCO_CANAL) values ('110031','106','1');
Insert into MTX.MTXTB005_SERVICO_CANAL (NU_SERVICO_001,NU_CANAL_004,IC_STCO_SRVCO_CANAL) values ('110032','110','1');
Insert into MTX.MTXTB005_SERVICO_CANAL (NU_SERVICO_001,NU_CANAL_004,IC_STCO_SRVCO_CANAL) values ('110039','110','1');
Insert into MTX.MTXTB005_SERVICO_CANAL (NU_SERVICO_001,NU_CANAL_004,IC_STCO_SRVCO_CANAL) values ('110028','113','1');
Insert into MTX.MTXTB005_SERVICO_CANAL (NU_SERVICO_001,NU_CANAL_004,IC_STCO_SRVCO_CANAL) values ('110039','106','1');
Insert into MTX.MTXTB005_SERVICO_CANAL (NU_SERVICO_001,NU_CANAL_004,IC_STCO_SRVCO_CANAL) values ('110033','114','1');
Insert into MTX.MTXTB005_SERVICO_CANAL (NU_SERVICO_001,NU_CANAL_004,IC_STCO_SRVCO_CANAL) values ('110036','106','1');
Insert into MTX.MTXTB005_SERVICO_CANAL (NU_SERVICO_001,NU_CANAL_004,IC_STCO_SRVCO_CANAL) values ('110033','106','1');
Insert into MTX.MTXTB005_SERVICO_CANAL (NU_SERVICO_001,NU_CANAL_004,IC_STCO_SRVCO_CANAL) values ('110042','106','1');
Insert into MTX.MTXTB005_SERVICO_CANAL (NU_SERVICO_001,NU_CANAL_004,IC_STCO_SRVCO_CANAL) values ('110022','110','1');
Insert into MTX.MTXTB005_SERVICO_CANAL (NU_SERVICO_001,NU_CANAL_004,IC_STCO_SRVCO_CANAL) values ('110033','110','1');
Insert into MTX.MTXTB005_SERVICO_CANAL (NU_SERVICO_001,NU_CANAL_004,IC_STCO_SRVCO_CANAL) values ('110026','110','1');
Insert into MTX.MTXTB005_SERVICO_CANAL (NU_SERVICO_001,NU_CANAL_004,IC_STCO_SRVCO_CANAL) values ('110023','110','1');
Insert into MTX.MTXTB005_SERVICO_CANAL (NU_SERVICO_001,NU_CANAL_004,IC_STCO_SRVCO_CANAL) values ('110030','110','1');
Insert into MTX.MTXTB005_SERVICO_CANAL (NU_SERVICO_001,NU_CANAL_004,IC_STCO_SRVCO_CANAL) values ('110043','114','1');
Insert into MTX.MTXTB005_SERVICO_CANAL (NU_SERVICO_001,NU_CANAL_004,IC_STCO_SRVCO_CANAL) values ('110038','110','1');
Insert into MTX.MTXTB005_SERVICO_CANAL (NU_SERVICO_001,NU_CANAL_004,IC_STCO_SRVCO_CANAL) values ('110038','106','1');
Insert into MTX.MTXTB005_SERVICO_CANAL (NU_SERVICO_001,NU_CANAL_004,IC_STCO_SRVCO_CANAL) values ('110041','106','1');
Insert into MTX.MTXTB005_SERVICO_CANAL (NU_SERVICO_001,NU_CANAL_004,IC_STCO_SRVCO_CANAL) values ('110036','110','1');
Insert into MTX.MTXTB005_SERVICO_CANAL (NU_SERVICO_001,NU_CANAL_004,IC_STCO_SRVCO_CANAL) values ('110026','106','1');
Insert into MTX.MTXTB005_SERVICO_CANAL (NU_SERVICO_001,NU_CANAL_004,IC_STCO_SRVCO_CANAL) values ('110041','110','1');
Insert into MTX.MTXTB005_SERVICO_CANAL (NU_SERVICO_001,NU_CANAL_004,IC_STCO_SRVCO_CANAL) values ('110044','108','1');
Insert into MTX.MTXTB005_SERVICO_CANAL (NU_SERVICO_001,NU_CANAL_004,IC_STCO_SRVCO_CANAL) values ('110035','114','1');
Insert into MTX.MTXTB005_SERVICO_CANAL (NU_SERVICO_001,NU_CANAL_004,IC_STCO_SRVCO_CANAL) values ('110037','110','1');
Insert into MTX.MTXTB005_SERVICO_CANAL (NU_SERVICO_001,NU_CANAL_004,IC_STCO_SRVCO_CANAL) values ('110037','106','1');
Insert into MTX.MTXTB005_SERVICO_CANAL (NU_SERVICO_001,NU_CANAL_004,IC_STCO_SRVCO_CANAL) values ('110029','110','1');
Insert into MTX.MTXTB005_SERVICO_CANAL (NU_SERVICO_001,NU_CANAL_004,IC_STCO_SRVCO_CANAL) values ('110029','106','1');
Insert into MTX.MTXTB005_SERVICO_CANAL (NU_SERVICO_001,NU_CANAL_004,IC_STCO_SRVCO_CANAL) values ('110032','106','1');
Insert into MTX.MTXTB005_SERVICO_CANAL (NU_SERVICO_001,NU_CANAL_004,IC_STCO_SRVCO_CANAL) values ('110021','110','1');
Insert into MTX.MTXTB005_SERVICO_CANAL (NU_SERVICO_001,NU_CANAL_004,IC_STCO_SRVCO_CANAL) values ('110027','110','1');
Insert into MTX.MTXTB005_SERVICO_CANAL (NU_SERVICO_001,NU_CANAL_004,IC_STCO_SRVCO_CANAL) values ('110027','106','1');
Insert into MTX.MTXTB005_SERVICO_CANAL (NU_SERVICO_001,NU_CANAL_004,IC_STCO_SRVCO_CANAL) values ('110040','114','1');
Insert into MTX.MTXTB005_SERVICO_CANAL (NU_SERVICO_001,NU_CANAL_004,IC_STCO_SRVCO_CANAL) values ('110042','114','1');
Insert into MTX.MTXTB005_SERVICO_CANAL (NU_SERVICO_001,NU_CANAL_004,IC_STCO_SRVCO_CANAL) values ('110034','114','1');

-- ******************* PARAMETRO X SERVICO X CANAL  *********************** --
Insert into MTX.MTXTB013_PRMTO_SRVCO_CANAL (NU_PARAMETRO,NU_SERVICO_005,NU_CANAL_005,HH_LIMITE_INICIO,HH_LIMITE_FIM,DT_INCO_SLCTO_SRVCO,DT_FIM_SLCTO_SRVCO,VR_MNMO_SLCTO_SRVCO,VR_MXMO_SLCTO_SRVCO,DH_ATUALIZACAO) values ('109','110033','110',to_date('01/01/15 08:02:44','DD/MM/RR HH24:MI:SS'),to_date('01/01/17 23:02:44','DD/MM/RR HH24:MI:SS'),null,null,'1','1000',to_date('01/02/18 16:28:26','DD/MM/RR HH24:MI:SS'));
Insert into MTX.MTXTB013_PRMTO_SRVCO_CANAL (NU_PARAMETRO,NU_SERVICO_005,NU_CANAL_005,HH_LIMITE_INICIO,HH_LIMITE_FIM,DT_INCO_SLCTO_SRVCO,DT_FIM_SLCTO_SRVCO,VR_MNMO_SLCTO_SRVCO,VR_MXMO_SLCTO_SRVCO,DH_ATUALIZACAO) values ('114','110026','110',to_date('01/01/15 08:02:44','DD/MM/RR HH24:MI:SS'),to_date('01/01/20 21:02:44','DD/MM/RR HH24:MI:SS'),null,null,'1','1000',to_date('20/02/18 14:02:25','DD/MM/RR HH24:MI:SS'));
Insert into MTX.MTXTB013_PRMTO_SRVCO_CANAL (NU_PARAMETRO,NU_SERVICO_005,NU_CANAL_005,HH_LIMITE_INICIO,HH_LIMITE_FIM,DT_INCO_SLCTO_SRVCO,DT_FIM_SLCTO_SRVCO,VR_MNMO_SLCTO_SRVCO,VR_MXMO_SLCTO_SRVCO,DH_ATUALIZACAO) values ('129','110043','114',to_date('01/01/15 08:02:44','DD/MM/RR HH24:MI:SS'),to_date('01/01/17 21:02:44','DD/MM/RR HH24:MI:SS'),null,null,'1','1000',to_date('22/05/18 15:21:37','DD/MM/RR HH24:MI:SS'));
Insert into MTX.MTXTB013_PRMTO_SRVCO_CANAL (NU_PARAMETRO,NU_SERVICO_005,NU_CANAL_005,HH_LIMITE_INICIO,HH_LIMITE_FIM,DT_INCO_SLCTO_SRVCO,DT_FIM_SLCTO_SRVCO,VR_MNMO_SLCTO_SRVCO,VR_MXMO_SLCTO_SRVCO,DH_ATUALIZACAO) values ('135','110029','110',to_date('01/01/15 06:00:00','DD/MM/RR HH24:MI:SS'),to_date('01/01/15 21:30:00','DD/MM/RR HH24:MI:SS'),null,null,null,null,to_date('26/06/18 13:50:50','DD/MM/RR HH24:MI:SS'));
Insert into MTX.MTXTB013_PRMTO_SRVCO_CANAL (NU_PARAMETRO,NU_SERVICO_005,NU_CANAL_005,HH_LIMITE_INICIO,HH_LIMITE_FIM,DT_INCO_SLCTO_SRVCO,DT_FIM_SLCTO_SRVCO,VR_MNMO_SLCTO_SRVCO,VR_MXMO_SLCTO_SRVCO,DH_ATUALIZACAO) values ('136','110031','110',to_date('01/01/15 06:00:00','DD/MM/RR HH24:MI:SS'),to_date('01/01/15 21:30:00','DD/MM/RR HH24:MI:SS'),null,null,null,null,to_date('26/06/18 13:50:50','DD/MM/RR HH24:MI:SS'));
Insert into MTX.MTXTB013_PRMTO_SRVCO_CANAL (NU_PARAMETRO,NU_SERVICO_005,NU_CANAL_005,HH_LIMITE_INICIO,HH_LIMITE_FIM,DT_INCO_SLCTO_SRVCO,DT_FIM_SLCTO_SRVCO,VR_MNMO_SLCTO_SRVCO,VR_MXMO_SLCTO_SRVCO,DH_ATUALIZACAO) values ('137','110032','110',to_date('01/01/15 06:00:00','DD/MM/RR HH24:MI:SS'),to_date('01/01/15 21:30:00','DD/MM/RR HH24:MI:SS'),null,null,null,null,to_date('26/06/18 13:50:50','DD/MM/RR HH24:MI:SS'));
Insert into MTX.MTXTB013_PRMTO_SRVCO_CANAL (NU_PARAMETRO,NU_SERVICO_005,NU_CANAL_005,HH_LIMITE_INICIO,HH_LIMITE_FIM,DT_INCO_SLCTO_SRVCO,DT_FIM_SLCTO_SRVCO,VR_MNMO_SLCTO_SRVCO,VR_MXMO_SLCTO_SRVCO,DH_ATUALIZACAO) values ('138','110038','110',to_date('01/01/15 06:00:00','DD/MM/RR HH24:MI:SS'),to_date('01/01/15 21:30:00','DD/MM/RR HH24:MI:SS'),null,null,null,null,to_date('26/06/18 13:50:50','DD/MM/RR HH24:MI:SS'));
Insert into MTX.MTXTB013_PRMTO_SRVCO_CANAL (NU_PARAMETRO,NU_SERVICO_005,NU_CANAL_005,HH_LIMITE_INICIO,HH_LIMITE_FIM,DT_INCO_SLCTO_SRVCO,DT_FIM_SLCTO_SRVCO,VR_MNMO_SLCTO_SRVCO,VR_MXMO_SLCTO_SRVCO,DH_ATUALIZACAO) values ('139','110039','110',to_date('01/01/15 06:00:00','DD/MM/RR HH24:MI:SS'),to_date('01/01/15 21:30:00','DD/MM/RR HH24:MI:SS'),null,null,null,null,to_date('26/06/18 13:50:50','DD/MM/RR HH24:MI:SS'));
Insert into MTX.MTXTB013_PRMTO_SRVCO_CANAL (NU_PARAMETRO,NU_SERVICO_005,NU_CANAL_005,HH_LIMITE_INICIO,HH_LIMITE_FIM,DT_INCO_SLCTO_SRVCO,DT_FIM_SLCTO_SRVCO,VR_MNMO_SLCTO_SRVCO,VR_MXMO_SLCTO_SRVCO,DH_ATUALIZACAO) values ('120','110036','110',to_date('01/01/15 08:02:44','DD/MM/RR HH24:MI:SS'),to_date('01/01/17 21:02:44','DD/MM/RR HH24:MI:SS'),null,null,'1','1000',to_date('14/03/18 20:02:14','DD/MM/RR HH24:MI:SS'));
Insert into MTX.MTXTB013_PRMTO_SRVCO_CANAL (NU_PARAMETRO,NU_SERVICO_005,NU_CANAL_005,HH_LIMITE_INICIO,HH_LIMITE_FIM,DT_INCO_SLCTO_SRVCO,DT_FIM_SLCTO_SRVCO,VR_MNMO_SLCTO_SRVCO,VR_MXMO_SLCTO_SRVCO,DH_ATUALIZACAO) values ('121','110036','106',to_date('01/01/15 08:02:44','DD/MM/RR HH24:MI:SS'),to_date('01/01/17 21:02:44','DD/MM/RR HH24:MI:SS'),null,null,'1','1000',to_date('14/03/18 20:02:15','DD/MM/RR HH24:MI:SS'));
Insert into MTX.MTXTB013_PRMTO_SRVCO_CANAL (NU_PARAMETRO,NU_SERVICO_005,NU_CANAL_005,HH_LIMITE_INICIO,HH_LIMITE_FIM,DT_INCO_SLCTO_SRVCO,DT_FIM_SLCTO_SRVCO,VR_MNMO_SLCTO_SRVCO,VR_MXMO_SLCTO_SRVCO,DH_ATUALIZACAO) values ('124','110041','110',to_date('01/01/15 08:02:44','DD/MM/RR HH24:MI:SS'),to_date('01/01/17 21:02:44','DD/MM/RR HH24:MI:SS'),null,null,'1','1000',to_date('12/04/18 17:51:02','DD/MM/RR HH24:MI:SS'));
Insert into MTX.MTXTB013_PRMTO_SRVCO_CANAL (NU_PARAMETRO,NU_SERVICO_005,NU_CANAL_005,HH_LIMITE_INICIO,HH_LIMITE_FIM,DT_INCO_SLCTO_SRVCO,DT_FIM_SLCTO_SRVCO,VR_MNMO_SLCTO_SRVCO,VR_MXMO_SLCTO_SRVCO,DH_ATUALIZACAO) values ('123','110041','106',to_date('01/01/15 08:02:44','DD/MM/RR HH24:MI:SS'),to_date('01/01/17 21:02:44','DD/MM/RR HH24:MI:SS'),null,null,'1','1000',to_date('12/04/18 17:51:09','DD/MM/RR HH24:MI:SS'));
Insert into MTX.MTXTB013_PRMTO_SRVCO_CANAL (NU_PARAMETRO,NU_SERVICO_005,NU_CANAL_005,HH_LIMITE_INICIO,HH_LIMITE_FIM,DT_INCO_SLCTO_SRVCO,DT_FIM_SLCTO_SRVCO,VR_MNMO_SLCTO_SRVCO,VR_MXMO_SLCTO_SRVCO,DH_ATUALIZACAO) values ('111','110023','110',to_date('01/01/15 00:00:00','DD/MM/RR HH24:MI:SS'),to_date('01/01/20 00:00:00','DD/MM/RR HH24:MI:SS'),null,null,'1','1000',to_date('01/02/18 17:51:00','DD/MM/RR HH24:MI:SS'));
Insert into MTX.MTXTB013_PRMTO_SRVCO_CANAL (NU_PARAMETRO,NU_SERVICO_005,NU_CANAL_005,HH_LIMITE_INICIO,HH_LIMITE_FIM,DT_INCO_SLCTO_SRVCO,DT_FIM_SLCTO_SRVCO,VR_MNMO_SLCTO_SRVCO,VR_MXMO_SLCTO_SRVCO,DH_ATUALIZACAO) values ('117','110035','114',to_date('01/01/15 08:02:44','DD/MM/RR HH24:MI:SS'),to_date('01/01/17 21:02:44','DD/MM/RR HH24:MI:SS'),null,null,'1','1000',to_date('08/03/18 20:51:49','DD/MM/RR HH24:MI:SS'));
Insert into MTX.MTXTB013_PRMTO_SRVCO_CANAL (NU_PARAMETRO,NU_SERVICO_005,NU_CANAL_005,HH_LIMITE_INICIO,HH_LIMITE_FIM,DT_INCO_SLCTO_SRVCO,DT_FIM_SLCTO_SRVCO,VR_MNMO_SLCTO_SRVCO,VR_MXMO_SLCTO_SRVCO,DH_ATUALIZACAO) values ('118','110037','110',to_date('01/01/15 08:02:44','DD/MM/RR HH24:MI:SS'),to_date('01/01/17 21:02:44','DD/MM/RR HH24:MI:SS'),null,null,'1','1000',to_date('08/03/18 20:51:49','DD/MM/RR HH24:MI:SS'));
Insert into MTX.MTXTB013_PRMTO_SRVCO_CANAL (NU_PARAMETRO,NU_SERVICO_005,NU_CANAL_005,HH_LIMITE_INICIO,HH_LIMITE_FIM,DT_INCO_SLCTO_SRVCO,DT_FIM_SLCTO_SRVCO,VR_MNMO_SLCTO_SRVCO,VR_MXMO_SLCTO_SRVCO,DH_ATUALIZACAO) values ('119','110037','106',to_date('01/01/15 08:02:44','DD/MM/RR HH24:MI:SS'),to_date('01/01/17 21:02:44','DD/MM/RR HH24:MI:SS'),null,null,'1','1000',to_date('08/03/18 20:51:50','DD/MM/RR HH24:MI:SS'));
Insert into MTX.MTXTB013_PRMTO_SRVCO_CANAL (NU_PARAMETRO,NU_SERVICO_005,NU_CANAL_005,HH_LIMITE_INICIO,HH_LIMITE_FIM,DT_INCO_SLCTO_SRVCO,DT_FIM_SLCTO_SRVCO,VR_MNMO_SLCTO_SRVCO,VR_MXMO_SLCTO_SRVCO,DH_ATUALIZACAO) values ('132','110032','106',to_date('01/01/15 06:00:00','DD/MM/RR HH24:MI:SS'),to_date('01/01/15 21:30:00','DD/MM/RR HH24:MI:SS'),null,null,null,null,to_date('26/06/18 11:56:21','DD/MM/RR HH24:MI:SS'));
Insert into MTX.MTXTB013_PRMTO_SRVCO_CANAL (NU_PARAMETRO,NU_SERVICO_005,NU_CANAL_005,HH_LIMITE_INICIO,HH_LIMITE_FIM,DT_INCO_SLCTO_SRVCO,DT_FIM_SLCTO_SRVCO,VR_MNMO_SLCTO_SRVCO,VR_MXMO_SLCTO_SRVCO,DH_ATUALIZACAO) values ('133','110038','106',to_date('01/01/15 06:00:00','DD/MM/RR HH24:MI:SS'),to_date('01/01/15 21:30:00','DD/MM/RR HH24:MI:SS'),null,null,null,null,to_date('26/06/18 11:56:21','DD/MM/RR HH24:MI:SS'));
Insert into MTX.MTXTB013_PRMTO_SRVCO_CANAL (NU_PARAMETRO,NU_SERVICO_005,NU_CANAL_005,HH_LIMITE_INICIO,HH_LIMITE_FIM,DT_INCO_SLCTO_SRVCO,DT_FIM_SLCTO_SRVCO,VR_MNMO_SLCTO_SRVCO,VR_MXMO_SLCTO_SRVCO,DH_ATUALIZACAO) values ('130','110029','106',to_date('01/01/15 06:00:00','DD/MM/RR HH24:MI:SS'),to_date('01/01/15 21:30:00','DD/MM/RR HH24:MI:SS'),null,null,null,null,to_date('26/06/18 11:54:11','DD/MM/RR HH24:MI:SS'));
Insert into MTX.MTXTB013_PRMTO_SRVCO_CANAL (NU_PARAMETRO,NU_SERVICO_005,NU_CANAL_005,HH_LIMITE_INICIO,HH_LIMITE_FIM,DT_INCO_SLCTO_SRVCO,DT_FIM_SLCTO_SRVCO,VR_MNMO_SLCTO_SRVCO,VR_MXMO_SLCTO_SRVCO,DH_ATUALIZACAO) values ('131','110031','106',to_date('01/01/15 06:00:00','DD/MM/RR HH24:MI:SS'),to_date('01/01/15 21:30:00','DD/MM/RR HH24:MI:SS'),null,null,null,null,to_date('26/06/18 11:56:21','DD/MM/RR HH24:MI:SS'));
Insert into MTX.MTXTB013_PRMTO_SRVCO_CANAL (NU_PARAMETRO,NU_SERVICO_005,NU_CANAL_005,HH_LIMITE_INICIO,HH_LIMITE_FIM,DT_INCO_SLCTO_SRVCO,DT_FIM_SLCTO_SRVCO,VR_MNMO_SLCTO_SRVCO,VR_MXMO_SLCTO_SRVCO,DH_ATUALIZACAO) values ('134','110039','106',to_date('01/01/15 06:00:00','DD/MM/RR HH24:MI:SS'),to_date('01/01/15 21:30:00','DD/MM/RR HH24:MI:SS'),null,null,null,null,to_date('26/06/18 11:56:21','DD/MM/RR HH24:MI:SS'));
Insert into MTX.MTXTB013_PRMTO_SRVCO_CANAL (NU_PARAMETRO,NU_SERVICO_005,NU_CANAL_005,HH_LIMITE_INICIO,HH_LIMITE_FIM,DT_INCO_SLCTO_SRVCO,DT_FIM_SLCTO_SRVCO,VR_MNMO_SLCTO_SRVCO,VR_MXMO_SLCTO_SRVCO,DH_ATUALIZACAO) values ('98','110021','110',to_date('01/01/15 08:02:44','DD/MM/RR HH24:MI:SS'),to_date('01/01/17 21:02:44','DD/MM/RR HH24:MI:SS'),null,null,'1','1000',to_date('29/08/17 16:54:01','DD/MM/RR HH24:MI:SS'));
Insert into MTX.MTXTB013_PRMTO_SRVCO_CANAL (NU_PARAMETRO,NU_SERVICO_005,NU_CANAL_005,HH_LIMITE_INICIO,HH_LIMITE_FIM,DT_INCO_SLCTO_SRVCO,DT_FIM_SLCTO_SRVCO,VR_MNMO_SLCTO_SRVCO,VR_MXMO_SLCTO_SRVCO,DH_ATUALIZACAO) values ('110','110030','110',to_date('01/01/15 08:02:44','DD/MM/RR HH24:MI:SS'),to_date('01/01/20 00:00:00','DD/MM/RR HH24:MI:SS'),null,null,'1','1000',to_date('24/01/18 14:25:43','DD/MM/RR HH24:MI:SS'));
Insert into MTX.MTXTB013_PRMTO_SRVCO_CANAL (NU_PARAMETRO,NU_SERVICO_005,NU_CANAL_005,HH_LIMITE_INICIO,HH_LIMITE_FIM,DT_INCO_SLCTO_SRVCO,DT_FIM_SLCTO_SRVCO,VR_MNMO_SLCTO_SRVCO,VR_MXMO_SLCTO_SRVCO,DH_ATUALIZACAO) values ('104','110027','110',to_date('01/01/15 08:02:44','DD/MM/RR HH24:MI:SS'),to_date('01/01/17 21:02:44','DD/MM/RR HH24:MI:SS'),null,null,'1','1000',to_date('19/02/18 16:46:09','DD/MM/RR HH24:MI:SS'));
Insert into MTX.MTXTB013_PRMTO_SRVCO_CANAL (NU_PARAMETRO,NU_SERVICO_005,NU_CANAL_005,HH_LIMITE_INICIO,HH_LIMITE_FIM,DT_INCO_SLCTO_SRVCO,DT_FIM_SLCTO_SRVCO,VR_MNMO_SLCTO_SRVCO,VR_MXMO_SLCTO_SRVCO,DH_ATUALIZACAO) values ('112','110027','110',to_date('01/01/15 08:02:44','DD/MM/RR HH24:MI:SS'),to_date('01/01/17 21:02:44','DD/MM/RR HH24:MI:SS'),null,null,'1','1000',to_date('19/02/18 16:51:18','DD/MM/RR HH24:MI:SS'));
Insert into MTX.MTXTB013_PRMTO_SRVCO_CANAL (NU_PARAMETRO,NU_SERVICO_005,NU_CANAL_005,HH_LIMITE_INICIO,HH_LIMITE_FIM,DT_INCO_SLCTO_SRVCO,DT_FIM_SLCTO_SRVCO,VR_MNMO_SLCTO_SRVCO,VR_MXMO_SLCTO_SRVCO,DH_ATUALIZACAO) values ('113','110027','106',to_date('01/01/15 08:02:44','DD/MM/RR HH24:MI:SS'),to_date('01/01/17 21:02:44','DD/MM/RR HH24:MI:SS'),null,null,'1','1000',to_date('19/02/18 16:51:20','DD/MM/RR HH24:MI:SS'));
Insert into MTX.MTXTB013_PRMTO_SRVCO_CANAL (NU_PARAMETRO,NU_SERVICO_005,NU_CANAL_005,HH_LIMITE_INICIO,HH_LIMITE_FIM,DT_INCO_SLCTO_SRVCO,DT_FIM_SLCTO_SRVCO,VR_MNMO_SLCTO_SRVCO,VR_MXMO_SLCTO_SRVCO,DH_ATUALIZACAO) values ('127','110042','114',to_date('01/01/15 08:02:44','DD/MM/RR HH24:MI:SS'),to_date('01/01/17 21:02:44','DD/MM/RR HH24:MI:SS'),null,null,'1','1000',to_date('09/05/18 15:43:17','DD/MM/RR HH24:MI:SS'));
Insert into MTX.MTXTB013_PRMTO_SRVCO_CANAL (NU_PARAMETRO,NU_SERVICO_005,NU_CANAL_005,HH_LIMITE_INICIO,HH_LIMITE_FIM,DT_INCO_SLCTO_SRVCO,DT_FIM_SLCTO_SRVCO,VR_MNMO_SLCTO_SRVCO,VR_MXMO_SLCTO_SRVCO,DH_ATUALIZACAO) values ('128','110034','114',to_date('01/01/15 08:02:44','DD/MM/RR HH24:MI:SS'),to_date('01/01/17 21:02:44','DD/MM/RR HH24:MI:SS'),null,null,'1','1000',to_date('14/05/18 18:52:03','DD/MM/RR HH24:MI:SS'));

-- ******************* SERVICO X TAREFA X CANAL  *********************** --
Insert into MTX.MTXTB020_SRVCO_TARFA_CANAL (NU_SERVICO_003,NU_VERSAO_SERVICO_003,NU_TAREFA_003,NU_VERSAO_TAREFA_003,NU_CANAL_004) values ('110021','1','100040','1','110');
Insert into MTX.MTXTB020_SRVCO_TARFA_CANAL (NU_SERVICO_003,NU_VERSAO_SERVICO_003,NU_TAREFA_003,NU_VERSAO_TAREFA_003,NU_CANAL_004) values ('110021','1','100042','1','110');
Insert into MTX.MTXTB020_SRVCO_TARFA_CANAL (NU_SERVICO_003,NU_VERSAO_SERVICO_003,NU_TAREFA_003,NU_VERSAO_TAREFA_003,NU_CANAL_004) values ('110023','1','100045','1','110');
Insert into MTX.MTXTB020_SRVCO_TARFA_CANAL (NU_SERVICO_003,NU_VERSAO_SERVICO_003,NU_TAREFA_003,NU_VERSAO_TAREFA_003,NU_CANAL_004) values ('110026','1','100025','1','110');
Insert into MTX.MTXTB020_SRVCO_TARFA_CANAL (NU_SERVICO_003,NU_VERSAO_SERVICO_003,NU_TAREFA_003,NU_VERSAO_TAREFA_003,NU_CANAL_004) values ('110026','1','100029','1','110');
Insert into MTX.MTXTB020_SRVCO_TARFA_CANAL (NU_SERVICO_003,NU_VERSAO_SERVICO_003,NU_TAREFA_003,NU_VERSAO_TAREFA_003,NU_CANAL_004) values ('110026','1','100040','1','110');
Insert into MTX.MTXTB020_SRVCO_TARFA_CANAL (NU_SERVICO_003,NU_VERSAO_SERVICO_003,NU_TAREFA_003,NU_VERSAO_TAREFA_003,NU_CANAL_004) values ('110026','1','100048','1','106');
Insert into MTX.MTXTB020_SRVCO_TARFA_CANAL (NU_SERVICO_003,NU_VERSAO_SERVICO_003,NU_TAREFA_003,NU_VERSAO_TAREFA_003,NU_CANAL_004) values ('110026','1','100048','1','110');
Insert into MTX.MTXTB020_SRVCO_TARFA_CANAL (NU_SERVICO_003,NU_VERSAO_SERVICO_003,NU_TAREFA_003,NU_VERSAO_TAREFA_003,NU_CANAL_004) values ('110026','1','100064','1','106');
Insert into MTX.MTXTB020_SRVCO_TARFA_CANAL (NU_SERVICO_003,NU_VERSAO_SERVICO_003,NU_TAREFA_003,NU_VERSAO_TAREFA_003,NU_CANAL_004) values ('110026','1','100064','1','110');
Insert into MTX.MTXTB020_SRVCO_TARFA_CANAL (NU_SERVICO_003,NU_VERSAO_SERVICO_003,NU_TAREFA_003,NU_VERSAO_TAREFA_003,NU_CANAL_004) values ('110027','1','100025','1','106');
Insert into MTX.MTXTB020_SRVCO_TARFA_CANAL (NU_SERVICO_003,NU_VERSAO_SERVICO_003,NU_TAREFA_003,NU_VERSAO_TAREFA_003,NU_CANAL_004) values ('110027','1','100025','1','110');
Insert into MTX.MTXTB020_SRVCO_TARFA_CANAL (NU_SERVICO_003,NU_VERSAO_SERVICO_003,NU_TAREFA_003,NU_VERSAO_TAREFA_003,NU_CANAL_004) values ('110027','1','100029','1','106');
Insert into MTX.MTXTB020_SRVCO_TARFA_CANAL (NU_SERVICO_003,NU_VERSAO_SERVICO_003,NU_TAREFA_003,NU_VERSAO_TAREFA_003,NU_CANAL_004) values ('110027','1','100029','1','110');
Insert into MTX.MTXTB020_SRVCO_TARFA_CANAL (NU_SERVICO_003,NU_VERSAO_SERVICO_003,NU_TAREFA_003,NU_VERSAO_TAREFA_003,NU_CANAL_004) values ('110027','1','100040','1','106');
Insert into MTX.MTXTB020_SRVCO_TARFA_CANAL (NU_SERVICO_003,NU_VERSAO_SERVICO_003,NU_TAREFA_003,NU_VERSAO_TAREFA_003,NU_CANAL_004) values ('110027','1','100040','1','110');
Insert into MTX.MTXTB020_SRVCO_TARFA_CANAL (NU_SERVICO_003,NU_VERSAO_SERVICO_003,NU_TAREFA_003,NU_VERSAO_TAREFA_003,NU_CANAL_004) values ('110027','1','100049','1','106');
Insert into MTX.MTXTB020_SRVCO_TARFA_CANAL (NU_SERVICO_003,NU_VERSAO_SERVICO_003,NU_TAREFA_003,NU_VERSAO_TAREFA_003,NU_CANAL_004) values ('110027','1','100049','1','110');
Insert into MTX.MTXTB020_SRVCO_TARFA_CANAL (NU_SERVICO_003,NU_VERSAO_SERVICO_003,NU_TAREFA_003,NU_VERSAO_TAREFA_003,NU_CANAL_004) values ('110027','1','100065','1','106');
Insert into MTX.MTXTB020_SRVCO_TARFA_CANAL (NU_SERVICO_003,NU_VERSAO_SERVICO_003,NU_TAREFA_003,NU_VERSAO_TAREFA_003,NU_CANAL_004) values ('110028','1','100025','1','113');
Insert into MTX.MTXTB020_SRVCO_TARFA_CANAL (NU_SERVICO_003,NU_VERSAO_SERVICO_003,NU_TAREFA_003,NU_VERSAO_TAREFA_003,NU_CANAL_004) values ('110029','1','100025','1','106');
Insert into MTX.MTXTB020_SRVCO_TARFA_CANAL (NU_SERVICO_003,NU_VERSAO_SERVICO_003,NU_TAREFA_003,NU_VERSAO_TAREFA_003,NU_CANAL_004) values ('110029','1','100029','1','106');
Insert into MTX.MTXTB020_SRVCO_TARFA_CANAL (NU_SERVICO_003,NU_VERSAO_SERVICO_003,NU_TAREFA_003,NU_VERSAO_TAREFA_003,NU_CANAL_004) values ('110029','1','100040','1','110');
Insert into MTX.MTXTB020_SRVCO_TARFA_CANAL (NU_SERVICO_003,NU_VERSAO_SERVICO_003,NU_TAREFA_003,NU_VERSAO_TAREFA_003,NU_CANAL_004) values ('110029','1','100050','1','106');
Insert into MTX.MTXTB020_SRVCO_TARFA_CANAL (NU_SERVICO_003,NU_VERSAO_SERVICO_003,NU_TAREFA_003,NU_VERSAO_TAREFA_003,NU_CANAL_004) values ('110029','1','100050','1','110');
Insert into MTX.MTXTB020_SRVCO_TARFA_CANAL (NU_SERVICO_003,NU_VERSAO_SERVICO_003,NU_TAREFA_003,NU_VERSAO_TAREFA_003,NU_CANAL_004) values ('110029','1','100051','1','106');
Insert into MTX.MTXTB020_SRVCO_TARFA_CANAL (NU_SERVICO_003,NU_VERSAO_SERVICO_003,NU_TAREFA_003,NU_VERSAO_TAREFA_003,NU_CANAL_004) values ('110029','1','100051','1','110');
Insert into MTX.MTXTB020_SRVCO_TARFA_CANAL (NU_SERVICO_003,NU_VERSAO_SERVICO_003,NU_TAREFA_003,NU_VERSAO_TAREFA_003,NU_CANAL_004) values ('110029','1','100069','1','106');
Insert into MTX.MTXTB020_SRVCO_TARFA_CANAL (NU_SERVICO_003,NU_VERSAO_SERVICO_003,NU_TAREFA_003,NU_VERSAO_TAREFA_003,NU_CANAL_004) values ('110029','1','100069','1','110');
Insert into MTX.MTXTB020_SRVCO_TARFA_CANAL (NU_SERVICO_003,NU_VERSAO_SERVICO_003,NU_TAREFA_003,NU_VERSAO_TAREFA_003,NU_CANAL_004) values ('110030','1','100043','1','110');
Insert into MTX.MTXTB020_SRVCO_TARFA_CANAL (NU_SERVICO_003,NU_VERSAO_SERVICO_003,NU_TAREFA_003,NU_VERSAO_TAREFA_003,NU_CANAL_004) values ('110030','1','100055','1','110');
Insert into MTX.MTXTB020_SRVCO_TARFA_CANAL (NU_SERVICO_003,NU_VERSAO_SERVICO_003,NU_TAREFA_003,NU_VERSAO_TAREFA_003,NU_CANAL_004) values ('110030','1','100056','1','110');
Insert into MTX.MTXTB020_SRVCO_TARFA_CANAL (NU_SERVICO_003,NU_VERSAO_SERVICO_003,NU_TAREFA_003,NU_VERSAO_TAREFA_003,NU_CANAL_004) values ('110031','1','100040','1','110');
Insert into MTX.MTXTB020_SRVCO_TARFA_CANAL (NU_SERVICO_003,NU_VERSAO_SERVICO_003,NU_TAREFA_003,NU_VERSAO_TAREFA_003,NU_CANAL_004) values ('110031','1','100053','1','106');
Insert into MTX.MTXTB020_SRVCO_TARFA_CANAL (NU_SERVICO_003,NU_VERSAO_SERVICO_003,NU_TAREFA_003,NU_VERSAO_TAREFA_003,NU_CANAL_004) values ('110031','1','100053','1','110');
Insert into MTX.MTXTB020_SRVCO_TARFA_CANAL (NU_SERVICO_003,NU_VERSAO_SERVICO_003,NU_TAREFA_003,NU_VERSAO_TAREFA_003,NU_CANAL_004) values ('110031','1','100054','1','106');
Insert into MTX.MTXTB020_SRVCO_TARFA_CANAL (NU_SERVICO_003,NU_VERSAO_SERVICO_003,NU_TAREFA_003,NU_VERSAO_TAREFA_003,NU_CANAL_004) values ('110031','1','100054','1','110');
Insert into MTX.MTXTB020_SRVCO_TARFA_CANAL (NU_SERVICO_003,NU_VERSAO_SERVICO_003,NU_TAREFA_003,NU_VERSAO_TAREFA_003,NU_CANAL_004) values ('110031','1','100060','1','106');
Insert into MTX.MTXTB020_SRVCO_TARFA_CANAL (NU_SERVICO_003,NU_VERSAO_SERVICO_003,NU_TAREFA_003,NU_VERSAO_TAREFA_003,NU_CANAL_004) values ('110031','1','100060','1','110');
Insert into MTX.MTXTB020_SRVCO_TARFA_CANAL (NU_SERVICO_003,NU_VERSAO_SERVICO_003,NU_TAREFA_003,NU_VERSAO_TAREFA_003,NU_CANAL_004) values ('110031','1','100067','1','106');
Insert into MTX.MTXTB020_SRVCO_TARFA_CANAL (NU_SERVICO_003,NU_VERSAO_SERVICO_003,NU_TAREFA_003,NU_VERSAO_TAREFA_003,NU_CANAL_004) values ('110031','1','100067','1','110');
Insert into MTX.MTXTB020_SRVCO_TARFA_CANAL (NU_SERVICO_003,NU_VERSAO_SERVICO_003,NU_TAREFA_003,NU_VERSAO_TAREFA_003,NU_CANAL_004) values ('110031','1','100068','1','106');
Insert into MTX.MTXTB020_SRVCO_TARFA_CANAL (NU_SERVICO_003,NU_VERSAO_SERVICO_003,NU_TAREFA_003,NU_VERSAO_TAREFA_003,NU_CANAL_004) values ('110031','1','100068','1','110');
Insert into MTX.MTXTB020_SRVCO_TARFA_CANAL (NU_SERVICO_003,NU_VERSAO_SERVICO_003,NU_TAREFA_003,NU_VERSAO_TAREFA_003,NU_CANAL_004) values ('110032','1','100043','1','106');
Insert into MTX.MTXTB020_SRVCO_TARFA_CANAL (NU_SERVICO_003,NU_VERSAO_SERVICO_003,NU_TAREFA_003,NU_VERSAO_TAREFA_003,NU_CANAL_004) values ('110032','1','100043','1','110');
Insert into MTX.MTXTB020_SRVCO_TARFA_CANAL (NU_SERVICO_003,NU_VERSAO_SERVICO_003,NU_TAREFA_003,NU_VERSAO_TAREFA_003,NU_CANAL_004) values ('110032','1','100057','1','106');
Insert into MTX.MTXTB020_SRVCO_TARFA_CANAL (NU_SERVICO_003,NU_VERSAO_SERVICO_003,NU_TAREFA_003,NU_VERSAO_TAREFA_003,NU_CANAL_004) values ('110032','1','100057','1','110');
Insert into MTX.MTXTB020_SRVCO_TARFA_CANAL (NU_SERVICO_003,NU_VERSAO_SERVICO_003,NU_TAREFA_003,NU_VERSAO_TAREFA_003,NU_CANAL_004) values ('110032','1','100058','1','106');
Insert into MTX.MTXTB020_SRVCO_TARFA_CANAL (NU_SERVICO_003,NU_VERSAO_SERVICO_003,NU_TAREFA_003,NU_VERSAO_TAREFA_003,NU_CANAL_004) values ('110032','1','100058','1','110');
Insert into MTX.MTXTB020_SRVCO_TARFA_CANAL (NU_SERVICO_003,NU_VERSAO_SERVICO_003,NU_TAREFA_003,NU_VERSAO_TAREFA_003,NU_CANAL_004) values ('110032','1','100059','1','106');
Insert into MTX.MTXTB020_SRVCO_TARFA_CANAL (NU_SERVICO_003,NU_VERSAO_SERVICO_003,NU_TAREFA_003,NU_VERSAO_TAREFA_003,NU_CANAL_004) values ('110032','1','100059','1','110');
Insert into MTX.MTXTB020_SRVCO_TARFA_CANAL (NU_SERVICO_003,NU_VERSAO_SERVICO_003,NU_TAREFA_003,NU_VERSAO_TAREFA_003,NU_CANAL_004) values ('110033','1','100043','1','110');
Insert into MTX.MTXTB020_SRVCO_TARFA_CANAL (NU_SERVICO_003,NU_VERSAO_SERVICO_003,NU_TAREFA_003,NU_VERSAO_TAREFA_003,NU_CANAL_004) values ('110033','1','100043','1','114');
Insert into MTX.MTXTB020_SRVCO_TARFA_CANAL (NU_SERVICO_003,NU_VERSAO_SERVICO_003,NU_TAREFA_003,NU_VERSAO_TAREFA_003,NU_CANAL_004) values ('110033','1','100058','1','110');
Insert into MTX.MTXTB020_SRVCO_TARFA_CANAL (NU_SERVICO_003,NU_VERSAO_SERVICO_003,NU_TAREFA_003,NU_VERSAO_TAREFA_003,NU_CANAL_004) values ('110033','1','100058','1','114');
Insert into MTX.MTXTB020_SRVCO_TARFA_CANAL (NU_SERVICO_003,NU_VERSAO_SERVICO_003,NU_TAREFA_003,NU_VERSAO_TAREFA_003,NU_CANAL_004) values ('110034','1','100061','1','114');
Insert into MTX.MTXTB020_SRVCO_TARFA_CANAL (NU_SERVICO_003,NU_VERSAO_SERVICO_003,NU_TAREFA_003,NU_VERSAO_TAREFA_003,NU_CANAL_004) values ('110034','1','100062','1','114');
Insert into MTX.MTXTB020_SRVCO_TARFA_CANAL (NU_SERVICO_003,NU_VERSAO_SERVICO_003,NU_TAREFA_003,NU_VERSAO_TAREFA_003,NU_CANAL_004) values ('110034','1','100063','1','114');
Insert into MTX.MTXTB020_SRVCO_TARFA_CANAL (NU_SERVICO_003,NU_VERSAO_SERVICO_003,NU_TAREFA_003,NU_VERSAO_TAREFA_003,NU_CANAL_004) values ('110035','1','100050','1','114');
Insert into MTX.MTXTB020_SRVCO_TARFA_CANAL (NU_SERVICO_003,NU_VERSAO_SERVICO_003,NU_TAREFA_003,NU_VERSAO_TAREFA_003,NU_CANAL_004) values ('110035','1','100057','1','114');
Insert into MTX.MTXTB020_SRVCO_TARFA_CANAL (NU_SERVICO_003,NU_VERSAO_SERVICO_003,NU_TAREFA_003,NU_VERSAO_TAREFA_003,NU_CANAL_004) values ('110035','1','100059','1','114');
Insert into MTX.MTXTB020_SRVCO_TARFA_CANAL (NU_SERVICO_003,NU_VERSAO_SERVICO_003,NU_TAREFA_003,NU_VERSAO_TAREFA_003,NU_CANAL_004) values ('110035','1','100068','1','114');
Insert into MTX.MTXTB020_SRVCO_TARFA_CANAL (NU_SERVICO_003,NU_VERSAO_SERVICO_003,NU_TAREFA_003,NU_VERSAO_TAREFA_003,NU_CANAL_004) values ('110036','1','100025','1','106');
Insert into MTX.MTXTB020_SRVCO_TARFA_CANAL (NU_SERVICO_003,NU_VERSAO_SERVICO_003,NU_TAREFA_003,NU_VERSAO_TAREFA_003,NU_CANAL_004) values ('110036','1','100029','1','106');
Insert into MTX.MTXTB020_SRVCO_TARFA_CANAL (NU_SERVICO_003,NU_VERSAO_SERVICO_003,NU_TAREFA_003,NU_VERSAO_TAREFA_003,NU_CANAL_004) values ('110036','1','100040','1','110');
Insert into MTX.MTXTB020_SRVCO_TARFA_CANAL (NU_SERVICO_003,NU_VERSAO_SERVICO_003,NU_TAREFA_003,NU_VERSAO_TAREFA_003,NU_CANAL_004) values ('110036','1','100064','1','106');
Insert into MTX.MTXTB020_SRVCO_TARFA_CANAL (NU_SERVICO_003,NU_VERSAO_SERVICO_003,NU_TAREFA_003,NU_VERSAO_TAREFA_003,NU_CANAL_004) values ('110036','1','100064','1','110');
Insert into MTX.MTXTB020_SRVCO_TARFA_CANAL (NU_SERVICO_003,NU_VERSAO_SERVICO_003,NU_TAREFA_003,NU_VERSAO_TAREFA_003,NU_CANAL_004) values ('110037','1','100040','1','110');
Insert into MTX.MTXTB020_SRVCO_TARFA_CANAL (NU_SERVICO_003,NU_VERSAO_SERVICO_003,NU_TAREFA_003,NU_VERSAO_TAREFA_003,NU_CANAL_004) values ('110037','1','100061','1','106');
Insert into MTX.MTXTB020_SRVCO_TARFA_CANAL (NU_SERVICO_003,NU_VERSAO_SERVICO_003,NU_TAREFA_003,NU_VERSAO_TAREFA_003,NU_CANAL_004) values ('110037','1','100061','1','110');
Insert into MTX.MTXTB020_SRVCO_TARFA_CANAL (NU_SERVICO_003,NU_VERSAO_SERVICO_003,NU_TAREFA_003,NU_VERSAO_TAREFA_003,NU_CANAL_004) values ('110037','1','100065','1','106');
Insert into MTX.MTXTB020_SRVCO_TARFA_CANAL (NU_SERVICO_003,NU_VERSAO_SERVICO_003,NU_TAREFA_003,NU_VERSAO_TAREFA_003,NU_CANAL_004) values ('110037','1','100065','1','110');
Insert into MTX.MTXTB020_SRVCO_TARFA_CANAL (NU_SERVICO_003,NU_VERSAO_SERVICO_003,NU_TAREFA_003,NU_VERSAO_TAREFA_003,NU_CANAL_004) values ('110038','1','100040','1','106');
Insert into MTX.MTXTB020_SRVCO_TARFA_CANAL (NU_SERVICO_003,NU_VERSAO_SERVICO_003,NU_TAREFA_003,NU_VERSAO_TAREFA_003,NU_CANAL_004) values ('110038','1','100040','1','110');
Insert into MTX.MTXTB020_SRVCO_TARFA_CANAL (NU_SERVICO_003,NU_VERSAO_SERVICO_003,NU_TAREFA_003,NU_VERSAO_TAREFA_003,NU_CANAL_004) values ('110038','1','100053','1','106');
Insert into MTX.MTXTB020_SRVCO_TARFA_CANAL (NU_SERVICO_003,NU_VERSAO_SERVICO_003,NU_TAREFA_003,NU_VERSAO_TAREFA_003,NU_CANAL_004) values ('110038','1','100053','1','110');
Insert into MTX.MTXTB020_SRVCO_TARFA_CANAL (NU_SERVICO_003,NU_VERSAO_SERVICO_003,NU_TAREFA_003,NU_VERSAO_TAREFA_003,NU_CANAL_004) values ('110038','1','100054','1','106');
Insert into MTX.MTXTB020_SRVCO_TARFA_CANAL (NU_SERVICO_003,NU_VERSAO_SERVICO_003,NU_TAREFA_003,NU_VERSAO_TAREFA_003,NU_CANAL_004) values ('110038','1','100054','1','110');
Insert into MTX.MTXTB020_SRVCO_TARFA_CANAL (NU_SERVICO_003,NU_VERSAO_SERVICO_003,NU_TAREFA_003,NU_VERSAO_TAREFA_003,NU_CANAL_004) values ('110038','1','100060','1','106');
Insert into MTX.MTXTB020_SRVCO_TARFA_CANAL (NU_SERVICO_003,NU_VERSAO_SERVICO_003,NU_TAREFA_003,NU_VERSAO_TAREFA_003,NU_CANAL_004) values ('110038','1','100060','1','110');
Insert into MTX.MTXTB020_SRVCO_TARFA_CANAL (NU_SERVICO_003,NU_VERSAO_SERVICO_003,NU_TAREFA_003,NU_VERSAO_TAREFA_003,NU_CANAL_004) values ('110038','1','100067','1','106');
Insert into MTX.MTXTB020_SRVCO_TARFA_CANAL (NU_SERVICO_003,NU_VERSAO_SERVICO_003,NU_TAREFA_003,NU_VERSAO_TAREFA_003,NU_CANAL_004) values ('110038','1','100067','1','110');
Insert into MTX.MTXTB020_SRVCO_TARFA_CANAL (NU_SERVICO_003,NU_VERSAO_SERVICO_003,NU_TAREFA_003,NU_VERSAO_TAREFA_003,NU_CANAL_004) values ('110038','1','100068','1','106');
Insert into MTX.MTXTB020_SRVCO_TARFA_CANAL (NU_SERVICO_003,NU_VERSAO_SERVICO_003,NU_TAREFA_003,NU_VERSAO_TAREFA_003,NU_CANAL_004) values ('110038','1','100068','1','110');
Insert into MTX.MTXTB020_SRVCO_TARFA_CANAL (NU_SERVICO_003,NU_VERSAO_SERVICO_003,NU_TAREFA_003,NU_VERSAO_TAREFA_003,NU_CANAL_004) values ('110039','1','100043','1','106');
Insert into MTX.MTXTB020_SRVCO_TARFA_CANAL (NU_SERVICO_003,NU_VERSAO_SERVICO_003,NU_TAREFA_003,NU_VERSAO_TAREFA_003,NU_CANAL_004) values ('110039','1','100043','1','110');
Insert into MTX.MTXTB020_SRVCO_TARFA_CANAL (NU_SERVICO_003,NU_VERSAO_SERVICO_003,NU_TAREFA_003,NU_VERSAO_TAREFA_003,NU_CANAL_004) values ('110039','1','100057','1','106');
Insert into MTX.MTXTB020_SRVCO_TARFA_CANAL (NU_SERVICO_003,NU_VERSAO_SERVICO_003,NU_TAREFA_003,NU_VERSAO_TAREFA_003,NU_CANAL_004) values ('110039','1','100057','1','110');
Insert into MTX.MTXTB020_SRVCO_TARFA_CANAL (NU_SERVICO_003,NU_VERSAO_SERVICO_003,NU_TAREFA_003,NU_VERSAO_TAREFA_003,NU_CANAL_004) values ('110039','1','100058','1','106');
Insert into MTX.MTXTB020_SRVCO_TARFA_CANAL (NU_SERVICO_003,NU_VERSAO_SERVICO_003,NU_TAREFA_003,NU_VERSAO_TAREFA_003,NU_CANAL_004) values ('110039','1','100058','1','110');
Insert into MTX.MTXTB020_SRVCO_TARFA_CANAL (NU_SERVICO_003,NU_VERSAO_SERVICO_003,NU_TAREFA_003,NU_VERSAO_TAREFA_003,NU_CANAL_004) values ('110040','1','100057','1','114');
Insert into MTX.MTXTB020_SRVCO_TARFA_CANAL (NU_SERVICO_003,NU_VERSAO_SERVICO_003,NU_TAREFA_003,NU_VERSAO_TAREFA_003,NU_CANAL_004) values ('110041','1','100025','1','106');
Insert into MTX.MTXTB020_SRVCO_TARFA_CANAL (NU_SERVICO_003,NU_VERSAO_SERVICO_003,NU_TAREFA_003,NU_VERSAO_TAREFA_003,NU_CANAL_004) values ('110041','1','100029','1','106');
Insert into MTX.MTXTB020_SRVCO_TARFA_CANAL (NU_SERVICO_003,NU_VERSAO_SERVICO_003,NU_TAREFA_003,NU_VERSAO_TAREFA_003,NU_CANAL_004) values ('110041','1','100040','1','110');
Insert into MTX.MTXTB020_SRVCO_TARFA_CANAL (NU_SERVICO_003,NU_VERSAO_SERVICO_003,NU_TAREFA_003,NU_VERSAO_TAREFA_003,NU_CANAL_004) values ('110041','1','100065','1','106');
Insert into MTX.MTXTB020_SRVCO_TARFA_CANAL (NU_SERVICO_003,NU_VERSAO_SERVICO_003,NU_TAREFA_003,NU_VERSAO_TAREFA_003,NU_CANAL_004) values ('110041','1','100065','1','110');
Insert into MTX.MTXTB020_SRVCO_TARFA_CANAL (NU_SERVICO_003,NU_VERSAO_SERVICO_003,NU_TAREFA_003,NU_VERSAO_TAREFA_003,NU_CANAL_004) values ('110042','1','100061','1','114');
Insert into MTX.MTXTB020_SRVCO_TARFA_CANAL (NU_SERVICO_003,NU_VERSAO_SERVICO_003,NU_TAREFA_003,NU_VERSAO_TAREFA_003,NU_CANAL_004) values ('110044','1','100025','1','106');
Insert into MTX.MTXTB020_SRVCO_TARFA_CANAL (NU_SERVICO_003,NU_VERSAO_SERVICO_003,NU_TAREFA_003,NU_VERSAO_TAREFA_003,NU_CANAL_004) values ('110044','1','100025','1','108');
Insert into MTX.MTXTB020_SRVCO_TARFA_CANAL (NU_SERVICO_003,NU_VERSAO_SERVICO_003,NU_TAREFA_003,NU_VERSAO_TAREFA_003,NU_CANAL_004) values ('110044','1','100071','1','106');
Insert into MTX.MTXTB020_SRVCO_TARFA_CANAL (NU_SERVICO_003,NU_VERSAO_SERVICO_003,NU_TAREFA_003,NU_VERSAO_TAREFA_003,NU_CANAL_004) values ('110044','1','100071','1','108');

-- ******************* MEIO ENTRADA  *********************** --
Insert into MTX.MTXTB008_MEIO_ENTRADA (NU_MEIO_ENTRADA,NO_MEIO_ENTRADA,IC_SITUACAO) values ('4','#VALIDA_CARTAO#VALIDA_SENHA','1');
Insert into MTX.MTXTB008_MEIO_ENTRADA (NU_MEIO_ENTRADA,NO_MEIO_ENTRADA,IC_SITUACAO) values ('1','#VALIDA_PERMISSAO','1');
Insert into MTX.MTXTB008_MEIO_ENTRADA (NU_MEIO_ENTRADA,NO_MEIO_ENTRADA,IC_SITUACAO) values ('3','#CARTAO','1');
Insert into MTX.MTXTB008_MEIO_ENTRADA (NU_MEIO_ENTRADA,NO_MEIO_ENTRADA,IC_SITUACAO) values ('0','MEIO ENTRADA SEM TAREFAS','1');
Insert into MTX.MTXTB008_MEIO_ENTRADA (NU_MEIO_ENTRADA,NO_MEIO_ENTRADA,IC_SITUACAO) values ('2','#VALIDA_ASSINATURA_SIMPLES','1');
Insert into MTX.MTXTB008_MEIO_ENTRADA (NU_MEIO_ENTRADA,NO_MEIO_ENTRADA,IC_SITUACAO) values ('5','#VALIDA_ASSINATURA_MULTIPLA','1');

-- ******************* VERSAO TAREFA X MEIO ENTRADA  *********************** --
Insert into MTX.MTXTB010_VRSO_TARFA_MEIO_ENTRA (NU_TAREFA_012,NU_VERSAO_TAREFA_012,NU_MEIO_ENTRADA_008,IC_SITUACAO) values ('100025','1','3','1');
Insert into MTX.MTXTB010_VRSO_TARFA_MEIO_ENTRA (NU_TAREFA_012,NU_VERSAO_TAREFA_012,NU_MEIO_ENTRADA_008,IC_SITUACAO) values ('100046','1','5','1');
Insert into MTX.MTXTB010_VRSO_TARFA_MEIO_ENTRA (NU_TAREFA_012,NU_VERSAO_TAREFA_012,NU_MEIO_ENTRADA_008,IC_SITUACAO) values ('100043','1','2','1');
Insert into MTX.MTXTB010_VRSO_TARFA_MEIO_ENTRA (NU_TAREFA_012,NU_VERSAO_TAREFA_012,NU_MEIO_ENTRADA_008,IC_SITUACAO) values ('100043','1','5','1');
Insert into MTX.MTXTB010_VRSO_TARFA_MEIO_ENTRA (NU_TAREFA_012,NU_VERSAO_TAREFA_012,NU_MEIO_ENTRADA_008,IC_SITUACAO) values ('100040','1','1','1');
Insert into MTX.MTXTB010_VRSO_TARFA_MEIO_ENTRA (NU_TAREFA_012,NU_VERSAO_TAREFA_012,NU_MEIO_ENTRADA_008,IC_SITUACAO) values ('100025','1','4','1');
Insert into MTX.MTXTB010_VRSO_TARFA_MEIO_ENTRA (NU_TAREFA_012,NU_VERSAO_TAREFA_012,NU_MEIO_ENTRADA_008,IC_SITUACAO) values ('100029','1','4','1');

-- ******************* VERSAO MEIO ENTRADA X SERVICO  *********************** --
Insert into MTX.MTXTB018_VRSO_MEIO_ENTRA_SRVCO (NU_MEIO_ENTRADA_008,NU_SERVICO_011,NU_VERSAO_SERVICO_011,IC_SITUACAO,DH_ATUALIZACAO) values ('0','110031','1','1',to_date('28/03/18 12:14:12','DD/MM/RR HH24:MI:SS'));
Insert into MTX.MTXTB018_VRSO_MEIO_ENTRA_SRVCO (NU_MEIO_ENTRADA_008,NU_SERVICO_011,NU_VERSAO_SERVICO_011,IC_SITUACAO,DH_ATUALIZACAO) values ('1','110031','1','1',to_date('28/03/18 12:14:17','DD/MM/RR HH24:MI:SS'));
Insert into MTX.MTXTB018_VRSO_MEIO_ENTRA_SRVCO (NU_MEIO_ENTRADA_008,NU_SERVICO_011,NU_VERSAO_SERVICO_011,IC_SITUACAO,DH_ATUALIZACAO) values ('0','110030','1','1',to_date('19/01/18 00:00:00','DD/MM/RR HH24:MI:SS'));
Insert into MTX.MTXTB018_VRSO_MEIO_ENTRA_SRVCO (NU_MEIO_ENTRADA_008,NU_SERVICO_011,NU_VERSAO_SERVICO_011,IC_SITUACAO,DH_ATUALIZACAO) values ('2','110032','1','1',to_date('22/01/18 12:30:25','DD/MM/RR HH24:MI:SS'));
Insert into MTX.MTXTB018_VRSO_MEIO_ENTRA_SRVCO (NU_MEIO_ENTRADA_008,NU_SERVICO_011,NU_VERSAO_SERVICO_011,IC_SITUACAO,DH_ATUALIZACAO) values ('1','110039','1','1',to_date('02/04/18 15:48:14','DD/MM/RR HH24:MI:SS'));
Insert into MTX.MTXTB018_VRSO_MEIO_ENTRA_SRVCO (NU_MEIO_ENTRADA_008,NU_SERVICO_011,NU_VERSAO_SERVICO_011,IC_SITUACAO,DH_ATUALIZACAO) values ('3','110028','1','1',to_date('03/01/18 17:59:15','DD/MM/RR HH24:MI:SS'));
Insert into MTX.MTXTB018_VRSO_MEIO_ENTRA_SRVCO (NU_MEIO_ENTRADA_008,NU_SERVICO_011,NU_VERSAO_SERVICO_011,IC_SITUACAO,DH_ATUALIZACAO) values ('0','110039','1','1',to_date('02/04/18 15:48:14','DD/MM/RR HH24:MI:SS'));
Insert into MTX.MTXTB018_VRSO_MEIO_ENTRA_SRVCO (NU_MEIO_ENTRADA_008,NU_SERVICO_011,NU_VERSAO_SERVICO_011,IC_SITUACAO,DH_ATUALIZACAO) values ('0','110026','1','1',to_date('20/02/18 00:00:00','DD/MM/RR HH24:MI:SS'));
Insert into MTX.MTXTB018_VRSO_MEIO_ENTRA_SRVCO (NU_MEIO_ENTRADA_008,NU_SERVICO_011,NU_VERSAO_SERVICO_011,IC_SITUACAO,DH_ATUALIZACAO) values ('0','110032','1','1',to_date('01/02/18 00:00:00','DD/MM/RR HH24:MI:SS'));
Insert into MTX.MTXTB018_VRSO_MEIO_ENTRA_SRVCO (NU_MEIO_ENTRADA_008,NU_SERVICO_011,NU_VERSAO_SERVICO_011,IC_SITUACAO,DH_ATUALIZACAO) values ('1','110033','1','1',to_date('01/02/18 16:28:45','DD/MM/RR HH24:MI:SS'));
Insert into MTX.MTXTB018_VRSO_MEIO_ENTRA_SRVCO (NU_MEIO_ENTRADA_008,NU_SERVICO_011,NU_VERSAO_SERVICO_011,IC_SITUACAO,DH_ATUALIZACAO) values ('2','110030','1','1',to_date('19/01/18 18:42:10','DD/MM/RR HH24:MI:SS'));
Insert into MTX.MTXTB018_VRSO_MEIO_ENTRA_SRVCO (NU_MEIO_ENTRADA_008,NU_SERVICO_011,NU_VERSAO_SERVICO_011,IC_SITUACAO,DH_ATUALIZACAO) values ('5','110030','1','1',to_date('19/01/18 18:42:11','DD/MM/RR HH24:MI:SS'));
Insert into MTX.MTXTB018_VRSO_MEIO_ENTRA_SRVCO (NU_MEIO_ENTRADA_008,NU_SERVICO_011,NU_VERSAO_SERVICO_011,IC_SITUACAO,DH_ATUALIZACAO) values ('5','110023','1','1',to_date('19/01/18 18:42:11','DD/MM/RR HH24:MI:SS'));
Insert into MTX.MTXTB018_VRSO_MEIO_ENTRA_SRVCO (NU_MEIO_ENTRADA_008,NU_SERVICO_011,NU_VERSAO_SERVICO_011,IC_SITUACAO,DH_ATUALIZACAO) values ('5','110022','1','1',to_date('19/01/18 18:42:11','DD/MM/RR HH24:MI:SS'));
Insert into MTX.MTXTB018_VRSO_MEIO_ENTRA_SRVCO (NU_MEIO_ENTRADA_008,NU_SERVICO_011,NU_VERSAO_SERVICO_011,IC_SITUACAO,DH_ATUALIZACAO) values ('1','110026','1','1',to_date('20/02/18 14:05:39','DD/MM/RR HH24:MI:SS'));
Insert into MTX.MTXTB018_VRSO_MEIO_ENTRA_SRVCO (NU_MEIO_ENTRADA_008,NU_SERVICO_011,NU_VERSAO_SERVICO_011,IC_SITUACAO,DH_ATUALIZACAO) values ('4','110026','1','1',to_date('20/02/18 14:05:39','DD/MM/RR HH24:MI:SS'));
Insert into MTX.MTXTB018_VRSO_MEIO_ENTRA_SRVCO (NU_MEIO_ENTRADA_008,NU_SERVICO_011,NU_VERSAO_SERVICO_011,IC_SITUACAO,DH_ATUALIZACAO) values ('0','110043','1','1',to_date('22/05/18 15:22:06','DD/MM/RR HH24:MI:SS'));
Insert into MTX.MTXTB018_VRSO_MEIO_ENTRA_SRVCO (NU_MEIO_ENTRADA_008,NU_SERVICO_011,NU_VERSAO_SERVICO_011,IC_SITUACAO,DH_ATUALIZACAO) values ('1','110036','1','1',to_date('14/03/18 20:18:58','DD/MM/RR HH24:MI:SS'));
Insert into MTX.MTXTB018_VRSO_MEIO_ENTRA_SRVCO (NU_MEIO_ENTRADA_008,NU_SERVICO_011,NU_VERSAO_SERVICO_011,IC_SITUACAO,DH_ATUALIZACAO) values ('4','110036','1','1',to_date('14/03/18 20:18:59','DD/MM/RR HH24:MI:SS'));
Insert into MTX.MTXTB018_VRSO_MEIO_ENTRA_SRVCO (NU_MEIO_ENTRADA_008,NU_SERVICO_011,NU_VERSAO_SERVICO_011,IC_SITUACAO,DH_ATUALIZACAO) values ('1','110038','1','1',to_date('29/03/18 17:46:20','DD/MM/RR HH24:MI:SS'));
Insert into MTX.MTXTB018_VRSO_MEIO_ENTRA_SRVCO (NU_MEIO_ENTRADA_008,NU_SERVICO_011,NU_VERSAO_SERVICO_011,IC_SITUACAO,DH_ATUALIZACAO) values ('0','110038','1','1',to_date('29/03/18 17:46:33','DD/MM/RR HH24:MI:SS'));
Insert into MTX.MTXTB018_VRSO_MEIO_ENTRA_SRVCO (NU_MEIO_ENTRADA_008,NU_SERVICO_011,NU_VERSAO_SERVICO_011,IC_SITUACAO,DH_ATUALIZACAO) values ('1','110041','1','1',to_date('12/04/18 18:02:02','DD/MM/RR HH24:MI:SS'));
Insert into MTX.MTXTB018_VRSO_MEIO_ENTRA_SRVCO (NU_MEIO_ENTRADA_008,NU_SERVICO_011,NU_VERSAO_SERVICO_011,IC_SITUACAO,DH_ATUALIZACAO) values ('4','110041','1','1',to_date('12/04/18 18:02:08','DD/MM/RR HH24:MI:SS'));
Insert into MTX.MTXTB018_VRSO_MEIO_ENTRA_SRVCO (NU_MEIO_ENTRADA_008,NU_SERVICO_011,NU_VERSAO_SERVICO_011,IC_SITUACAO,DH_ATUALIZACAO) values ('0','110041','1','1',to_date('12/04/18 18:01:13','DD/MM/RR HH24:MI:SS'));
Insert into MTX.MTXTB018_VRSO_MEIO_ENTRA_SRVCO (NU_MEIO_ENTRADA_008,NU_SERVICO_011,NU_VERSAO_SERVICO_011,IC_SITUACAO,DH_ATUALIZACAO) values ('3','110044','1','1',to_date('05/06/18 15:51:27','DD/MM/RR HH24:MI:SS'));
Insert into MTX.MTXTB018_VRSO_MEIO_ENTRA_SRVCO (NU_MEIO_ENTRADA_008,NU_SERVICO_011,NU_VERSAO_SERVICO_011,IC_SITUACAO,DH_ATUALIZACAO) values ('5','110024','1','1',to_date('01/02/18 17:38:24','DD/MM/RR HH24:MI:SS'));
Insert into MTX.MTXTB018_VRSO_MEIO_ENTRA_SRVCO (NU_MEIO_ENTRADA_008,NU_SERVICO_011,NU_VERSAO_SERVICO_011,IC_SITUACAO,DH_ATUALIZACAO) values ('1','110037','1','1',to_date('08/03/18 20:52:23','DD/MM/RR HH24:MI:SS'));
Insert into MTX.MTXTB018_VRSO_MEIO_ENTRA_SRVCO (NU_MEIO_ENTRADA_008,NU_SERVICO_011,NU_VERSAO_SERVICO_011,IC_SITUACAO,DH_ATUALIZACAO) values ('4','110037','1','1',to_date('08/03/18 20:52:24','DD/MM/RR HH24:MI:SS'));
Insert into MTX.MTXTB018_VRSO_MEIO_ENTRA_SRVCO (NU_MEIO_ENTRADA_008,NU_SERVICO_011,NU_VERSAO_SERVICO_011,IC_SITUACAO,DH_ATUALIZACAO) values ('1','110029','1','1',to_date('28/03/18 15:07:11','DD/MM/RR HH24:MI:SS'));
Insert into MTX.MTXTB018_VRSO_MEIO_ENTRA_SRVCO (NU_MEIO_ENTRADA_008,NU_SERVICO_011,NU_VERSAO_SERVICO_011,IC_SITUACAO,DH_ATUALIZACAO) values ('4','110029','1','1',to_date('28/03/18 15:07:14','DD/MM/RR HH24:MI:SS'));
Insert into MTX.MTXTB018_VRSO_MEIO_ENTRA_SRVCO (NU_MEIO_ENTRADA_008,NU_SERVICO_011,NU_VERSAO_SERVICO_011,IC_SITUACAO,DH_ATUALIZACAO) values ('0','110029','1','1',to_date('28/03/18 15:07:07','DD/MM/RR HH24:MI:SS'));
Insert into MTX.MTXTB018_VRSO_MEIO_ENTRA_SRVCO (NU_MEIO_ENTRADA_008,NU_SERVICO_011,NU_VERSAO_SERVICO_011,IC_SITUACAO,DH_ATUALIZACAO) values ('0','110036','1','1',to_date('14/03/18 00:00:00','DD/MM/RR HH24:MI:SS'));
Insert into MTX.MTXTB018_VRSO_MEIO_ENTRA_SRVCO (NU_MEIO_ENTRADA_008,NU_SERVICO_011,NU_VERSAO_SERVICO_011,IC_SITUACAO,DH_ATUALIZACAO) values ('0','110023','1','1',to_date('19/01/18 00:00:00','DD/MM/RR HH24:MI:SS'));
Insert into MTX.MTXTB018_VRSO_MEIO_ENTRA_SRVCO (NU_MEIO_ENTRADA_008,NU_SERVICO_011,NU_VERSAO_SERVICO_011,IC_SITUACAO,DH_ATUALIZACAO) values ('1','110027','1','1',to_date('19/02/18 16:58:28','DD/MM/RR HH24:MI:SS'));
Insert into MTX.MTXTB018_VRSO_MEIO_ENTRA_SRVCO (NU_MEIO_ENTRADA_008,NU_SERVICO_011,NU_VERSAO_SERVICO_011,IC_SITUACAO,DH_ATUALIZACAO) values ('4','110027','1','1',to_date('19/02/18 16:58:29','DD/MM/RR HH24:MI:SS'));
Insert into MTX.MTXTB018_VRSO_MEIO_ENTRA_SRVCO (NU_MEIO_ENTRADA_008,NU_SERVICO_011,NU_VERSAO_SERVICO_011,IC_SITUACAO,DH_ATUALIZACAO) values ('0','110037','1','1',to_date('01/02/18 00:00:00','DD/MM/RR HH24:MI:SS'));
Insert into MTX.MTXTB018_VRSO_MEIO_ENTRA_SRVCO (NU_MEIO_ENTRADA_008,NU_SERVICO_011,NU_VERSAO_SERVICO_011,IC_SITUACAO,DH_ATUALIZACAO) values ('0','110027','1','1',to_date('19/02/18 00:00:00','DD/MM/RR HH24:MI:SS'));
Insert into MTX.MTXTB018_VRSO_MEIO_ENTRA_SRVCO (NU_MEIO_ENTRADA_008,NU_SERVICO_011,NU_VERSAO_SERVICO_011,IC_SITUACAO,DH_ATUALIZACAO) values ('0','110042','1','1',to_date('09/05/18 15:40:22','DD/MM/RR HH24:MI:SS'));

-- ******************* MARCAS CONTAS  *********************** --
Insert into MTX.MTXTB032_MARCA_CONTA (NU_MARCA_CONTA,CO_MARCA_CONTA,DE_MARCA_CONTA) values ('1','0006','CONTA INIBIDA PELA CAIXA');
Insert into MTX.MTXTB032_MARCA_CONTA (NU_MARCA_CONTA,CO_MARCA_CONTA,DE_MARCA_CONTA) values ('2','0064','INTERDICAO JUDICIAL ');
Insert into MTX.MTXTB032_MARCA_CONTA (NU_MARCA_CONTA,CO_MARCA_CONTA,DE_MARCA_CONTA) values ('3','0087','LIQUIDACAO JUDICIAL');
Insert into MTX.MTXTB032_MARCA_CONTA (NU_MARCA_CONTA,CO_MARCA_CONTA,DE_MARCA_CONTA) values ('4','0099','PORTAL DE CONVENIOS');
Insert into MTX.MTXTB032_MARCA_CONTA (NU_MARCA_CONTA,CO_MARCA_CONTA,DE_MARCA_CONTA) values ('5','0107','CONTA PNAGE');
Insert into MTX.MTXTB032_MARCA_CONTA (NU_MARCA_CONTA,CO_MARCA_CONTA,DE_MARCA_CONTA) values ('6','0110','VERIFICADA INCONFORME');
Insert into MTX.MTXTB032_MARCA_CONTA (NU_MARCA_CONTA,CO_MARCA_CONTA,DE_MARCA_CONTA) values ('7','0116','BLOQUEADA INTERNET');
Insert into MTX.MTXTB032_MARCA_CONTA (NU_MARCA_CONTA,CO_MARCA_CONTA,DE_MARCA_CONTA) values ('8','0130','CONTA BLOQUEADA');
Insert into MTX.MTXTB032_MARCA_CONTA (NU_MARCA_CONTA,CO_MARCA_CONTA,DE_MARCA_CONTA) values ('9','0132','BLOQUEIO DE CONTA MONITORAMENTO');
Insert into MTX.MTXTB032_MARCA_CONTA (NU_MARCA_CONTA,CO_MARCA_CONTA,DE_MARCA_CONTA) values ('10','0301','CONTA PROMOEX');
Insert into MTX.MTXTB032_MARCA_CONTA (NU_MARCA_CONTA,CO_MARCA_CONTA,DE_MARCA_CONTA) values ('11','0303','CONTA SEM DEBITO');
Insert into MTX.MTXTB032_MARCA_CONTA (NU_MARCA_CONTA,CO_MARCA_CONTA,DE_MARCA_CONTA) values ('12','BI','-');
Insert into MTX.MTXTB032_MARCA_CONTA (NU_MARCA_CONTA,CO_MARCA_CONTA,DE_MARCA_CONTA) values ('13','BJ','-');
Insert into MTX.MTXTB032_MARCA_CONTA (NU_MARCA_CONTA,CO_MARCA_CONTA,DE_MARCA_CONTA) values ('14','BQ','-');
Insert into MTX.MTXTB032_MARCA_CONTA (NU_MARCA_CONTA,CO_MARCA_CONTA,DE_MARCA_CONTA) values ('15','BT','-');
Insert into MTX.MTXTB032_MARCA_CONTA (NU_MARCA_CONTA,CO_MARCA_CONTA,DE_MARCA_CONTA) values ('16','DB','-');
Insert into MTX.MTXTB032_MARCA_CONTA (NU_MARCA_CONTA,CO_MARCA_CONTA,DE_MARCA_CONTA) values ('17','EG','-');
Insert into MTX.MTXTB032_MARCA_CONTA (NU_MARCA_CONTA,CO_MARCA_CONTA,DE_MARCA_CONTA) values ('18','EI','-');
Insert into MTX.MTXTB032_MARCA_CONTA (NU_MARCA_CONTA,CO_MARCA_CONTA,DE_MARCA_CONTA) values ('19','ET','-');
Insert into MTX.MTXTB032_MARCA_CONTA (NU_MARCA_CONTA,CO_MARCA_CONTA,DE_MARCA_CONTA) values ('20','FM','-');
Insert into MTX.MTXTB032_MARCA_CONTA (NU_MARCA_CONTA,CO_MARCA_CONTA,DE_MARCA_CONTA) values ('21','IJ','-');
Insert into MTX.MTXTB032_MARCA_CONTA (NU_MARCA_CONTA,CO_MARCA_CONTA,DE_MARCA_CONTA) values ('22','IT','-');
Insert into MTX.MTXTB032_MARCA_CONTA (NU_MARCA_CONTA,CO_MARCA_CONTA,DE_MARCA_CONTA) values ('23','JN','-');
Insert into MTX.MTXTB032_MARCA_CONTA (NU_MARCA_CONTA,CO_MARCA_CONTA,DE_MARCA_CONTA) values ('24','LJ','-');
Insert into MTX.MTXTB032_MARCA_CONTA (NU_MARCA_CONTA,CO_MARCA_CONTA,DE_MARCA_CONTA) values ('25','RG','-');

-- ******************* SERVICO X MARCAS CONTAS  *********************** --
Insert into MTX.MTXTB033_SERVICO_MARCA_CONTA (NU_MARCA_CONTA_032,NU_SERVICO_001) values ('1','110031');
Insert into MTX.MTXTB033_SERVICO_MARCA_CONTA (NU_MARCA_CONTA_032,NU_SERVICO_001) values ('1','110038');
Insert into MTX.MTXTB033_SERVICO_MARCA_CONTA (NU_MARCA_CONTA_032,NU_SERVICO_001) values ('2','110031');
Insert into MTX.MTXTB033_SERVICO_MARCA_CONTA (NU_MARCA_CONTA_032,NU_SERVICO_001) values ('2','110038');
Insert into MTX.MTXTB033_SERVICO_MARCA_CONTA (NU_MARCA_CONTA_032,NU_SERVICO_001) values ('3','110031');
Insert into MTX.MTXTB033_SERVICO_MARCA_CONTA (NU_MARCA_CONTA_032,NU_SERVICO_001) values ('3','110038');
Insert into MTX.MTXTB033_SERVICO_MARCA_CONTA (NU_MARCA_CONTA_032,NU_SERVICO_001) values ('4','110031');
Insert into MTX.MTXTB033_SERVICO_MARCA_CONTA (NU_MARCA_CONTA_032,NU_SERVICO_001) values ('4','110038');
Insert into MTX.MTXTB033_SERVICO_MARCA_CONTA (NU_MARCA_CONTA_032,NU_SERVICO_001) values ('5','110031');
Insert into MTX.MTXTB033_SERVICO_MARCA_CONTA (NU_MARCA_CONTA_032,NU_SERVICO_001) values ('5','110038');
Insert into MTX.MTXTB033_SERVICO_MARCA_CONTA (NU_MARCA_CONTA_032,NU_SERVICO_001) values ('6','110031');
Insert into MTX.MTXTB033_SERVICO_MARCA_CONTA (NU_MARCA_CONTA_032,NU_SERVICO_001) values ('6','110038');
Insert into MTX.MTXTB033_SERVICO_MARCA_CONTA (NU_MARCA_CONTA_032,NU_SERVICO_001) values ('7','110031');
Insert into MTX.MTXTB033_SERVICO_MARCA_CONTA (NU_MARCA_CONTA_032,NU_SERVICO_001) values ('7','110038');
Insert into MTX.MTXTB033_SERVICO_MARCA_CONTA (NU_MARCA_CONTA_032,NU_SERVICO_001) values ('8','110031');
Insert into MTX.MTXTB033_SERVICO_MARCA_CONTA (NU_MARCA_CONTA_032,NU_SERVICO_001) values ('8','110038');
Insert into MTX.MTXTB033_SERVICO_MARCA_CONTA (NU_MARCA_CONTA_032,NU_SERVICO_001) values ('9','110031');
Insert into MTX.MTXTB033_SERVICO_MARCA_CONTA (NU_MARCA_CONTA_032,NU_SERVICO_001) values ('9','110038');
Insert into MTX.MTXTB033_SERVICO_MARCA_CONTA (NU_MARCA_CONTA_032,NU_SERVICO_001) values ('10','110031');
Insert into MTX.MTXTB033_SERVICO_MARCA_CONTA (NU_MARCA_CONTA_032,NU_SERVICO_001) values ('10','110038');
Insert into MTX.MTXTB033_SERVICO_MARCA_CONTA (NU_MARCA_CONTA_032,NU_SERVICO_001) values ('11','110031');
Insert into MTX.MTXTB033_SERVICO_MARCA_CONTA (NU_MARCA_CONTA_032,NU_SERVICO_001) values ('11','110038');

-- ******************* PARAMETRO X SISTEMA  *********************** --
Insert into MTX.MTXTB023_PARAMETRO_SISTEMA (NU_PARAMETRO_SISTEMA,NO_PARAMETRO_SISTEMA,DE_CONTEUDO_PARAMETRO,DH_ATUALIZACAO_PARAMETRO) values ('11','PROCESSO_EXPURGO_HORA','23',to_date('16/04/18 00:00:00','DD/MM/RR HH24:MI:SS'));
Insert into MTX.MTXTB023_PARAMETRO_SISTEMA (NU_PARAMETRO_SISTEMA,NO_PARAMETRO_SISTEMA,DE_CONTEUDO_PARAMETRO,DH_ATUALIZACAO_PARAMETRO) values ('12','PROCESSO_EXPURGO_MINUTOS','55',to_date('16/04/18 00:00:00','DD/MM/RR HH24:MI:SS'));
Insert into MTX.MTXTB023_PARAMETRO_SISTEMA (NU_PARAMETRO_SISTEMA,NO_PARAMETRO_SISTEMA,DE_CONTEUDO_PARAMETRO,DH_ATUALIZACAO_PARAMETRO) values ('3','PAGAMENTO_AGENDADO_PERIODO_INTERVALO_HH_INI_HH_FIM','7-22',to_date('02/03/18 15:29:36','DD/MM/RR HH24:MI:SS'));
Insert into MTX.MTXTB023_PARAMETRO_SISTEMA (NU_PARAMETRO_SISTEMA,NO_PARAMETRO_SISTEMA,DE_CONTEUDO_PARAMETRO,DH_ATUALIZACAO_PARAMETRO) values ('4','PAGAMENTO_AGENDADO_PERIODO_INTERVALO_MIN_EXECUCAO','*/30',to_date('02/03/18 15:29:36','DD/MM/RR HH24:MI:SS'));
Insert into MTX.MTXTB023_PARAMETRO_SISTEMA (NU_PARAMETRO_SISTEMA,NO_PARAMETRO_SISTEMA,DE_CONTEUDO_PARAMETRO,DH_ATUALIZACAO_PARAMETRO) values ('5','PAGAMENTO_AGENDADO_ULTIMO_PERIODO_HORA','21',to_date('02/03/18 15:29:36','DD/MM/RR HH24:MI:SS'));
Insert into MTX.MTXTB023_PARAMETRO_SISTEMA (NU_PARAMETRO_SISTEMA,NO_PARAMETRO_SISTEMA,DE_CONTEUDO_PARAMETRO,DH_ATUALIZACAO_PARAMETRO) values ('6','PAGAMENTO_AGENDADO_ULTIMO_PERIODO_MINUTOS','55',to_date('02/03/18 15:29:36','DD/MM/RR HH24:MI:SS'));
Insert into MTX.MTXTB023_PARAMETRO_SISTEMA (NU_PARAMETRO_SISTEMA,NO_PARAMETRO_SISTEMA,DE_CONTEUDO_PARAMETRO,DH_ATUALIZACAO_PARAMETRO) values ('8','PAGAMENTO_AGENDADO_EXECUCAO_ATIVA','S',to_date('02/03/18 15:29:36','DD/MM/RR HH24:MI:SS'));
Insert into MTX.MTXTB023_PARAMETRO_SISTEMA (NU_PARAMETRO_SISTEMA,NO_PARAMETRO_SISTEMA,DE_CONTEUDO_PARAMETRO,DH_ATUALIZACAO_PARAMETRO) values ('7','AGENDAMENTO_PERIODO_SEMANA_UTIL','Mon,Tue,Wed,Thu,Fri',to_date('02/03/18 00:00:00','DD/MM/RR HH24:MI:SS'));
Insert into MTX.MTXTB023_PARAMETRO_SISTEMA (NU_PARAMETRO_SISTEMA,NO_PARAMETRO_SISTEMA,DE_CONTEUDO_PARAMETRO,DH_ATUALIZACAO_PARAMETRO) values ('15','URL_ROTEADOR','http://simtx.webservices.des.caixa/roteador/controle/',to_date('22/05/18 00:00:00','DD/MM/RR HH24:MI:SS'));
Insert into MTX.MTXTB023_PARAMETRO_SISTEMA (NU_PARAMETRO_SISTEMA,NO_PARAMETRO_SISTEMA,DE_CONTEUDO_PARAMETRO,DH_ATUALIZACAO_PARAMETRO) values ('16','URL_PATH_EFETIVA_CANCELAMENTO','efetivaAgendamento/realizaEnvioAsynchronous',to_date('22/05/18 00:00:00','DD/MM/RR HH24:MI:SS'));
Insert into MTX.MTXTB023_PARAMETRO_SISTEMA (NU_PARAMETRO_SISTEMA,NO_PARAMETRO_SISTEMA,DE_CONTEUDO_PARAMETRO,DH_ATUALIZACAO_PARAMETRO) values ('1','Status Sistema SICCO','1',to_date('09/01/18 17:44:19','DD/MM/RR HH24:MI:SS'));
Insert into MTX.MTXTB023_PARAMETRO_SISTEMA (NU_PARAMETRO_SISTEMA,NO_PARAMETRO_SISTEMA,DE_CONTEUDO_PARAMETRO,DH_ATUALIZACAO_PARAMETRO) values ('2','Limite de dias para pagamento de boleto','548',to_date('09/01/18 17:44:19','DD/MM/RR HH24:MI:SS'));
Insert into MTX.MTXTB023_PARAMETRO_SISTEMA (NU_PARAMETRO_SISTEMA,NO_PARAMETRO_SISTEMA,DE_CONTEUDO_PARAMETRO,DH_ATUALIZACAO_PARAMETRO) values ('13','URL_CANCELAMENTO_PAGAMENTO_ROTEADOR','http://simtx.webservices.des.caixa/roteador/controle/cancelamento/pagamento',to_date('09/05/18 00:00:00','DD/MM/RR HH24:MI:SS'));
Insert into MTX.MTXTB023_PARAMETRO_SISTEMA (NU_PARAMETRO_SISTEMA,NO_PARAMETRO_SISTEMA,DE_CONTEUDO_PARAMETRO,DH_ATUALIZACAO_PARAMETRO) values ('14','URL_CANCELAMENTO_AGENDAMENTO_ROTEADOR','http://simtx.webservices.des.caixa/roteador/controle/cancelamento/agendamento',to_date('09/05/18 00:00:00','DD/MM/RR HH24:MI:SS'));
Insert into MTX.MTXTB023_PARAMETRO_SISTEMA (NU_PARAMETRO_SISTEMA,NO_PARAMETRO_SISTEMA,DE_CONTEUDO_PARAMETRO,DH_ATUALIZACAO_PARAMETRO) values ('9','ENVIO_SICCO_PENDENTES_HORA','*',to_date('16/04/18 00:00:00','DD/MM/RR HH24:MI:SS'));
Insert into MTX.MTXTB023_PARAMETRO_SISTEMA (NU_PARAMETRO_SISTEMA,NO_PARAMETRO_SISTEMA,DE_CONTEUDO_PARAMETRO,DH_ATUALIZACAO_PARAMETRO) values ('10','ENVIO_SICCO_PENDENTES_MINUTOS','00',to_date('16/04/18 00:00:00','DD/MM/RR HH24:MI:SS'));

-- *******************  MENSAGEM  *********************** --
Insert into MTX.MTXTB006_MENSAGEM (NU_NSU_MENSAGEM,IC_TIPO_MENSAGEM,CO_MENSAGEM,DE_MENSAGEM_NEGOCIAL,DE_MENSAGEM_TECNICA,DH_ATUALIZACAO,CO_RETORNO) values ('166','2','01','O SISTEMA NAO ENCONTROU RESULTADOS PARA A CONSULTA','-',to_date('26/04/18 18:32:46','DD/MM/RR HH24:MI:SS'),'X5');
Insert into MTX.MTXTB006_MENSAGEM (NU_NSU_MENSAGEM,IC_TIPO_MENSAGEM,CO_MENSAGEM,DE_MENSAGEM_NEGOCIAL,DE_MENSAGEM_TECNICA,DH_ATUALIZACAO,CO_RETORNO) values ('176','1','X5','DATA INVALIDA PARA REALIZAR A TRANSACAO.','DATA DEVE SER INFERIOR A 548 DIAS',to_date('14/05/18 13:14:29','DD/MM/RR HH24:MI:SS'),'X5');
Insert into MTX.MTXTB006_MENSAGEM (NU_NSU_MENSAGEM,IC_TIPO_MENSAGEM,CO_MENSAGEM,DE_MENSAGEM_NEGOCIAL,DE_MENSAGEM_TECNICA,DH_ATUALIZACAO,CO_RETORNO) values ('165','1','XX5','Transacao indisponivel. Tente mais tarde.','-',to_date('26/04/18 18:32:46','DD/MM/RR HH24:MI:SS'),'X5');
Insert into MTX.MTXTB006_MENSAGEM (NU_NSU_MENSAGEM,IC_TIPO_MENSAGEM,CO_MENSAGEM,DE_MENSAGEM_NEGOCIAL,DE_MENSAGEM_TECNICA,DH_ATUALIZACAO,CO_RETORNO) values ('155','3','008','TRANSACAO EFETIVADA COM SUCESSO','-',to_date('26/04/18 18:32:46','DD/MM/RR HH24:MI:SS'),'00');
Insert into MTX.MTXTB006_MENSAGEM (NU_NSU_MENSAGEM,IC_TIPO_MENSAGEM,CO_MENSAGEM,DE_MENSAGEM_NEGOCIAL,DE_MENSAGEM_TECNICA,DH_ATUALIZACAO,CO_RETORNO) values ('998','2','TST2','Mensagem de Teste 2','Mensagem de Teste 2',to_date('08/05/18 16:38:08','DD/MM/RR HH24:MI:SS'),'X5');
Insert into MTX.MTXTB006_MENSAGEM (NU_NSU_MENSAGEM,IC_TIPO_MENSAGEM,CO_MENSAGEM,DE_MENSAGEM_NEGOCIAL,DE_MENSAGEM_TECNICA,DH_ATUALIZACAO,CO_RETORNO) values ('159','1','03','MTX003 - Boleto vencido. Permitido somente pagamento.','BOLETO VENCIDO. PERMITIDO SOMENTE PAGAMENTO',to_date('26/04/18 18:32:46','DD/MM/RR HH24:MI:SS'),'X5');
Insert into MTX.MTXTB006_MENSAGEM (NU_NSU_MENSAGEM,IC_TIPO_MENSAGEM,CO_MENSAGEM,DE_MENSAGEM_NEGOCIAL,DE_MENSAGEM_TECNICA,DH_ATUALIZACAO,CO_RETORNO) values ('160','1','04','MTX004 - Nao permitido agendamento para data posterior ao vencimento do boleto.','NAO PERMITIDO AGENDAMENTO PARA DATA POSTERIOR AO VENCIMENTO DO BOLETO',to_date('26/04/18 18:32:46','DD/MM/RR HH24:MI:SS'),'X5');
Insert into MTX.MTXTB006_MENSAGEM (NU_NSU_MENSAGEM,IC_TIPO_MENSAGEM,CO_MENSAGEM,DE_MENSAGEM_NEGOCIAL,DE_MENSAGEM_TECNICA,DH_ATUALIZACAO,CO_RETORNO) values ('161','1','05','MTX005 - Valor de pagamento invalido.','VALOR PAGAMENTO DIFERENTE DO VALOR CALCULADO',to_date('26/04/18 18:32:46','DD/MM/RR HH24:MI:SS'),'X5');
Insert into MTX.MTXTB006_MENSAGEM (NU_NSU_MENSAGEM,IC_TIPO_MENSAGEM,CO_MENSAGEM,DE_MENSAGEM_NEGOCIAL,DE_MENSAGEM_TECNICA,DH_ATUALIZACAO,CO_RETORNO) values ('162','1','06','MTX006 - Valor de pagamento esta fora do intervalo minimo e maximo definido pelo Beneficiario para este boleto.','VALOR PAGAMENTO NAO ESTA ENTRE O MINIMO E MAXIMO',to_date('26/04/18 18:32:47','DD/MM/RR HH24:MI:SS'),'X5');
Insert into MTX.MTXTB006_MENSAGEM (NU_NSU_MENSAGEM,IC_TIPO_MENSAGEM,CO_MENSAGEM,DE_MENSAGEM_NEGOCIAL,DE_MENSAGEM_TECNICA,DH_ATUALIZACAO,CO_RETORNO) values ('163','1','07','MTX007 - Valor de pagamento esta fora do intervalo minimo e maximo definido pelo Beneficiario para este boleto.','VALOR PAGAMENTO MENOR QUE O MINIMO',to_date('26/04/18 18:32:47','DD/MM/RR HH24:MI:SS'),'X5');
Insert into MTX.MTXTB006_MENSAGEM (NU_NSU_MENSAGEM,IC_TIPO_MENSAGEM,CO_MENSAGEM,DE_MENSAGEM_NEGOCIAL,DE_MENSAGEM_TECNICA,DH_ATUALIZACAO,CO_RETORNO) values ('164','1','08','MTX008 - Sistema temporariamente indisponivel. Tente mais tarde.','NAO RECEBER',to_date('26/04/18 18:32:47','DD/MM/RR HH24:MI:SS'),'X5');
Insert into MTX.MTXTB006_MENSAGEM (NU_NSU_MENSAGEM,IC_TIPO_MENSAGEM,CO_MENSAGEM,DE_MENSAGEM_NEGOCIAL,DE_MENSAGEM_TECNICA,DH_ATUALIZACAO,CO_RETORNO) values ('171','1','901','Transacao indisponivel. Tente mais tarde.','ERRO NA CHAMADA DA ROTINA GCBBB646 - DATA DE VENCIMENTO',to_date('26/04/18 18:32:46','DD/MM/RR HH24:MI:SS'),'X5');
Insert into MTX.MTXTB006_MENSAGEM (NU_NSU_MENSAGEM,IC_TIPO_MENSAGEM,CO_MENSAGEM,DE_MENSAGEM_NEGOCIAL,DE_MENSAGEM_TECNICA,DH_ATUALIZACAO,CO_RETORNO) values ('172','1','10','DATA DE EFETIVACAO NAO E DIA UTIL','-',to_date('26/04/18 18:32:46','DD/MM/RR HH24:MI:SS'),'X5');
Insert into MTX.MTXTB006_MENSAGEM (NU_NSU_MENSAGEM,IC_TIPO_MENSAGEM,CO_MENSAGEM,DE_MENSAGEM_NEGOCIAL,DE_MENSAGEM_TECNICA,DH_ATUALIZACAO,CO_RETORNO) values ('69','1','01','Boleto ja foi baixado na base centralizada de titulos de cobranca. Procure o emissor do seu boleto. O pagamento devera ser regularizado junto ao beneficiario do documento.','Boleto ja baixado.',to_date('29/03/18 11:04:18','DD/MM/RR HH24:MI:SS'),'X5');
Insert into MTX.MTXTB006_MENSAGEM (NU_NSU_MENSAGEM,IC_TIPO_MENSAGEM,CO_MENSAGEM,DE_MENSAGEM_NEGOCIAL,DE_MENSAGEM_TECNICA,DH_ATUALIZACAO,CO_RETORNO) values ('70','1','02','CIP002 - Boleto bloqueado pelo banco emissor. Procure o Beneficiario descrito no boleto.','Boleto bloqueado para pagamento.',to_date('26/04/18 18:32:46','DD/MM/RR HH24:MI:SS'),'X5');
Insert into MTX.MTXTB006_MENSAGEM (NU_NSU_MENSAGEM,IC_TIPO_MENSAGEM,CO_MENSAGEM,DE_MENSAGEM_NEGOCIAL,DE_MENSAGEM_TECNICA,DH_ATUALIZACAO,CO_RETORNO) values ('71','1','03','CIP003 - Situacao do Beneficiario no banco emissor nao permite o pagamento. Procure o Beneficiario descrito no boleto.','Boleto encontrado na base centralizada e cliente beneficiario inapto na instituicao emissora do titulo.',to_date('26/04/18 18:32:46','DD/MM/RR HH24:MI:SS'),'X5');
Insert into MTX.MTXTB006_MENSAGEM (NU_NSU_MENSAGEM,IC_TIPO_MENSAGEM,CO_MENSAGEM,DE_MENSAGEM_NEGOCIAL,DE_MENSAGEM_TECNICA,DH_ATUALIZACAO,CO_RETORNO) values ('72','1','06','CIP006 - Boleto excedeu a quantidade de pagamentos permitida. Procure o Beneficiario descrito no boleto.','Boleto excedeu o limite de pagamentos parciais.',to_date('26/04/18 18:32:46','DD/MM/RR HH24:MI:SS'),'X5');
Insert into MTX.MTXTB006_MENSAGEM (NU_NSU_MENSAGEM,IC_TIPO_MENSAGEM,CO_MENSAGEM,DE_MENSAGEM_NEGOCIAL,DE_MENSAGEM_TECNICA,DH_ATUALIZACAO,CO_RETORNO) values ('73','1','07','CIP007 - Boleto ja liquidado nesta data. Procure o Beneficiario descrito no boleto.','Baixa operacional em duplicidade para titulo que nao permite pagamento parcial.',to_date('26/04/18 18:32:46','DD/MM/RR HH24:MI:SS'),'X5');
Insert into MTX.MTXTB006_MENSAGEM (NU_NSU_MENSAGEM,IC_TIPO_MENSAGEM,CO_MENSAGEM,DE_MENSAGEM_NEGOCIAL,DE_MENSAGEM_TECNICA,DH_ATUALIZACAO,CO_RETORNO) values ('74','1','08','CIP008 - Boleto ja liquidado nesta data. Procure o Beneficiario descrito no boleto.','Baixa operacional ja registrada para titulo que nao permite pagamento parcial.',to_date('26/04/18 18:32:46','DD/MM/RR HH24:MI:SS'),'X5');
Insert into MTX.MTXTB006_MENSAGEM (NU_NSU_MENSAGEM,IC_TIPO_MENSAGEM,CO_MENSAGEM,DE_MENSAGEM_NEGOCIAL,DE_MENSAGEM_TECNICA,DH_ATUALIZACAO,CO_RETORNO) values ('75','1','09','CIP009 - Boleto nao possui valor disponivel para pagamento. Procure o Beneficiario descrito no boleto.','Boleto excedeu o valor de saldo para pagamento parcial para o tipo de modelo de calculo 04.',to_date('26/04/18 18:32:46','DD/MM/RR HH24:MI:SS'),'X5');
Insert into MTX.MTXTB006_MENSAGEM (NU_NSU_MENSAGEM,IC_TIPO_MENSAGEM,CO_MENSAGEM,DE_MENSAGEM_NEGOCIAL,DE_MENSAGEM_TECNICA,DH_ATUALIZACAO,CO_RETORNO) values ('76','1','E0526','CIP526 - Boleto nao localizado. Procure o Beneficiario descrito no boleto.','Boleto nao encontrado na base centralizada, a CIP ira retornar codigo de erro correspondente EDDA0526. Codigo de barras nao localizado na base centralizada.',to_date('26/04/18 18:32:46','DD/MM/RR HH24:MI:SS'),'X5');
Insert into MTX.MTXTB006_MENSAGEM (NU_NSU_MENSAGEM,IC_TIPO_MENSAGEM,CO_MENSAGEM,DE_MENSAGEM_NEGOCIAL,DE_MENSAGEM_TECNICA,DH_ATUALIZACAO,CO_RETORNO) values ('77','3','04','CIP004 - Boleto encontrado na base e cliente Beneficiario sem cadastro','--',to_date('26/04/18 18:32:46','DD/MM/RR HH24:MI:SS'),'00');
Insert into MTX.MTXTB006_MENSAGEM (NU_NSU_MENSAGEM,IC_TIPO_MENSAGEM,CO_MENSAGEM,DE_MENSAGEM_NEGOCIAL,DE_MENSAGEM_TECNICA,DH_ATUALIZACAO,CO_RETORNO) values ('78','3','05','CIP005 - Boleto encontrado na base centralizada e cliente beneficiario em analise na instituicao emissora do titulo','--',to_date('26/04/18 18:32:46','DD/MM/RR HH24:MI:SS'),'00');
Insert into MTX.MTXTB006_MENSAGEM (NU_NSU_MENSAGEM,IC_TIPO_MENSAGEM,CO_MENSAGEM,DE_MENSAGEM_NEGOCIAL,DE_MENSAGEM_TECNICA,DH_ATUALIZACAO,CO_RETORNO) values ('79','3','10','CIP010 - Boleto encontrado na base centralizada e cliente beneficiario inapto em instituicao diferente da emissora.','--',to_date('26/04/18 18:32:46','DD/MM/RR HH24:MI:SS'),'00');
Insert into MTX.MTXTB006_MENSAGEM (NU_NSU_MENSAGEM,IC_TIPO_MENSAGEM,CO_MENSAGEM,DE_MENSAGEM_NEGOCIAL,DE_MENSAGEM_TECNICA,DH_ATUALIZACAO,CO_RETORNO) values ('80','3','11','CIP011 - Boleto encontrado na base centralizada e cliente beneficiario em analise em instituicao diferente da emissora.','--',to_date('26/04/18 18:32:46','DD/MM/RR HH24:MI:SS'),'00');
Insert into MTX.MTXTB006_MENSAGEM (NU_NSU_MENSAGEM,IC_TIPO_MENSAGEM,CO_MENSAGEM,DE_MENSAGEM_NEGOCIAL,DE_MENSAGEM_TECNICA,DH_ATUALIZACAO,CO_RETORNO) values ('81','3','12','CIP012 - Boleto encontrado na base centralizada e cliente beneficiario apto.','--',to_date('26/04/18 18:32:46','DD/MM/RR HH24:MI:SS'),'00');
Insert into MTX.MTXTB006_MENSAGEM (NU_NSU_MENSAGEM,IC_TIPO_MENSAGEM,CO_MENSAGEM,DE_MENSAGEM_NEGOCIAL,DE_MENSAGEM_TECNICA,DH_ATUALIZACAO,CO_RETORNO) values ('82','1','MC006','TRANSACAO NEGADA','--',to_date('29/03/18 11:04:18','DD/MM/RR HH24:MI:SS'),'X5');
Insert into MTX.MTXTB006_MENSAGEM (NU_NSU_MENSAGEM,IC_TIPO_MENSAGEM,CO_MENSAGEM,DE_MENSAGEM_NEGOCIAL,DE_MENSAGEM_TECNICA,DH_ATUALIZACAO,CO_RETORNO) values ('83','3','X4','Boleto fora do rollout.','--',to_date('26/04/18 18:32:46','DD/MM/RR HH24:MI:SS'),'X5');
Insert into MTX.MTXTB006_MENSAGEM (NU_NSU_MENSAGEM,IC_TIPO_MENSAGEM,CO_MENSAGEM,DE_MENSAGEM_NEGOCIAL,DE_MENSAGEM_TECNICA,DH_ATUALIZACAO,CO_RETORNO) values ('84','1','BK082','Transacao indisponivel. Tente mais tarde.','TAG INFORMADA PARA NAVEGACAO NAO ENCONTRADA.',to_date('26/04/18 18:32:46','DD/MM/RR HH24:MI:SS'),'X5');
Insert into MTX.MTXTB006_MENSAGEM (NU_NSU_MENSAGEM,IC_TIPO_MENSAGEM,CO_MENSAGEM,DE_MENSAGEM_NEGOCIAL,DE_MENSAGEM_TECNICA,DH_ATUALIZACAO,CO_RETORNO) values ('85','1','MQ005','Transacao indisponivel. Tente mais tarde.','SEM MENSAGEM RETORNADA',to_date('26/04/18 18:32:46','DD/MM/RR HH24:MI:SS'),'X5');
Insert into MTX.MTXTB006_MENSAGEM (NU_NSU_MENSAGEM,IC_TIPO_MENSAGEM,CO_MENSAGEM,DE_MENSAGEM_NEGOCIAL,DE_MENSAGEM_TECNICA,DH_ATUALIZACAO,CO_RETORNO) values ('86','1','001','GCB001 - Sistema de pagamento de boleto indisponivel. Tente mais tarde.','DADOS INFORMADOS PARA CONSULTA INVALIDOS ',to_date('26/04/18 18:32:46','DD/MM/RR HH24:MI:SS'),'X5');
Insert into MTX.MTXTB006_MENSAGEM (NU_NSU_MENSAGEM,IC_TIPO_MENSAGEM,CO_MENSAGEM,DE_MENSAGEM_NEGOCIAL,DE_MENSAGEM_TECNICA,DH_ATUALIZACAO,CO_RETORNO) values ('87','1','002','GCB002 - Boleto nao localizado. Procure o Beneficiario descrito no boleto.','BENEFICIARIO NAO CADASTRADO',to_date('26/04/18 18:32:46','DD/MM/RR HH24:MI:SS'),'X5');
Insert into MTX.MTXTB006_MENSAGEM (NU_NSU_MENSAGEM,IC_TIPO_MENSAGEM,CO_MENSAGEM,DE_MENSAGEM_NEGOCIAL,DE_MENSAGEM_TECNICA,DH_ATUALIZACAO,CO_RETORNO) values ('88','1','003','GCB003 - Situacao do Beneficiario no banco emissor nao permite o pagamento. Procure o Beneficiario descrito no boleto.','SITUACAO DO BENEFICIARIO NAO PERMITE PAGAMENTO ',to_date('26/04/18 18:32:46','DD/MM/RR HH24:MI:SS'),'X5');
Insert into MTX.MTXTB006_MENSAGEM (NU_NSU_MENSAGEM,IC_TIPO_MENSAGEM,CO_MENSAGEM,DE_MENSAGEM_NEGOCIAL,DE_MENSAGEM_TECNICA,DH_ATUALIZACAO,CO_RETORNO) values ('89','1','004','GCB004 - Boleto nao localizado. Procure o Beneficiario descrito no boleto.','TITULO NAO CADASTRADO',to_date('26/04/18 18:32:46','DD/MM/RR HH24:MI:SS'),'X5');
Insert into MTX.MTXTB006_MENSAGEM (NU_NSU_MENSAGEM,IC_TIPO_MENSAGEM,CO_MENSAGEM,DE_MENSAGEM_NEGOCIAL,DE_MENSAGEM_TECNICA,DH_ATUALIZACAO,CO_RETORNO) values ('90','1','005','GCB005 - Situacao do titulo nao permite pagamento. Procure o Beneficiario descrito no boleto','SITUACAO DO TITULO NAO PERMITE PAGAMENTO',to_date('26/04/18 18:32:46','DD/MM/RR HH24:MI:SS'),'X5');
Insert into MTX.MTXTB006_MENSAGEM (NU_NSU_MENSAGEM,IC_TIPO_MENSAGEM,CO_MENSAGEM,DE_MENSAGEM_NEGOCIAL,DE_MENSAGEM_TECNICA,DH_ATUALIZACAO,CO_RETORNO) values ('91','1','006','GCB006 - Titulo nao pode ser pago no canal.','TITULO NAO PODE SER PAGO NO CANAL',to_date('26/04/18 18:32:46','DD/MM/RR HH24:MI:SS'),'X5');
Insert into MTX.MTXTB006_MENSAGEM (NU_NSU_MENSAGEM,IC_TIPO_MENSAGEM,CO_MENSAGEM,DE_MENSAGEM_NEGOCIAL,DE_MENSAGEM_TECNICA,DH_ATUALIZACAO,CO_RETORNO) values ('92','1','007','GCB007 - Valor informado para pagamento invalido.','VALOR INFORMADO PARA PAGAMENTO INVALIDO ',to_date('26/04/18 18:32:46','DD/MM/RR HH24:MI:SS'),'X5');
Insert into MTX.MTXTB006_MENSAGEM (NU_NSU_MENSAGEM,IC_TIPO_MENSAGEM,CO_MENSAGEM,DE_MENSAGEM_NEGOCIAL,DE_MENSAGEM_TECNICA,DH_ATUALIZACAO,CO_RETORNO) values ('93','1','999','GCB999 - Sistema de pagamento de boleto indisponivel. Tente mais tarde.','ERRO DE SISTEMA',to_date('26/04/18 18:32:46','DD/MM/RR HH24:MI:SS'),'X5');
Insert into MTX.MTXTB006_MENSAGEM (NU_NSU_MENSAGEM,IC_TIPO_MENSAGEM,CO_MENSAGEM,DE_MENSAGEM_NEGOCIAL,DE_MENSAGEM_TECNICA,DH_ATUALIZACAO,CO_RETORNO) values ('94','1','01','Valor excede o limite permitido para o dia.','VALOR PAGTO EXCEDE O LIMITE CLIENTE    ',to_date('29/03/18 11:04:18','DD/MM/RR HH24:MI:SS'),'X5');
Insert into MTX.MTXTB006_MENSAGEM (NU_NSU_MENSAGEM,IC_TIPO_MENSAGEM,CO_MENSAGEM,DE_MENSAGEM_NEGOCIAL,DE_MENSAGEM_TECNICA,DH_ATUALIZACAO,CO_RETORNO) values ('95','1','02','Valor excede o limite permitido no canal.','VALOR PAGTO EXCEDE O LIMITE CANAL        ',to_date('29/03/18 11:04:18','DD/MM/RR HH24:MI:SS'),'X5');
Insert into MTX.MTXTB006_MENSAGEM (NU_NSU_MENSAGEM,IC_TIPO_MENSAGEM,CO_MENSAGEM,DE_MENSAGEM_NEGOCIAL,DE_MENSAGEM_TECNICA,DH_ATUALIZACAO,CO_RETORNO) values ('96','1','03','Valor excede o limite permitido para o dia.','VALOR ACUMULADO NO DIA EXCEDE O LIMITE CLIENTE',to_date('29/03/18 11:04:18','DD/MM/RR HH24:MI:SS'),'X5');
Insert into MTX.MTXTB006_MENSAGEM (NU_NSU_MENSAGEM,IC_TIPO_MENSAGEM,CO_MENSAGEM,DE_MENSAGEM_NEGOCIAL,DE_MENSAGEM_TECNICA,DH_ATUALIZACAO,CO_RETORNO) values ('97','1','04','Valor excede o limite permitido no canal.','VALOR ACUMULADO NO DIA EXCEDE O LIMITE CANAL',to_date('29/03/18 11:04:18','DD/MM/RR HH24:MI:SS'),'X5');
Insert into MTX.MTXTB006_MENSAGEM (NU_NSU_MENSAGEM,IC_TIPO_MENSAGEM,CO_MENSAGEM,DE_MENSAGEM_NEGOCIAL,DE_MENSAGEM_TECNICA,DH_ATUALIZACAO,CO_RETORNO) values ('98','1','22','Transacao indisponivel. Tente mais tarde.','NAO EXISTE FAIXA CADASTRADA PARA O SERVICO',to_date('29/03/18 11:04:18','DD/MM/RR HH24:MI:SS'),'X5');
Insert into MTX.MTXTB006_MENSAGEM (NU_NSU_MENSAGEM,IC_TIPO_MENSAGEM,CO_MENSAGEM,DE_MENSAGEM_NEGOCIAL,DE_MENSAGEM_TECNICA,DH_ATUALIZACAO,CO_RETORNO) values ('99','1','90','Transacao indisponivel. Tente mais tarde.','ERRO DE DB2',to_date('29/03/18 11:04:18','DD/MM/RR HH24:MI:SS'),'X5');
Insert into MTX.MTXTB006_MENSAGEM (NU_NSU_MENSAGEM,IC_TIPO_MENSAGEM,CO_MENSAGEM,DE_MENSAGEM_NEGOCIAL,DE_MENSAGEM_TECNICA,DH_ATUALIZACAO,CO_RETORNO) values ('100','1','91','Transacao indisponivel. Tente mais tarde.','ERRO GENERICO',to_date('29/03/18 11:04:18','DD/MM/RR HH24:MI:SS'),'X5');
Insert into MTX.MTXTB006_MENSAGEM (NU_NSU_MENSAGEM,IC_TIPO_MENSAGEM,CO_MENSAGEM,DE_MENSAGEM_NEGOCIAL,DE_MENSAGEM_TECNICA,DH_ATUALIZACAO,CO_RETORNO) values ('101','1','92','Transacao indisponivel. Tente mais tarde.','ERRO NA INFORMACAO DE ENTRADA',to_date('29/03/18 11:04:18','DD/MM/RR HH24:MI:SS'),'X5');
Insert into MTX.MTXTB006_MENSAGEM (NU_NSU_MENSAGEM,IC_TIPO_MENSAGEM,CO_MENSAGEM,DE_MENSAGEM_NEGOCIAL,DE_MENSAGEM_TECNICA,DH_ATUALIZACAO,CO_RETORNO) values ('102','1','10','Transacao indisponivel. Tente mais tarde.','DADOS DE ENTRADA INCORRETOS',to_date('29/03/18 11:04:18','DD/MM/RR HH24:MI:SS'),'X5');
Insert into MTX.MTXTB006_MENSAGEM (NU_NSU_MENSAGEM,IC_TIPO_MENSAGEM,CO_MENSAGEM,DE_MENSAGEM_NEGOCIAL,DE_MENSAGEM_TECNICA,DH_ATUALIZACAO,CO_RETORNO) values ('103','1','11','Transacao indisponivel. Tente mais tarde.','TIPO DE SOLICITACAO NAO IDENTIFICADA',to_date('29/03/18 11:04:18','DD/MM/RR HH24:MI:SS'),'X5');
Insert into MTX.MTXTB006_MENSAGEM (NU_NSU_MENSAGEM,IC_TIPO_MENSAGEM,CO_MENSAGEM,DE_MENSAGEM_NEGOCIAL,DE_MENSAGEM_TECNICA,DH_ATUALIZACAO,CO_RETORNO) values ('104','1','12','Transacao indisponivel. Tente mais tarde.','CONTA NAO CADASTRADA',to_date('29/03/18 11:04:18','DD/MM/RR HH24:MI:SS'),'X5');
Insert into MTX.MTXTB006_MENSAGEM (NU_NSU_MENSAGEM,IC_TIPO_MENSAGEM,CO_MENSAGEM,DE_MENSAGEM_NEGOCIAL,DE_MENSAGEM_TECNICA,DH_ATUALIZACAO,CO_RETORNO) values ('105','1','13','Transacao indisponivel. Tente mais tarde.','DATA INFORMADA INVALIDA',to_date('29/03/18 11:04:18','DD/MM/RR HH24:MI:SS'),'X5');
Insert into MTX.MTXTB006_MENSAGEM (NU_NSU_MENSAGEM,IC_TIPO_MENSAGEM,CO_MENSAGEM,DE_MENSAGEM_NEGOCIAL,DE_MENSAGEM_TECNICA,DH_ATUALIZACAO,CO_RETORNO) values ('106','1','20','Transacao indisponivel.','SERVICO NAO CADASTRADO ',to_date('12/04/18 13:14:29','DD/MM/RR HH24:MI:SS'),'X5');
Insert into MTX.MTXTB006_MENSAGEM (NU_NSU_MENSAGEM,IC_TIPO_MENSAGEM,CO_MENSAGEM,DE_MENSAGEM_NEGOCIAL,DE_MENSAGEM_TECNICA,DH_ATUALIZACAO,CO_RETORNO) values ('107','1','21','Transacao indisponivel.','SERVICO NAO VINCULADO AO CANAL',to_date('12/04/18 13:14:29','DD/MM/RR HH24:MI:SS'),'X5');
Insert into MTX.MTXTB006_MENSAGEM (NU_NSU_MENSAGEM,IC_TIPO_MENSAGEM,CO_MENSAGEM,DE_MENSAGEM_NEGOCIAL,DE_MENSAGEM_TECNICA,DH_ATUALIZACAO,CO_RETORNO) values ('108','1','22','Horario nao permitido para o servico.','HORARIO NAO PERMITIDO PARA O SERVICO',to_date('29/03/18 11:04:18','DD/MM/RR HH24:MI:SS'),'X5');
Insert into MTX.MTXTB006_MENSAGEM (NU_NSU_MENSAGEM,IC_TIPO_MENSAGEM,CO_MENSAGEM,DE_MENSAGEM_NEGOCIAL,DE_MENSAGEM_TECNICA,DH_ATUALIZACAO,CO_RETORNO) values ('109','1','30','Transacao indisponivel. Tente mais tarde.','DEBITO NAO EFETIVADO',to_date('29/03/18 11:04:18','DD/MM/RR HH24:MI:SS'),'X5');
Insert into MTX.MTXTB006_MENSAGEM (NU_NSU_MENSAGEM,IC_TIPO_MENSAGEM,CO_MENSAGEM,DE_MENSAGEM_NEGOCIAL,DE_MENSAGEM_TECNICA,DH_ATUALIZACAO,CO_RETORNO) values ('110','1','31','Transacao indisponivel. Tente mais tarde.','DEBITO REJEITADO',to_date('29/03/18 11:04:18','DD/MM/RR HH24:MI:SS'),'X5');
Insert into MTX.MTXTB006_MENSAGEM (NU_NSU_MENSAGEM,IC_TIPO_MENSAGEM,CO_MENSAGEM,DE_MENSAGEM_NEGOCIAL,DE_MENSAGEM_TECNICA,DH_ATUALIZACAO,CO_RETORNO) values ('111','1','32','Transacao indisponivel. Tente mais tarde.','DESFAZ/ESTORNO REJEITADO',to_date('29/03/18 11:04:18','DD/MM/RR HH24:MI:SS'),'X5');
Insert into MTX.MTXTB006_MENSAGEM (NU_NSU_MENSAGEM,IC_TIPO_MENSAGEM,CO_MENSAGEM,DE_MENSAGEM_NEGOCIAL,DE_MENSAGEM_TECNICA,DH_ATUALIZACAO,CO_RETORNO) values ('112','1','33','Transacao indisponivel. Tente mais tarde.','DESFAZ/ESTORNO NAO PERMITIDO',to_date('29/03/18 11:04:18','DD/MM/RR HH24:MI:SS'),'X5');
Insert into MTX.MTXTB006_MENSAGEM (NU_NSU_MENSAGEM,IC_TIPO_MENSAGEM,CO_MENSAGEM,DE_MENSAGEM_NEGOCIAL,DE_MENSAGEM_TECNICA,DH_ATUALIZACAO,CO_RETORNO) values ('113','1','90','Transacao indisponivel. Tente mais tarde.','ERRO NA OBTENCAO DO CONTAINER',to_date('29/03/18 11:04:18','DD/MM/RR HH24:MI:SS'),'X5');
Insert into MTX.MTXTB006_MENSAGEM (NU_NSU_MENSAGEM,IC_TIPO_MENSAGEM,CO_MENSAGEM,DE_MENSAGEM_NEGOCIAL,DE_MENSAGEM_TECNICA,DH_ATUALIZACAO,CO_RETORNO) values ('114','1','91','Transacao indisponivel. Tente mais tarde.','ERRO NO CICS',to_date('29/03/18 11:04:18','DD/MM/RR HH24:MI:SS'),'X5');
Insert into MTX.MTXTB006_MENSAGEM (NU_NSU_MENSAGEM,IC_TIPO_MENSAGEM,CO_MENSAGEM,DE_MENSAGEM_NEGOCIAL,DE_MENSAGEM_TECNICA,DH_ATUALIZACAO,CO_RETORNO) values ('115','1','92','Transacao indisponivel. Tente mais tarde.','ERRO NO ACESSO AO DB2',to_date('29/03/18 11:04:18','DD/MM/RR HH24:MI:SS'),'X5');
Insert into MTX.MTXTB006_MENSAGEM (NU_NSU_MENSAGEM,IC_TIPO_MENSAGEM,CO_MENSAGEM,DE_MENSAGEM_NEGOCIAL,DE_MENSAGEM_TECNICA,DH_ATUALIZACAO,CO_RETORNO) values ('116','1','93','Transacao indisponivel. Tente mais tarde.','ERRO NO RETORNO DO SID06',to_date('29/03/18 11:04:18','DD/MM/RR HH24:MI:SS'),'X5');
Insert into MTX.MTXTB006_MENSAGEM (NU_NSU_MENSAGEM,IC_TIPO_MENSAGEM,CO_MENSAGEM,DE_MENSAGEM_NEGOCIAL,DE_MENSAGEM_TECNICA,DH_ATUALIZACAO,CO_RETORNO) values ('117','1','11','Cartao invalido.','TIPO DE CARTAO INVALIDO',to_date('29/03/18 11:04:18','DD/MM/RR HH24:MI:SS'),'X5');
Insert into MTX.MTXTB006_MENSAGEM (NU_NSU_MENSAGEM,IC_TIPO_MENSAGEM,CO_MENSAGEM,DE_MENSAGEM_NEGOCIAL,DE_MENSAGEM_TECNICA,DH_ATUALIZACAO,CO_RETORNO) values ('118','1','12','Cartao vencido.','CARTAO VENCIDO',to_date('29/03/18 11:04:18','DD/MM/RR HH24:MI:SS'),'X5');
Insert into MTX.MTXTB006_MENSAGEM (NU_NSU_MENSAGEM,IC_TIPO_MENSAGEM,CO_MENSAGEM,DE_MENSAGEM_NEGOCIAL,DE_MENSAGEM_TECNICA,DH_ATUALIZACAO,CO_RETORNO) values ('119','1','13','Cartao invalido.','CARTAO NAO ENCONT. NO ARQUIVO',to_date('29/03/18 11:04:18','DD/MM/RR HH24:MI:SS'),'X5');
Insert into MTX.MTXTB006_MENSAGEM (NU_NSU_MENSAGEM,IC_TIPO_MENSAGEM,CO_MENSAGEM,DE_MENSAGEM_NEGOCIAL,DE_MENSAGEM_TECNICA,DH_ATUALIZACAO,CO_RETORNO) values ('120','1','14','Transacao indisponivel. Tente mais tarde.','ARQUIVO INDISPONIVEL/FECHADO',to_date('29/03/18 11:04:18','DD/MM/RR HH24:MI:SS'),'X5');
Insert into MTX.MTXTB006_MENSAGEM (NU_NSU_MENSAGEM,IC_TIPO_MENSAGEM,CO_MENSAGEM,DE_MENSAGEM_NEGOCIAL,DE_MENSAGEM_TECNICA,DH_ATUALIZACAO,CO_RETORNO) values ('121','1','15','Cartao cancelado.','CARTAO CANCELADO',to_date('29/03/18 11:04:18','DD/MM/RR HH24:MI:SS'),'X5');
Insert into MTX.MTXTB006_MENSAGEM (NU_NSU_MENSAGEM,IC_TIPO_MENSAGEM,CO_MENSAGEM,DE_MENSAGEM_NEGOCIAL,DE_MENSAGEM_TECNICA,DH_ATUALIZACAO,CO_RETORNO) values ('122','1','16','Cartao bloqueado.','CARTAO BLOQUEADO',to_date('29/03/18 11:04:18','DD/MM/RR HH24:MI:SS'),'X5');
Insert into MTX.MTXTB006_MENSAGEM (NU_NSU_MENSAGEM,IC_TIPO_MENSAGEM,CO_MENSAGEM,DE_MENSAGEM_NEGOCIAL,DE_MENSAGEM_TECNICA,DH_ATUALIZACAO,CO_RETORNO) values ('123','1','17','Cartao invalido.','VIA DO CARTAO INVALIDA',to_date('29/03/18 11:04:18','DD/MM/RR HH24:MI:SS'),'X5');
Insert into MTX.MTXTB006_MENSAGEM (NU_NSU_MENSAGEM,IC_TIPO_MENSAGEM,CO_MENSAGEM,DE_MENSAGEM_NEGOCIAL,DE_MENSAGEM_TECNICA,DH_ATUALIZACAO,CO_RETORNO) values ('124','1','18','Transacao indisponivel. Tente mais tarde.','CARTAO COM MARCA BS',to_date('29/03/18 11:04:18','DD/MM/RR HH24:MI:SS'),'X5');
Insert into MTX.MTXTB006_MENSAGEM (NU_NSU_MENSAGEM,IC_TIPO_MENSAGEM,CO_MENSAGEM,DE_MENSAGEM_NEGOCIAL,DE_MENSAGEM_TECNICA,DH_ATUALIZACAO,CO_RETORNO) values ('125','1','20','Transacao indisponivel. Tente mais tarde.','CARTAO COM BLOQUEIO SELETIVO',to_date('29/03/18 11:04:18','DD/MM/RR HH24:MI:SS'),'X5');
Insert into MTX.MTXTB006_MENSAGEM (NU_NSU_MENSAGEM,IC_TIPO_MENSAGEM,CO_MENSAGEM,DE_MENSAGEM_NEGOCIAL,DE_MENSAGEM_TECNICA,DH_ATUALIZACAO,CO_RETORNO) values ('126','1','21','Transacao indisponivel. Tente mais tarde.','UNIDADE NAO ENCONTRADA NO SIESP',to_date('29/03/18 11:04:18','DD/MM/RR HH24:MI:SS'),'X5');
Insert into MTX.MTXTB006_MENSAGEM (NU_NSU_MENSAGEM,IC_TIPO_MENSAGEM,CO_MENSAGEM,DE_MENSAGEM_NEGOCIAL,DE_MENSAGEM_TECNICA,DH_ATUALIZACAO,CO_RETORNO) values ('127','1','22','Transacao indisponivel. Tente mais tarde.','ERRO NA SUBROTINA DE ACESSO NO SIESP',to_date('29/03/18 11:04:18','DD/MM/RR HH24:MI:SS'),'X5');
Insert into MTX.MTXTB006_MENSAGEM (NU_NSU_MENSAGEM,IC_TIPO_MENSAGEM,CO_MENSAGEM,DE_MENSAGEM_NEGOCIAL,DE_MENSAGEM_TECNICA,DH_ATUALIZACAO,CO_RETORNO) values ('128','1','23','Cartao invalido.','ERRO NA VALIDACAO DOS DADOS DO CHIP',to_date('29/03/18 11:04:18','DD/MM/RR HH24:MI:SS'),'X5');
Insert into MTX.MTXTB006_MENSAGEM (NU_NSU_MENSAGEM,IC_TIPO_MENSAGEM,CO_MENSAGEM,DE_MENSAGEM_NEGOCIAL,DE_MENSAGEM_TECNICA,DH_ATUALIZACAO,CO_RETORNO) values ('129','1','24','Cartao invalido.','CARTAO INVALIDO. CARTAO SEM CHIP COM DADOS DE CHIP',to_date('29/03/18 11:04:19','DD/MM/RR HH24:MI:SS'),'X5');
Insert into MTX.MTXTB006_MENSAGEM (NU_NSU_MENSAGEM,IC_TIPO_MENSAGEM,CO_MENSAGEM,DE_MENSAGEM_NEGOCIAL,DE_MENSAGEM_TECNICA,DH_ATUALIZACAO,CO_RETORNO) values ('130','1','25','Transacao indisponivel. Tente mais tarde.','VALIDACAO INVALIDA. UTILIZADO LEITURA DE TARJA PARA CARTAO COM CHIP EM TERMINAIS HABILITADOS PARA LEITURA DE CHIP.',to_date('29/03/18 11:04:19','DD/MM/RR HH24:MI:SS'),'X5');
Insert into MTX.MTXTB006_MENSAGEM (NU_NSU_MENSAGEM,IC_TIPO_MENSAGEM,CO_MENSAGEM,DE_MENSAGEM_NEGOCIAL,DE_MENSAGEM_TECNICA,DH_ATUALIZACAO,CO_RETORNO) values ('131','1','26','Transacao indisponivel. Tente mais tarde.','FALLBACK - CODIGO 80 VINDO NO POS (BIT 22) SENDO QUE SE TRATA DE CARTAO COM CHIP.',to_date('29/03/18 11:04:19','DD/MM/RR HH24:MI:SS'),'X5');
Insert into MTX.MTXTB006_MENSAGEM (NU_NSU_MENSAGEM,IC_TIPO_MENSAGEM,CO_MENSAGEM,DE_MENSAGEM_NEGOCIAL,DE_MENSAGEM_TECNICA,DH_ATUALIZACAO,CO_RETORNO) values ('132','1','27','Cartao invalido.','CARTAO NAO VALIDADO NO SECURE 3D',to_date('29/03/18 11:04:19','DD/MM/RR HH24:MI:SS'),'X5');
Insert into MTX.MTXTB006_MENSAGEM (NU_NSU_MENSAGEM,IC_TIPO_MENSAGEM,CO_MENSAGEM,DE_MENSAGEM_NEGOCIAL,DE_MENSAGEM_TECNICA,DH_ATUALIZACAO,CO_RETORNO) values ('133','1','95','Cartao invalido.','DADOS DO CHIP INVALIDOS',to_date('29/03/18 11:04:19','DD/MM/RR HH24:MI:SS'),'X5');
Insert into MTX.MTXTB006_MENSAGEM (NU_NSU_MENSAGEM,IC_TIPO_MENSAGEM,CO_MENSAGEM,DE_MENSAGEM_NEGOCIAL,DE_MENSAGEM_TECNICA,DH_ATUALIZACAO,CO_RETORNO) values ('134','1','96','Cartao invalido.','DADOS DO CHIP NAO CONFEREM',to_date('29/03/18 11:04:19','DD/MM/RR HH24:MI:SS'),'X5');
Insert into MTX.MTXTB006_MENSAGEM (NU_NSU_MENSAGEM,IC_TIPO_MENSAGEM,CO_MENSAGEM,DE_MENSAGEM_NEGOCIAL,DE_MENSAGEM_TECNICA,DH_ATUALIZACAO,CO_RETORNO) values ('135','1','97','Cartao invalido.','CALCULO NAO CONFERE (TRILHA 2)',to_date('29/03/18 11:04:19','DD/MM/RR HH24:MI:SS'),'X5');
Insert into MTX.MTXTB006_MENSAGEM (NU_NSU_MENSAGEM,IC_TIPO_MENSAGEM,CO_MENSAGEM,DE_MENSAGEM_NEGOCIAL,DE_MENSAGEM_TECNICA,DH_ATUALIZACAO,CO_RETORNO) values ('136','1','98','Cartao invalido.','TRILHA 2 INVALIDA',to_date('29/03/18 11:04:19','DD/MM/RR HH24:MI:SS'),'X5');
Insert into MTX.MTXTB006_MENSAGEM (NU_NSU_MENSAGEM,IC_TIPO_MENSAGEM,CO_MENSAGEM,DE_MENSAGEM_NEGOCIAL,DE_MENSAGEM_TECNICA,DH_ATUALIZACAO,CO_RETORNO) values ('137','1','01','Transacao indisponivel. Tente mais tarde.','CODIGO DE ACAO ALFANUMERICO OU INVALIDO',to_date('29/03/18 11:04:19','DD/MM/RR HH24:MI:SS'),'X5');
Insert into MTX.MTXTB006_MENSAGEM (NU_NSU_MENSAGEM,IC_TIPO_MENSAGEM,CO_MENSAGEM,DE_MENSAGEM_NEGOCIAL,DE_MENSAGEM_TECNICA,DH_ATUALIZACAO,CO_RETORNO) values ('138','1','02','Transacao indisponivel. Tente mais tarde.','INFORMADA AG ALFANUMERICA',to_date('29/03/18 11:04:19','DD/MM/RR HH24:MI:SS'),'X5');
Insert into MTX.MTXTB006_MENSAGEM (NU_NSU_MENSAGEM,IC_TIPO_MENSAGEM,CO_MENSAGEM,DE_MENSAGEM_NEGOCIAL,DE_MENSAGEM_TECNICA,DH_ATUALIZACAO,CO_RETORNO) values ('139','1','03','Transacao indisponivel. Tente mais tarde.','INFORMADA OPER ALFANUMERICA',to_date('29/03/18 11:04:19','DD/MM/RR HH24:MI:SS'),'X5');
Insert into MTX.MTXTB006_MENSAGEM (NU_NSU_MENSAGEM,IC_TIPO_MENSAGEM,CO_MENSAGEM,DE_MENSAGEM_NEGOCIAL,DE_MENSAGEM_TECNICA,DH_ATUALIZACAO,CO_RETORNO) values ('140','1','04','Transacao indisponivel. Tente mais tarde.','INFORMADA CONTA ALFANUMERICA',to_date('29/03/18 11:04:19','DD/MM/RR HH24:MI:SS'),'X5');
Insert into MTX.MTXTB006_MENSAGEM (NU_NSU_MENSAGEM,IC_TIPO_MENSAGEM,CO_MENSAGEM,DE_MENSAGEM_NEGOCIAL,DE_MENSAGEM_TECNICA,DH_ATUALIZACAO,CO_RETORNO) values ('141','1','05','Transacao indisponivel. Tente mais tarde.','INDICADOR DE TRILHA INVALIDO',to_date('29/03/18 11:04:19','DD/MM/RR HH24:MI:SS'),'X5');
Insert into MTX.MTXTB006_MENSAGEM (NU_NSU_MENSAGEM,IC_TIPO_MENSAGEM,CO_MENSAGEM,DE_MENSAGEM_NEGOCIAL,DE_MENSAGEM_TECNICA,DH_ATUALIZACAO,CO_RETORNO) values ('142','1','06','Transacao indisponivel. Tente mais tarde.','CRIPTOGRAFIA INVALIDA',to_date('29/03/18 11:04:19','DD/MM/RR HH24:MI:SS'),'X5');
Insert into MTX.MTXTB006_MENSAGEM (NU_NSU_MENSAGEM,IC_TIPO_MENSAGEM,CO_MENSAGEM,DE_MENSAGEM_NEGOCIAL,DE_MENSAGEM_TECNICA,DH_ATUALIZACAO,CO_RETORNO) values ('143','1','07','Transacao indisponivel. Tente mais tarde.','(RAN) - TITULAR OBRIGATORIO PARA ACAO.',to_date('29/03/18 11:04:19','DD/MM/RR HH24:MI:SS'),'X5');
Insert into MTX.MTXTB006_MENSAGEM (NU_NSU_MENSAGEM,IC_TIPO_MENSAGEM,CO_MENSAGEM,DE_MENSAGEM_NEGOCIAL,DE_MENSAGEM_TECNICA,DH_ATUALIZACAO,CO_RETORNO) values ('144','1','08','Transacao indisponivel. Tente mais tarde.','TRILHA 2 OBRIGATORIA PARA ACAO',to_date('29/03/18 11:04:19','DD/MM/RR HH24:MI:SS'),'X5');
Insert into MTX.MTXTB006_MENSAGEM (NU_NSU_MENSAGEM,IC_TIPO_MENSAGEM,CO_MENSAGEM,DE_MENSAGEM_NEGOCIAL,DE_MENSAGEM_TECNICA,DH_ATUALIZACAO,CO_RETORNO) values ('145','1','09','Transacao indisponivel. Tente mais tarde.','DV DA CONTA NAO CONFERE',to_date('29/03/18 11:04:19','DD/MM/RR HH24:MI:SS'),'X5');
Insert into MTX.MTXTB006_MENSAGEM (NU_NSU_MENSAGEM,IC_TIPO_MENSAGEM,CO_MENSAGEM,DE_MENSAGEM_NEGOCIAL,DE_MENSAGEM_TECNICA,DH_ATUALIZACAO,CO_RETORNO) values ('146','1','10','Transacao indisponivel. Tente mais tarde.','SENHA NAO EXISTE NA BASE',to_date('29/03/18 11:04:19','DD/MM/RR HH24:MI:SS'),'X5');
Insert into MTX.MTXTB006_MENSAGEM (NU_NSU_MENSAGEM,IC_TIPO_MENSAGEM,CO_MENSAGEM,DE_MENSAGEM_NEGOCIAL,DE_MENSAGEM_TECNICA,DH_ATUALIZACAO,CO_RETORNO) values ('147','1','11','Senha incorreta.','SENHA NAO CONFERE',to_date('29/03/18 11:04:19','DD/MM/RR HH24:MI:SS'),'X5');
Insert into MTX.MTXTB006_MENSAGEM (NU_NSU_MENSAGEM,IC_TIPO_MENSAGEM,CO_MENSAGEM,DE_MENSAGEM_NEGOCIAL,DE_MENSAGEM_TECNICA,DH_ATUALIZACAO,CO_RETORNO) values ('148','1','12','Transacao indisponivel. Tente mais tarde.','CODIGO DE SERVICO INVALIDO',to_date('29/03/18 11:04:19','DD/MM/RR HH24:MI:SS'),'X5');
Insert into MTX.MTXTB006_MENSAGEM (NU_NSU_MENSAGEM,IC_TIPO_MENSAGEM,CO_MENSAGEM,DE_MENSAGEM_NEGOCIAL,DE_MENSAGEM_TECNICA,DH_ATUALIZACAO,CO_RETORNO) values ('149','1','13','Senha bloqueada.','SENHA BLOQUEADA',to_date('29/03/18 11:04:19','DD/MM/RR HH24:MI:SS'),'X5');
Insert into MTX.MTXTB006_MENSAGEM (NU_NSU_MENSAGEM,IC_TIPO_MENSAGEM,CO_MENSAGEM,DE_MENSAGEM_NEGOCIAL,DE_MENSAGEM_TECNICA,DH_ATUALIZACAO,CO_RETORNO) values ('150','1','14','Transacao indisponivel. Tente mais tarde.','VERSAO INCORRETA',to_date('29/03/18 11:04:19','DD/MM/RR HH24:MI:SS'),'X5');
Insert into MTX.MTXTB006_MENSAGEM (NU_NSU_MENSAGEM,IC_TIPO_MENSAGEM,CO_MENSAGEM,DE_MENSAGEM_NEGOCIAL,DE_MENSAGEM_TECNICA,DH_ATUALIZACAO,CO_RETORNO) values ('151','1','15','Transacao indisponivel. Tente mais tarde.','OPERACAO INVALIDA PARA ESSE CODIGO DE ACAO. NECESSARIO RECASDASTRAR SENHA.',to_date('29/03/18 11:04:19','DD/MM/RR HH24:MI:SS'),'X5');
Insert into MTX.MTXTB006_MENSAGEM (NU_NSU_MENSAGEM,IC_TIPO_MENSAGEM,CO_MENSAGEM,DE_MENSAGEM_NEGOCIAL,DE_MENSAGEM_TECNICA,DH_ATUALIZACAO,CO_RETORNO) values ('152','1','50','Transacao indisponivel. Tente mais tarde.','ERRO INTERNO',to_date('29/03/18 11:04:19','DD/MM/RR HH24:MI:SS'),'X5');
Insert into MTX.MTXTB006_MENSAGEM (NU_NSU_MENSAGEM,IC_TIPO_MENSAGEM,CO_MENSAGEM,DE_MENSAGEM_NEGOCIAL,DE_MENSAGEM_TECNICA,DH_ATUALIZACAO,CO_RETORNO) values ('153','1','88','Transacao indisponivel. Tente mais tarde.','PROBLEMA NO ACESSO A BASE DE SENHAS. VIDE WS-SQLCODE',to_date('29/03/18 11:04:19','DD/MM/RR HH24:MI:SS'),'X5');
Insert into MTX.MTXTB006_MENSAGEM (NU_NSU_MENSAGEM,IC_TIPO_MENSAGEM,CO_MENSAGEM,DE_MENSAGEM_NEGOCIAL,DE_MENSAGEM_TECNICA,DH_ATUALIZACAO,CO_RETORNO) values ('154','1','90','Transacao indisponivel. Tente mais tarde.','CODIGO DE ACAO NAO PREVISTO',to_date('29/03/18 11:04:19','DD/MM/RR HH24:MI:SS'),'X5');
Insert into MTX.MTXTB006_MENSAGEM (NU_NSU_MENSAGEM,IC_TIPO_MENSAGEM,CO_MENSAGEM,DE_MENSAGEM_NEGOCIAL,DE_MENSAGEM_TECNICA,DH_ATUALIZACAO,CO_RETORNO) values ('167','1','X5','DATA DE REFERENCIA INVALIDA','-',to_date('26/04/18 18:32:46','DD/MM/RR HH24:MI:SS'),'X5');
Insert into MTX.MTXTB006_MENSAGEM (NU_NSU_MENSAGEM,IC_TIPO_MENSAGEM,CO_MENSAGEM,DE_MENSAGEM_NEGOCIAL,DE_MENSAGEM_TECNICA,DH_ATUALIZACAO,CO_RETORNO) values ('168','1','X5','DATA HORA DO CANAL POSTERIOR A DATA ATUAL','-',to_date('26/04/18 18:32:46','DD/MM/RR HH24:MI:SS'),'X5');
Insert into MTX.MTXTB006_MENSAGEM (NU_NSU_MENSAGEM,IC_TIPO_MENSAGEM,CO_MENSAGEM,DE_MENSAGEM_NEGOCIAL,DE_MENSAGEM_TECNICA,DH_ATUALIZACAO,CO_RETORNO) values ('169','2','01','COMPROVANTE NAO ENCONTRADO','-',to_date('26/04/18 18:32:46','DD/MM/RR HH24:MI:SS'),'X5');
Insert into MTX.MTXTB006_MENSAGEM (NU_NSU_MENSAGEM,IC_TIPO_MENSAGEM,CO_MENSAGEM,DE_MENSAGEM_NEGOCIAL,DE_MENSAGEM_TECNICA,DH_ATUALIZACAO,CO_RETORNO) values ('170','1','X5','REGISTRO DE AGENDAMENTO NAO ENCONTRADO.','O NSU NAO FOI ENCONTRADO NA BASE DO SIMTX.',to_date('26/04/18 18:32:46','DD/MM/RR HH24:MI:SS'),'X5');
Insert into MTX.MTXTB006_MENSAGEM (NU_NSU_MENSAGEM,IC_TIPO_MENSAGEM,CO_MENSAGEM,DE_MENSAGEM_NEGOCIAL,DE_MENSAGEM_TECNICA,DH_ATUALIZACAO,CO_RETORNO) values ('183','1','183','Base centralizada de boletos indisponivel. Agendamento nao permitido.','Situacao de contingencia. Nao permite agendamento.',to_date('26/04/18 18:32:47','DD/MM/RR HH24:MI:SS'),'X5');
Insert into MTX.MTXTB006_MENSAGEM (NU_NSU_MENSAGEM,IC_TIPO_MENSAGEM,CO_MENSAGEM,DE_MENSAGEM_NEGOCIAL,DE_MENSAGEM_TECNICA,DH_ATUALIZACAO,CO_RETORNO) values ('184','1','184','Este boleto nao permite agendamento, somente pagamento.','Nao e possivel agendar boleto com modelo de calculo 3.',to_date('26/04/18 18:32:47','DD/MM/RR HH24:MI:SS'),'X5');
Insert into MTX.MTXTB006_MENSAGEM (NU_NSU_MENSAGEM,IC_TIPO_MENSAGEM,CO_MENSAGEM,DE_MENSAGEM_NEGOCIAL,DE_MENSAGEM_TECNICA,DH_ATUALIZACAO,CO_RETORNO) values ('1','3','00','Transacao efetivada com sucesso.','Transacao efetivada com sucesso.',to_date('26/04/18 18:32:47','DD/MM/RR HH24:MI:SS'),'00');
Insert into MTX.MTXTB006_MENSAGEM (NU_NSU_MENSAGEM,IC_TIPO_MENSAGEM,CO_MENSAGEM,DE_MENSAGEM_NEGOCIAL,DE_MENSAGEM_TECNICA,DH_ATUALIZACAO,CO_RETORNO) values ('2','3','0','Transacao efetivada com sucesso.','Transacao efetivada com sucesso.',to_date('09/09/16 00:00:00','DD/MM/RR HH24:MI:SS'),'00');
Insert into MTX.MTXTB006_MENSAGEM (NU_NSU_MENSAGEM,IC_TIPO_MENSAGEM,CO_MENSAGEM,DE_MENSAGEM_NEGOCIAL,DE_MENSAGEM_TECNICA,DH_ATUALIZACAO,CO_RETORNO) values ('177','1','93','Transacao indisponivel. Tente mais tarde.','FALHA NA VALIDACAO DO LIMITE',to_date('11/06/18 16:33:46','DD/MM/RR HH24:MI:SS'),'X5');
Insert into MTX.MTXTB006_MENSAGEM (NU_NSU_MENSAGEM,IC_TIPO_MENSAGEM,CO_MENSAGEM,DE_MENSAGEM_NEGOCIAL,DE_MENSAGEM_TECNICA,DH_ATUALIZACAO,CO_RETORNO) values ('156','1','CN','Base centralizada de boletos indisponivel.','Contingencia CIP',to_date('26/04/18 18:32:46','DD/MM/RR HH24:MI:SS'),'X5');
Insert into MTX.MTXTB006_MENSAGEM (NU_NSU_MENSAGEM,IC_TIPO_MENSAGEM,CO_MENSAGEM,DE_MENSAGEM_NEGOCIAL,DE_MENSAGEM_TECNICA,DH_ATUALIZACAO,CO_RETORNO) values ('175','1','X5','TRANSACAO NAO REALIZADA. TENTATIVA DE CANCELAR UM AGENDAMENTO JA EFETIVADO.','NSU INFORMADO CORRESPONDE A UM AGENDAMENTO JA EFETIVADO NO SIMTX.',to_date('14/05/18 13:14:29','DD/MM/RR HH24:MI:SS'),'X5');
Insert into MTX.MTXTB006_MENSAGEM (NU_NSU_MENSAGEM,IC_TIPO_MENSAGEM,CO_MENSAGEM,DE_MENSAGEM_NEGOCIAL,DE_MENSAGEM_TECNICA,DH_ATUALIZACAO,CO_RETORNO) values ('178','1','11','MTX011 - Sistema temporariamente indisponivel. Tente mais tarde.','Nao foi possivel recuperar os dados da matriz',to_date('26/04/18 18:32:47','DD/MM/RR HH24:MI:SS'),'X5');
Insert into MTX.MTXTB006_MENSAGEM (NU_NSU_MENSAGEM,IC_TIPO_MENSAGEM,CO_MENSAGEM,DE_MENSAGEM_NEGOCIAL,DE_MENSAGEM_TECNICA,DH_ATUALIZACAO,CO_RETORNO) values ('179','1','09','MTX009 - Data de pagamento diferente da atual.','DATA DE PAGAMENTO ANTERIOR A ATUAL',to_date('26/04/18 18:32:47','DD/MM/RR HH24:MI:SS'),'X5');
Insert into MTX.MTXTB006_MENSAGEM (NU_NSU_MENSAGEM,IC_TIPO_MENSAGEM,CO_MENSAGEM,DE_MENSAGEM_NEGOCIAL,DE_MENSAGEM_TECNICA,DH_ATUALIZACAO,CO_RETORNO) values ('180','1','10','MTX010 - Valor de pagamento invalido.','VALOR DE PAGAMENTO INVALIDO',to_date('26/04/18 18:32:47','DD/MM/RR HH24:MI:SS'),'X5');
Insert into MTX.MTXTB006_MENSAGEM (NU_NSU_MENSAGEM,IC_TIPO_MENSAGEM,CO_MENSAGEM,DE_MENSAGEM_NEGOCIAL,DE_MENSAGEM_TECNICA,DH_ATUALIZACAO,CO_RETORNO) values ('181','1','12','MTX012 - Sistema temporariamente indisponivel. Tente mais tarde.','NAO PERMITIDO PAGAMENTO EM SITUACAO DE CONTINGENCIA',to_date('26/04/18 18:32:47','DD/MM/RR HH24:MI:SS'),'X5');
Insert into MTX.MTXTB006_MENSAGEM (NU_NSU_MENSAGEM,IC_TIPO_MENSAGEM,CO_MENSAGEM,DE_MENSAGEM_NEGOCIAL,DE_MENSAGEM_TECNICA,DH_ATUALIZACAO,CO_RETORNO) values ('182','1','13','MTX013 - Sistema temporariamente indisponivel. Tente mais tarde.','VALOR A PAGAR NAO ESTA ENTRE MINIMO E MAXIMO EM SITUACAO DE CONTINGENCIA',to_date('26/04/18 18:32:47','DD/MM/RR HH24:MI:SS'),'X5');
Insert into MTX.MTXTB006_MENSAGEM (NU_NSU_MENSAGEM,IC_TIPO_MENSAGEM,CO_MENSAGEM,DE_MENSAGEM_NEGOCIAL,DE_MENSAGEM_TECNICA,DH_ATUALIZACAO,CO_RETORNO) values ('185','1','X5','EDDA0076','EDDA0076',to_date('12/07/18 19:43:30','DD/MM/RR HH24:MI:SS'),'X5');
Insert into MTX.MTXTB006_MENSAGEM (NU_NSU_MENSAGEM,IC_TIPO_MENSAGEM,CO_MENSAGEM,DE_MENSAGEM_NEGOCIAL,DE_MENSAGEM_TECNICA,DH_ATUALIZACAO,CO_RETORNO) values ('174','1','X5','TRANSACAO NAO REALIZADA. TENTATIVA DE CANCELAR UM AGENDAMENTO QUE JA SE ENCONTRA CANCELADO.','NSU INFORMADO CORRESPONDE A UM REGISTRO DE AGENDAMENTO QUE JA SE ENCONTRA COM SITUACAO IGUAL A CANCELADO',to_date('14/05/18 13:14:29','DD/MM/RR HH24:MI:SS'),'X5');
Insert into MTX.MTXTB006_MENSAGEM (NU_NSU_MENSAGEM,IC_TIPO_MENSAGEM,CO_MENSAGEM,DE_MENSAGEM_NEGOCIAL,DE_MENSAGEM_TECNICA,DH_ATUALIZACAO,CO_RETORNO) values ('173','1','X5','TRANSACAO NAO DISPONIVEL','CODIGO DE RETORNO IMPEDITIVO PARA EFETIVACAO DO AGENDAMENTO',to_date('14/05/18 13:14:29','DD/MM/RR HH24:MI:SS'),'X5');
Insert into MTX.MTXTB006_MENSAGEM (NU_NSU_MENSAGEM,IC_TIPO_MENSAGEM,CO_MENSAGEM,DE_MENSAGEM_NEGOCIAL,DE_MENSAGEM_TECNICA,DH_ATUALIZACAO,CO_RETORNO) values ('157','1','01','MTX001 - Transacao temporariamente indisponivel. Tente mais tarde.','LEIAUTE/FORMATO/CONTEUDO DE IDENTIFICACAO DA MENSAGEM INVALIDO',to_date('26/04/18 18:32:47','DD/MM/RR HH24:MI:SS'),'X5');
Insert into MTX.MTXTB006_MENSAGEM (NU_NSU_MENSAGEM,IC_TIPO_MENSAGEM,CO_MENSAGEM,DE_MENSAGEM_NEGOCIAL,DE_MENSAGEM_TECNICA,DH_ATUALIZACAO,CO_RETORNO) values ('158','1','99','MTX099 - Recebimento de boleto vencido nao permitido.','NAO RECEBER BOLETO',to_date('26/04/18 18:32:47','DD/MM/RR HH24:MI:SS'),'X5');
Insert into MTX.MTXTB006_MENSAGEM (NU_NSU_MENSAGEM,IC_TIPO_MENSAGEM,CO_MENSAGEM,DE_MENSAGEM_NEGOCIAL,DE_MENSAGEM_TECNICA,DH_ATUALIZACAO,CO_RETORNO) values ('68','3','000','Transacao efetivada com sucesso.','TRANSACAO EFETIVADA COM SUCESSO',to_date('06/03/18 16:36:15','DD/MM/RR HH24:MI:SS'),'00');
Insert into MTX.MTXTB006_MENSAGEM (NU_NSU_MENSAGEM,IC_TIPO_MENSAGEM,CO_MENSAGEM,DE_MENSAGEM_NEGOCIAL,DE_MENSAGEM_TECNICA,DH_ATUALIZACAO,CO_RETORNO) values ('997','1','TST1','Mensagem de Teste','Mensagem de Teste',to_date('03/05/18 19:11:34','DD/MM/RR HH24:MI:SS'),'X5');
Insert into MTX.MTXTB006_MENSAGEM (NU_NSU_MENSAGEM,IC_TIPO_MENSAGEM,CO_MENSAGEM,DE_MENSAGEM_NEGOCIAL,DE_MENSAGEM_TECNICA,DH_ATUALIZACAO,CO_RETORNO) values ('6','1','X5','Alteracao realizada com sucesso.','-',to_date('02/03/18 15:53:04','DD/MM/RR HH24:MI:SS'),'X5');
Insert into MTX.MTXTB006_MENSAGEM (NU_NSU_MENSAGEM,IC_TIPO_MENSAGEM,CO_MENSAGEM,DE_MENSAGEM_NEGOCIAL,DE_MENSAGEM_TECNICA,DH_ATUALIZACAO,CO_RETORNO) values ('7','1','X5','O sistema nao encontrou resultados para a consulta.','-',to_date('02/03/18 15:53:04','DD/MM/RR HH24:MI:SS'),'X5');
Insert into MTX.MTXTB006_MENSAGEM (NU_NSU_MENSAGEM,IC_TIPO_MENSAGEM,CO_MENSAGEM,DE_MENSAGEM_NEGOCIAL,DE_MENSAGEM_TECNICA,DH_ATUALIZACAO,CO_RETORNO) values ('8','1','X5','Transacao indisponivel.','Leiaute/Formato/Conteudo de identificacao da mensagem invalido',to_date('29/03/18 11:24:44','DD/MM/RR HH24:MI:SS'),'X5');
Insert into MTX.MTXTB006_MENSAGEM (NU_NSU_MENSAGEM,IC_TIPO_MENSAGEM,CO_MENSAGEM,DE_MENSAGEM_NEGOCIAL,DE_MENSAGEM_TECNICA,DH_ATUALIZACAO,CO_RETORNO) values ('9','1','X5','Transacao indisponivel. Tente mais tarde.','Timeout na solicitacao ao Provedor de Servicos',to_date('29/03/18 11:24:44','DD/MM/RR HH24:MI:SS'),'X5');
Insert into MTX.MTXTB006_MENSAGEM (NU_NSU_MENSAGEM,IC_TIPO_MENSAGEM,CO_MENSAGEM,DE_MENSAGEM_NEGOCIAL,DE_MENSAGEM_TECNICA,DH_ATUALIZACAO,CO_RETORNO) values ('10','1','X5','Transacao indisponivel.','Nao foi possivel gerar NSU para controle da transacao',to_date('29/03/18 11:24:44','DD/MM/RR HH24:MI:SS'),'X5');
Insert into MTX.MTXTB006_MENSAGEM (NU_NSU_MENSAGEM,IC_TIPO_MENSAGEM,CO_MENSAGEM,DE_MENSAGEM_NEGOCIAL,DE_MENSAGEM_TECNICA,DH_ATUALIZACAO,CO_RETORNO) values ('11','1','X5','Transacao indisponivel.','Canal de Atendimento inexistente',to_date('29/03/18 11:24:44','DD/MM/RR HH24:MI:SS'),'X5');
Insert into MTX.MTXTB006_MENSAGEM (NU_NSU_MENSAGEM,IC_TIPO_MENSAGEM,CO_MENSAGEM,DE_MENSAGEM_NEGOCIAL,DE_MENSAGEM_TECNICA,DH_ATUALIZACAO,CO_RETORNO) values ('12','1','X5','Transacao indisponivel.','Versao do servico inexistente',to_date('29/03/18 11:24:44','DD/MM/RR HH24:MI:SS'),'X5');
Insert into MTX.MTXTB006_MENSAGEM (NU_NSU_MENSAGEM,IC_TIPO_MENSAGEM,CO_MENSAGEM,DE_MENSAGEM_NEGOCIAL,DE_MENSAGEM_TECNICA,DH_ATUALIZACAO,CO_RETORNO) values ('13','1','X5','Transacao indisponivel.','Leiaute/Formato/Conteudo negocial da mensagem invalido',to_date('29/03/18 11:24:44','DD/MM/RR HH24:MI:SS'),'X5');
Insert into MTX.MTXTB006_MENSAGEM (NU_NSU_MENSAGEM,IC_TIPO_MENSAGEM,CO_MENSAGEM,DE_MENSAGEM_NEGOCIAL,DE_MENSAGEM_TECNICA,DH_ATUALIZACAO,CO_RETORNO) values ('14','1','X5','Transacao indisponivel.','Servico inativo',to_date('29/03/18 11:24:44','DD/MM/RR HH24:MI:SS'),'X5');
Insert into MTX.MTXTB006_MENSAGEM (NU_NSU_MENSAGEM,IC_TIPO_MENSAGEM,CO_MENSAGEM,DE_MENSAGEM_NEGOCIAL,DE_MENSAGEM_TECNICA,DH_ATUALIZACAO,CO_RETORNO) values ('15','1','X5','Transacao indisponivel.','Versao do servico inativa',to_date('29/03/18 11:24:44','DD/MM/RR HH24:MI:SS'),'X5');
Insert into MTX.MTXTB006_MENSAGEM (NU_NSU_MENSAGEM,IC_TIPO_MENSAGEM,CO_MENSAGEM,DE_MENSAGEM_NEGOCIAL,DE_MENSAGEM_TECNICA,DH_ATUALIZACAO,CO_RETORNO) values ('16','1','X5','Transacao indisponivel.','Canal de Atendimento inativo',to_date('29/03/18 11:24:44','DD/MM/RR HH24:MI:SS'),'X5');
Insert into MTX.MTXTB006_MENSAGEM (NU_NSU_MENSAGEM,IC_TIPO_MENSAGEM,CO_MENSAGEM,DE_MENSAGEM_NEGOCIAL,DE_MENSAGEM_TECNICA,DH_ATUALIZACAO,CO_RETORNO) values ('17','1','X5','Transacao indisponivel.','Servico inexistente para o Canal de Atendimento',to_date('29/03/18 11:24:44','DD/MM/RR HH24:MI:SS'),'X5');
Insert into MTX.MTXTB006_MENSAGEM (NU_NSU_MENSAGEM,IC_TIPO_MENSAGEM,CO_MENSAGEM,DE_MENSAGEM_NEGOCIAL,DE_MENSAGEM_TECNICA,DH_ATUALIZACAO,CO_RETORNO) values ('18','1','X5','Transacao indisponivel.','Servico inativo para o Canal de Atendimento',to_date('29/03/18 11:24:44','DD/MM/RR HH24:MI:SS'),'X5');
Insert into MTX.MTXTB006_MENSAGEM (NU_NSU_MENSAGEM,IC_TIPO_MENSAGEM,CO_MENSAGEM,DE_MENSAGEM_NEGOCIAL,DE_MENSAGEM_TECNICA,DH_ATUALIZACAO,CO_RETORNO) values ('19','1','X5','Horario nao permitido para realizacao da transacao.','Horario nao permitido para a transacao de acordo com os parametros no SIMTX.',to_date('29/03/18 11:24:44','DD/MM/RR HH24:MI:SS'),'X5');
Insert into MTX.MTXTB006_MENSAGEM (NU_NSU_MENSAGEM,IC_TIPO_MENSAGEM,CO_MENSAGEM,DE_MENSAGEM_NEGOCIAL,DE_MENSAGEM_TECNICA,DH_ATUALIZACAO,CO_RETORNO) values ('20','1','X5','Data nao permitida para realizacao da transacao.','Data nao permitida para a transacao de acordo com os parametros no SIMTX.',to_date('29/03/18 11:24:44','DD/MM/RR HH24:MI:SS'),'X5');
Insert into MTX.MTXTB006_MENSAGEM (NU_NSU_MENSAGEM,IC_TIPO_MENSAGEM,CO_MENSAGEM,DE_MENSAGEM_NEGOCIAL,DE_MENSAGEM_TECNICA,DH_ATUALIZACAO,CO_RETORNO) values ('21','1','X5','Valor inferior ao valor minimo permitido para a transacao.','Valor inferior ao valor minimo permitido para a transacao de acordo com os parametros no SIMTX.',to_date('29/03/18 11:24:44','DD/MM/RR HH24:MI:SS'),'X5');
Insert into MTX.MTXTB006_MENSAGEM (NU_NSU_MENSAGEM,IC_TIPO_MENSAGEM,CO_MENSAGEM,DE_MENSAGEM_NEGOCIAL,DE_MENSAGEM_TECNICA,DH_ATUALIZACAO,CO_RETORNO) values ('22','1','X5','Valor superior ao valor maximo permitido para a transacao.','Valor superior ao valor maximo permitido para a transacao de acordo com os parametros no SIMTX.',to_date('29/03/18 11:24:44','DD/MM/RR HH24:MI:SS'),'X5');
Insert into MTX.MTXTB006_MENSAGEM (NU_NSU_MENSAGEM,IC_TIPO_MENSAGEM,CO_MENSAGEM,DE_MENSAGEM_NEGOCIAL,DE_MENSAGEM_TECNICA,DH_ATUALIZACAO,CO_RETORNO) values ('23','1','X5','Transacao indisponivel.','Meio de entrada inexistente',to_date('29/03/18 11:24:45','DD/MM/RR HH24:MI:SS'),'X5');
Insert into MTX.MTXTB006_MENSAGEM (NU_NSU_MENSAGEM,IC_TIPO_MENSAGEM,CO_MENSAGEM,DE_MENSAGEM_NEGOCIAL,DE_MENSAGEM_TECNICA,DH_ATUALIZACAO,CO_RETORNO) values ('24','1','X5','Transacao indisponivel.','Meio de entrada inativo',to_date('29/03/18 11:24:45','DD/MM/RR HH24:MI:SS'),'X5');
Insert into MTX.MTXTB006_MENSAGEM (NU_NSU_MENSAGEM,IC_TIPO_MENSAGEM,CO_MENSAGEM,DE_MENSAGEM_NEGOCIAL,DE_MENSAGEM_TECNICA,DH_ATUALIZACAO,CO_RETORNO) values ('25','1','X5','Transacao indisponivel.','Meio de entrada inexistente para o servico',to_date('29/03/18 11:24:45','DD/MM/RR HH24:MI:SS'),'X5');
Insert into MTX.MTXTB006_MENSAGEM (NU_NSU_MENSAGEM,IC_TIPO_MENSAGEM,CO_MENSAGEM,DE_MENSAGEM_NEGOCIAL,DE_MENSAGEM_TECNICA,DH_ATUALIZACAO,CO_RETORNO) values ('26','1','X5','Transacao indisponivel.','Meio de entrada inativo para o servico',to_date('29/03/18 11:24:45','DD/MM/RR HH24:MI:SS'),'X5');
Insert into MTX.MTXTB006_MENSAGEM (NU_NSU_MENSAGEM,IC_TIPO_MENSAGEM,CO_MENSAGEM,DE_MENSAGEM_NEGOCIAL,DE_MENSAGEM_TECNICA,DH_ATUALIZACAO,CO_RETORNO) values ('27','1','X5','Transacao indisponivel.','Leiaute/Formato/Conteudo da resposta da mensagem invalido',to_date('29/03/18 11:24:45','DD/MM/RR HH24:MI:SS'),'X5');
Insert into MTX.MTXTB006_MENSAGEM (NU_NSU_MENSAGEM,IC_TIPO_MENSAGEM,CO_MENSAGEM,DE_MENSAGEM_NEGOCIAL,DE_MENSAGEM_TECNICA,DH_ATUALIZACAO,CO_RETORNO) values ('28','1','X5','Transacao indisponivel.','Nao foi possivel gravar as informacoes de controle da transacao',to_date('29/03/18 11:24:45','DD/MM/RR HH24:MI:SS'),'X5');
Insert into MTX.MTXTB006_MENSAGEM (NU_NSU_MENSAGEM,IC_TIPO_MENSAGEM,CO_MENSAGEM,DE_MENSAGEM_NEGOCIAL,DE_MENSAGEM_TECNICA,DH_ATUALIZACAO,CO_RETORNO) values ('29','1','X5','Transacao indisponivel.','Erro interno',to_date('29/03/18 11:24:45','DD/MM/RR HH24:MI:SS'),'X5');
Insert into MTX.MTXTB006_MENSAGEM (NU_NSU_MENSAGEM,IC_TIPO_MENSAGEM,CO_MENSAGEM,DE_MENSAGEM_NEGOCIAL,DE_MENSAGEM_TECNICA,DH_ATUALIZACAO,CO_RETORNO) values ('30','1','X5','Transacao indisponivel.','Nao foi possivel gravar as informacoes de assinatura multipla da transacao',to_date('29/03/18 11:24:45','DD/MM/RR HH24:MI:SS'),'X5');
Insert into MTX.MTXTB006_MENSAGEM (NU_NSU_MENSAGEM,IC_TIPO_MENSAGEM,CO_MENSAGEM,DE_MENSAGEM_NEGOCIAL,DE_MENSAGEM_TECNICA,DH_ATUALIZACAO,CO_RETORNO) values ('31','1','X5','Transacao indisponivel.','Nao foi possivel obter as informacoes do detalhe da transacao pendente de assinatura',to_date('29/03/18 11:24:45','DD/MM/RR HH24:MI:SS'),'X5');
Insert into MTX.MTXTB006_MENSAGEM (NU_NSU_MENSAGEM,IC_TIPO_MENSAGEM,CO_MENSAGEM,DE_MENSAGEM_NEGOCIAL,DE_MENSAGEM_TECNICA,DH_ATUALIZACAO,CO_RETORNO) values ('32','1','X5','Transacao indisponivel.','Nao foi possivel obter a sequência de tarefas a serem executadas',to_date('29/03/18 11:24:45','DD/MM/RR HH24:MI:SS'),'X5');
Insert into MTX.MTXTB006_MENSAGEM (NU_NSU_MENSAGEM,IC_TIPO_MENSAGEM,CO_MENSAGEM,DE_MENSAGEM_NEGOCIAL,DE_MENSAGEM_TECNICA,DH_ATUALIZACAO,CO_RETORNO) values ('33','1','X5','Data invalida para realizar a transacao.','Data deve ser inferior a 548 dias',to_date('02/03/18 15:53:06','DD/MM/RR HH24:MI:SS'),'X5');
Insert into MTX.MTXTB006_MENSAGEM (NU_NSU_MENSAGEM,IC_TIPO_MENSAGEM,CO_MENSAGEM,DE_MENSAGEM_NEGOCIAL,DE_MENSAGEM_TECNICA,DH_ATUALIZACAO,CO_RETORNO) values ('34','1','X5','Transacao indisponivel.','Nao foi possivel gravar as informacoes de agendamento da transacao',to_date('02/03/18 15:53:06','DD/MM/RR HH24:MI:SS'),'X5');
Insert into MTX.MTXTB006_MENSAGEM (NU_NSU_MENSAGEM,IC_TIPO_MENSAGEM,CO_MENSAGEM,DE_MENSAGEM_NEGOCIAL,DE_MENSAGEM_TECNICA,DH_ATUALIZACAO,CO_RETORNO) values ('35','1','2','Transacao nao permitida. Procure sua agencia de relacionamento.','CHEQUES PAGOS PARA O INTERVALO INFORMADO',to_date('23/03/18 16:55:57','DD/MM/RR HH24:MI:SS'),'X5');
Insert into MTX.MTXTB006_MENSAGEM (NU_NSU_MENSAGEM,IC_TIPO_MENSAGEM,CO_MENSAGEM,DE_MENSAGEM_NEGOCIAL,DE_MENSAGEM_TECNICA,DH_ATUALIZACAO,CO_RETORNO) values ('36','1','4','Transacao nao permitida. Procure sua agencia de relacionamento.','INTERVALO POSSUI CHEQUE(S) CONTRAORDENADO(S)',to_date('23/03/18 16:55:57','DD/MM/RR HH24:MI:SS'),'X5');
Insert into MTX.MTXTB006_MENSAGEM (NU_NSU_MENSAGEM,IC_TIPO_MENSAGEM,CO_MENSAGEM,DE_MENSAGEM_NEGOCIAL,DE_MENSAGEM_TECNICA,DH_ATUALIZACAO,CO_RETORNO) values ('37','1','5','Transacao nao permitida. Procure sua agencia de relacionamento.','FOLHA LIBERADA, MAS POSSUI CONTRAORDEM',to_date('23/03/18 16:55:57','DD/MM/RR HH24:MI:SS'),'X5');
Insert into MTX.MTXTB006_MENSAGEM (NU_NSU_MENSAGEM,IC_TIPO_MENSAGEM,CO_MENSAGEM,DE_MENSAGEM_NEGOCIAL,DE_MENSAGEM_TECNICA,DH_ATUALIZACAO,CO_RETORNO) values ('38','1','20','Transacao nao permitida. Procure sua agencia de relacionamento.','NAO ENCONTRADO C.O.(S) IGUAL(IS) P/ EXCLUSAO',to_date('23/03/18 16:55:57','DD/MM/RR HH24:MI:SS'),'X5');
Insert into MTX.MTXTB006_MENSAGEM (NU_NSU_MENSAGEM,IC_TIPO_MENSAGEM,CO_MENSAGEM,DE_MENSAGEM_NEGOCIAL,DE_MENSAGEM_TECNICA,DH_ATUALIZACAO,CO_RETORNO) values ('39','1','21','Transacao nao permitida. Procure sua agencia de relacionamento.','TALAO CO(21), MAIS POSSUI CO DIF. 21',to_date('23/03/18 16:55:57','DD/MM/RR HH24:MI:SS'),'X5');
Insert into MTX.MTXTB006_MENSAGEM (NU_NSU_MENSAGEM,IC_TIPO_MENSAGEM,CO_MENSAGEM,DE_MENSAGEM_NEGOCIAL,DE_MENSAGEM_TECNICA,DH_ATUALIZACAO,CO_RETORNO) values ('40','1','22','Transacao nao permitida. Procure sua agencia de relacionamento.','CONTRAORDEM DE TIPO DIFERENTE DE 21 NA TENTATIVA DE EXCLUSAO',to_date('23/03/18 16:55:57','DD/MM/RR HH24:MI:SS'),'X5');
Insert into MTX.MTXTB006_MENSAGEM (NU_NSU_MENSAGEM,IC_TIPO_MENSAGEM,CO_MENSAGEM,DE_MENSAGEM_NEGOCIAL,DE_MENSAGEM_TECNICA,DH_ATUALIZACAO,CO_RETORNO) values ('41','1','82','Transacao indisponivel.','PROBLEMAS NO ACESSO YYYBBXXX - RC= XX',to_date('23/03/18 16:55:57','DD/MM/RR HH24:MI:SS'),'X5');
Insert into MTX.MTXTB006_MENSAGEM (NU_NSU_MENSAGEM,IC_TIPO_MENSAGEM,CO_MENSAGEM,DE_MENSAGEM_NEGOCIAL,DE_MENSAGEM_TECNICA,DH_ATUALIZACAO,CO_RETORNO) values ('42','1','86','Transacao indisponivel.','PGM XXXBBYYY SEM COMUNICACAO',to_date('23/03/18 16:55:57','DD/MM/RR HH24:MI:SS'),'X5');
Insert into MTX.MTXTB006_MENSAGEM (NU_NSU_MENSAGEM,IC_TIPO_MENSAGEM,CO_MENSAGEM,DE_MENSAGEM_NEGOCIAL,DE_MENSAGEM_TECNICA,DH_ATUALIZACAO,CO_RETORNO) values ('43','1','99','Transacao indisponivel.','ERRO INESPERADO DB2 TAB=XXXXXXXX-ACESSO=XXXXX-LOCAL=XXXXXXXX',to_date('23/03/18 16:55:57','DD/MM/RR HH24:MI:SS'),'X5');
Insert into MTX.MTXTB006_MENSAGEM (NU_NSU_MENSAGEM,IC_TIPO_MENSAGEM,CO_MENSAGEM,DE_MENSAGEM_NEGOCIAL,DE_MENSAGEM_TECNICA,DH_ATUALIZACAO,CO_RETORNO) values ('44','1','200','Transacao indisponivel.','CODIGO DE AGENCIA INVALIDO',to_date('23/03/18 16:55:57','DD/MM/RR HH24:MI:SS'),'X5');
Insert into MTX.MTXTB006_MENSAGEM (NU_NSU_MENSAGEM,IC_TIPO_MENSAGEM,CO_MENSAGEM,DE_MENSAGEM_NEGOCIAL,DE_MENSAGEM_TECNICA,DH_ATUALIZACAO,CO_RETORNO) values ('45','1','201','Transacao indisponivel.','CODIGO DA OPERACAO NAO INFORMADO',to_date('23/03/18 16:55:58','DD/MM/RR HH24:MI:SS'),'X5');
Insert into MTX.MTXTB006_MENSAGEM (NU_NSU_MENSAGEM,IC_TIPO_MENSAGEM,CO_MENSAGEM,DE_MENSAGEM_NEGOCIAL,DE_MENSAGEM_TECNICA,DH_ATUALIZACAO,CO_RETORNO) values ('46','1','202','Transacao indisponivel.','OPERACAO NAO TRATADA NO SINAU',to_date('23/03/18 16:55:58','DD/MM/RR HH24:MI:SS'),'X5');
Insert into MTX.MTXTB006_MENSAGEM (NU_NSU_MENSAGEM,IC_TIPO_MENSAGEM,CO_MENSAGEM,DE_MENSAGEM_NEGOCIAL,DE_MENSAGEM_TECNICA,DH_ATUALIZACAO,CO_RETORNO) values ('47','1','203','Transacao indisponivel.','NUMERO DA CONTA NAO INFORMADO',to_date('23/03/18 16:55:58','DD/MM/RR HH24:MI:SS'),'X5');
Insert into MTX.MTXTB006_MENSAGEM (NU_NSU_MENSAGEM,IC_TIPO_MENSAGEM,CO_MENSAGEM,DE_MENSAGEM_NEGOCIAL,DE_MENSAGEM_TECNICA,DH_ATUALIZACAO,CO_RETORNO) values ('48','1','204','Transacao indisponivel.','CHEQUE INICIAL INVALIDO',to_date('23/03/18 16:55:58','DD/MM/RR HH24:MI:SS'),'X5');
Insert into MTX.MTXTB006_MENSAGEM (NU_NSU_MENSAGEM,IC_TIPO_MENSAGEM,CO_MENSAGEM,DE_MENSAGEM_NEGOCIAL,DE_MENSAGEM_TECNICA,DH_ATUALIZACAO,CO_RETORNO) values ('49','1','205','Transacao indisponivel.','CHEQUE FIM INVALIDO',to_date('23/03/18 16:55:58','DD/MM/RR HH24:MI:SS'),'X5');
Insert into MTX.MTXTB006_MENSAGEM (NU_NSU_MENSAGEM,IC_TIPO_MENSAGEM,CO_MENSAGEM,DE_MENSAGEM_NEGOCIAL,DE_MENSAGEM_TECNICA,DH_ATUALIZACAO,CO_RETORNO) values ('50','1','206','Transacao indisponivel.','INTERVALO DE CHEQUES INVALIDO',to_date('23/03/18 16:55:58','DD/MM/RR HH24:MI:SS'),'X5');
Insert into MTX.MTXTB006_MENSAGEM (NU_NSU_MENSAGEM,IC_TIPO_MENSAGEM,CO_MENSAGEM,DE_MENSAGEM_NEGOCIAL,DE_MENSAGEM_TECNICA,DH_ATUALIZACAO,CO_RETORNO) values ('51','1','207','Transacao indisponivel.','EXCEDIDO LIMITE MAX. DE 100 FOLHAS DE CHEQUES',to_date('23/03/18 16:55:58','DD/MM/RR HH24:MI:SS'),'X5');
Insert into MTX.MTXTB006_MENSAGEM (NU_NSU_MENSAGEM,IC_TIPO_MENSAGEM,CO_MENSAGEM,DE_MENSAGEM_NEGOCIAL,DE_MENSAGEM_TECNICA,DH_ATUALIZACAO,CO_RETORNO) values ('52','1','208','Transacao indisponivel.','CANAL INVALIDO',to_date('23/03/18 16:55:58','DD/MM/RR HH24:MI:SS'),'X5');
Insert into MTX.MTXTB006_MENSAGEM (NU_NSU_MENSAGEM,IC_TIPO_MENSAGEM,CO_MENSAGEM,DE_MENSAGEM_NEGOCIAL,DE_MENSAGEM_TECNICA,DH_ATUALIZACAO,CO_RETORNO) values ('53','1','209','Transacao indisponivel.','TIPO COMANDO NAO INFORMADO',to_date('23/03/18 16:55:58','DD/MM/RR HH24:MI:SS'),'X5');
Insert into MTX.MTXTB006_MENSAGEM (NU_NSU_MENSAGEM,IC_TIPO_MENSAGEM,CO_MENSAGEM,DE_MENSAGEM_NEGOCIAL,DE_MENSAGEM_TECNICA,DH_ATUALIZACAO,CO_RETORNO) values ('54','1','210','Transacao indisponivel.','TIPO COMANDO INVALIDO',to_date('23/03/18 16:55:58','DD/MM/RR HH24:MI:SS'),'X5');
Insert into MTX.MTXTB006_MENSAGEM (NU_NSU_MENSAGEM,IC_TIPO_MENSAGEM,CO_MENSAGEM,DE_MENSAGEM_NEGOCIAL,DE_MENSAGEM_TECNICA,DH_ATUALIZACAO,CO_RETORNO) values ('55','1','211','Transacao indisponivel.','DIGITO DA CONTA INVALIDO',to_date('23/03/18 16:55:58','DD/MM/RR HH24:MI:SS'),'X5');
Insert into MTX.MTXTB006_MENSAGEM (NU_NSU_MENSAGEM,IC_TIPO_MENSAGEM,CO_MENSAGEM,DE_MENSAGEM_NEGOCIAL,DE_MENSAGEM_TECNICA,DH_ATUALIZACAO,CO_RETORNO) values ('56','1','212','Transacao nao permitida. Procure sua agencia de relacionamento','INTERVALO POSSUI CHEQUE SEM TALAO CADASTRADO',to_date('23/03/18 16:55:58','DD/MM/RR HH24:MI:SS'),'X5');
Insert into MTX.MTXTB006_MENSAGEM (NU_NSU_MENSAGEM,IC_TIPO_MENSAGEM,CO_MENSAGEM,DE_MENSAGEM_NEGOCIAL,DE_MENSAGEM_TECNICA,DH_ATUALIZACAO,CO_RETORNO) values ('57','1','213','Transacao nao permitida. Procure sua agencia de relacionamento.','INTERVALO POSSUI CHEQUE COM TALAO BLOQUEADO',to_date('23/03/18 16:55:58','DD/MM/RR HH24:MI:SS'),'X5');
Insert into MTX.MTXTB006_MENSAGEM (NU_NSU_MENSAGEM,IC_TIPO_MENSAGEM,CO_MENSAGEM,DE_MENSAGEM_NEGOCIAL,DE_MENSAGEM_TECNICA,DH_ATUALIZACAO,CO_RETORNO) values ('58','1','214','Transacao indisponivel.','CODIGO DE MOTIVO NAO INFORMADO',to_date('23/03/18 16:55:58','DD/MM/RR HH24:MI:SS'),'X5');
Insert into MTX.MTXTB006_MENSAGEM (NU_NSU_MENSAGEM,IC_TIPO_MENSAGEM,CO_MENSAGEM,DE_MENSAGEM_NEGOCIAL,DE_MENSAGEM_TECNICA,DH_ATUALIZACAO,CO_RETORNO) values ('59','1','215','Transacao indisponivel.','CODIGO DE MOTIVO NAO PERMITIDO PARA ESTA TRANSACAO',to_date('23/03/18 16:55:58','DD/MM/RR HH24:MI:SS'),'X5');
Insert into MTX.MTXTB006_MENSAGEM (NU_NSU_MENSAGEM,IC_TIPO_MENSAGEM,CO_MENSAGEM,DE_MENSAGEM_NEGOCIAL,DE_MENSAGEM_TECNICA,DH_ATUALIZACAO,CO_RETORNO) values ('60','1','216','Transacao indisponivel.','JUSTIFICATIVA NAO INFORMADA',to_date('23/03/18 16:55:58','DD/MM/RR HH24:MI:SS'),'X5');
Insert into MTX.MTXTB006_MENSAGEM (NU_NSU_MENSAGEM,IC_TIPO_MENSAGEM,CO_MENSAGEM,DE_MENSAGEM_NEGOCIAL,DE_MENSAGEM_TECNICA,DH_ATUALIZACAO,CO_RETORNO) values ('61','1','901','Transacao indisponivel.','HANDLE ABEND - ERRO NAO IDENTIFICADO NO CICS',to_date('23/03/18 16:55:58','DD/MM/RR HH24:MI:SS'),'X5');
Insert into MTX.MTXTB006_MENSAGEM (NU_NSU_MENSAGEM,IC_TIPO_MENSAGEM,CO_MENSAGEM,DE_MENSAGEM_NEGOCIAL,DE_MENSAGEM_TECNICA,DH_ATUALIZACAO,CO_RETORNO) values ('62','1','902','Transacao indisponivel.','ERRO NO ACESSO RUCBBDIG',to_date('23/03/18 16:55:58','DD/MM/RR HH24:MI:SS'),'X5');
Insert into MTX.MTXTB006_MENSAGEM (NU_NSU_MENSAGEM,IC_TIPO_MENSAGEM,CO_MENSAGEM,DE_MENSAGEM_NEGOCIAL,DE_MENSAGEM_TECNICA,DH_ATUALIZACAO,CO_RETORNO) values ('63','1','903','Transacao indisponivel.','ERRO DB2 DO PROGRAMA NAUPO140(VIDE WS-MSG-DB2)',to_date('23/03/18 16:55:58','DD/MM/RR HH24:MI:SS'),'X5');
Insert into MTX.MTXTB006_MENSAGEM (NU_NSU_MENSAGEM,IC_TIPO_MENSAGEM,CO_MENSAGEM,DE_MENSAGEM_NEGOCIAL,DE_MENSAGEM_TECNICA,DH_ATUALIZACAO,CO_RETORNO) values ('64','1','900','Transacao indisponivel.','HANDLE ERROR - ERRO NAO IDENTIFICADO NO CICS',to_date('23/03/18 16:55:58','DD/MM/RR HH24:MI:SS'),'X5');
Insert into MTX.MTXTB006_MENSAGEM (NU_NSU_MENSAGEM,IC_TIPO_MENSAGEM,CO_MENSAGEM,DE_MENSAGEM_NEGOCIAL,DE_MENSAGEM_TECNICA,DH_ATUALIZACAO,CO_RETORNO) values ('65','1','904','Transacao indisponivel.','ERRO NO PUT DO CONTAINER DE RESPOSTA',to_date('23/03/18 16:55:58','DD/MM/RR HH24:MI:SS'),'X5');
Insert into MTX.MTXTB006_MENSAGEM (NU_NSU_MENSAGEM,IC_TIPO_MENSAGEM,CO_MENSAGEM,DE_MENSAGEM_NEGOCIAL,DE_MENSAGEM_TECNICA,DH_ATUALIZACAO,CO_RETORNO) values ('66','1','905','Transacao indisponivel.','ERRO NO GET DO CONTAINER DE RESPOSTA',to_date('23/03/18 16:55:58','DD/MM/RR HH24:MI:SS'),'X5');
Insert into MTX.MTXTB006_MENSAGEM (NU_NSU_MENSAGEM,IC_TIPO_MENSAGEM,CO_MENSAGEM,DE_MENSAGEM_NEGOCIAL,DE_MENSAGEM_TECNICA,DH_ATUALIZACAO,CO_RETORNO) values ('67','1','999','Transacao indisponivel.','NAO LOCALIZOU CONTAINER',to_date('23/03/18 16:55:58','DD/MM/RR HH24:MI:SS'),'X5');
Insert into MTX.MTXTB006_MENSAGEM (NU_NSU_MENSAGEM,IC_TIPO_MENSAGEM,CO_MENSAGEM,DE_MENSAGEM_NEGOCIAL,DE_MENSAGEM_TECNICA,DH_ATUALIZACAO,CO_RETORNO) values ('999','1','TST','Mensagem de Teste Negocial','Mensagem de Teste Tecnica',to_date('11/04/18 16:19:44','DD/MM/RR HH24:MI:SS'),'X5');
Insert into MTX.MTXTB006_MENSAGEM (NU_NSU_MENSAGEM,IC_TIPO_MENSAGEM,CO_MENSAGEM,DE_MENSAGEM_NEGOCIAL,DE_MENSAGEM_TECNICA,DH_ATUALIZACAO,CO_RETORNO) values ('3','1','X5','Transacao Negada','Transacao realizada fora do horario permitido',to_date('02/03/18 15:53:04','DD/MM/RR HH24:MI:SS'),'X5');
Insert into MTX.MTXTB006_MENSAGEM (NU_NSU_MENSAGEM,IC_TIPO_MENSAGEM,CO_MENSAGEM,DE_MENSAGEM_NEGOCIAL,DE_MENSAGEM_TECNICA,DH_ATUALIZACAO,CO_RETORNO) values ('4','1','X5','Matricula ou Senha invalida.','-',to_date('02/03/18 15:53:04','DD/MM/RR HH24:MI:SS'),'X5');
Insert into MTX.MTXTB006_MENSAGEM (NU_NSU_MENSAGEM,IC_TIPO_MENSAGEM,CO_MENSAGEM,DE_MENSAGEM_NEGOCIAL,DE_MENSAGEM_TECNICA,DH_ATUALIZACAO,CO_RETORNO) values ('5','1','X5','Acesso negado. Usuario nao pertence a grupo de acesso autorizado','-',to_date('02/03/18 15:53:04','DD/MM/RR HH24:MI:SS'),'X5');

-- ******************* TAREFA X MENSAGEM  *********************** --
Insert into MTX.MTXTB007_TAREFA_MENSAGEM (NU_TAREFA_012,NU_VERSAO_TAREFA_012,NU_MENSAGEM_006,NO_CAMPO_RETORNO) values ('100068','1','1','CONTROLE_NEGOCIAL.COD_RETORNO');
Insert into MTX.MTXTB007_TAREFA_MENSAGEM (NU_TAREFA_012,NU_VERSAO_TAREFA_012,NU_MENSAGEM_006,NO_CAMPO_RETORNO) values ('100067','1','1','CONTROLE_NEGOCIAL.COD_RETORNO');
Insert into MTX.MTXTB007_TAREFA_MENSAGEM (NU_TAREFA_012,NU_VERSAO_TAREFA_012,NU_MENSAGEM_006,NO_CAMPO_RETORNO) values ('100050','1','165','CONTROLE_NEGOCIAL.COD_RETORNO');
Insert into MTX.MTXTB007_TAREFA_MENSAGEM (NU_TAREFA_012,NU_VERSAO_TAREFA_012,NU_MENSAGEM_006,NO_CAMPO_RETORNO) values ('100048','1','166','CONTROLE_NEGOCIAL.COD_RETORNO');
Insert into MTX.MTXTB007_TAREFA_MENSAGEM (NU_TAREFA_012,NU_VERSAO_TAREFA_012,NU_MENSAGEM_006,NO_CAMPO_RETORNO) values ('100053','1','85','CONTROLE_NEGOCIAL.COD_RETORNO');
Insert into MTX.MTXTB007_TAREFA_MENSAGEM (NU_TAREFA_012,NU_VERSAO_TAREFA_012,NU_MENSAGEM_006,NO_CAMPO_RETORNO) values ('100071','1','80','CONTROLE_NEGOCIAL.COD_RETORNO');
Insert into MTX.MTXTB007_TAREFA_MENSAGEM (NU_TAREFA_012,NU_VERSAO_TAREFA_012,NU_MENSAGEM_006,NO_CAMPO_RETORNO) values ('100029','1','1','CONTROLE_NEGOCIAL.COD_RETORNO');
Insert into MTX.MTXTB007_TAREFA_MENSAGEM (NU_TAREFA_012,NU_VERSAO_TAREFA_012,NU_MENSAGEM_006,NO_CAMPO_RETORNO) values ('100057','1','1','CONTROLE_NEGOCIAL.COD_RETORNO');
Insert into MTX.MTXTB007_TAREFA_MENSAGEM (NU_TAREFA_012,NU_VERSAO_TAREFA_012,NU_MENSAGEM_006,NO_CAMPO_RETORNO) values ('100051','1','1','CONTROLE_NEGOCIAL.COD_RETORNO');
Insert into MTX.MTXTB007_TAREFA_MENSAGEM (NU_TAREFA_012,NU_VERSAO_TAREFA_012,NU_MENSAGEM_006,NO_CAMPO_RETORNO) values ('100057','1','2','CONTROLE_NEGOCIAL.COD_RETORNO');
Insert into MTX.MTXTB007_TAREFA_MENSAGEM (NU_TAREFA_012,NU_VERSAO_TAREFA_012,NU_MENSAGEM_006,NO_CAMPO_RETORNO) values ('100052','1','2','CONTROLE_NEGOCIAL.COD_RETORNO');
Insert into MTX.MTXTB007_TAREFA_MENSAGEM (NU_TAREFA_012,NU_VERSAO_TAREFA_012,NU_MENSAGEM_006,NO_CAMPO_RETORNO) values ('100060','1','1','CONTROLE_NEGOCIAL.COD_RETORNO');
Insert into MTX.MTXTB007_TAREFA_MENSAGEM (NU_TAREFA_012,NU_VERSAO_TAREFA_012,NU_MENSAGEM_006,NO_CAMPO_RETORNO) values ('100053','1','1','CONTROLE_NEGOCIAL.COD_RETORNO');
Insert into MTX.MTXTB007_TAREFA_MENSAGEM (NU_TAREFA_012,NU_VERSAO_TAREFA_012,NU_MENSAGEM_006,NO_CAMPO_RETORNO) values ('100054','1','1','CONTROLE_NEGOCIAL.COD_RETORNO');
Insert into MTX.MTXTB007_TAREFA_MENSAGEM (NU_TAREFA_012,NU_VERSAO_TAREFA_012,NU_MENSAGEM_006,NO_CAMPO_RETORNO) values ('100050','1','155','CONTROLE_NEGOCIAL.COD_RETORNO');
Insert into MTX.MTXTB007_TAREFA_MENSAGEM (NU_TAREFA_012,NU_VERSAO_TAREFA_012,NU_MENSAGEM_006,NO_CAMPO_RETORNO) values ('100068','1','159','CONTROLE_NEGOCIAL.COD_RETORNO');
Insert into MTX.MTXTB007_TAREFA_MENSAGEM (NU_TAREFA_012,NU_VERSAO_TAREFA_012,NU_MENSAGEM_006,NO_CAMPO_RETORNO) values ('100068','1','160','CONTROLE_NEGOCIAL.COD_RETORNO');
Insert into MTX.MTXTB007_TAREFA_MENSAGEM (NU_TAREFA_012,NU_VERSAO_TAREFA_012,NU_MENSAGEM_006,NO_CAMPO_RETORNO) values ('100068','1','161','CONTROLE_NEGOCIAL.COD_RETORNO');
Insert into MTX.MTXTB007_TAREFA_MENSAGEM (NU_TAREFA_012,NU_VERSAO_TAREFA_012,NU_MENSAGEM_006,NO_CAMPO_RETORNO) values ('100068','1','162','CONTROLE_NEGOCIAL.COD_RETORNO');
Insert into MTX.MTXTB007_TAREFA_MENSAGEM (NU_TAREFA_012,NU_VERSAO_TAREFA_012,NU_MENSAGEM_006,NO_CAMPO_RETORNO) values ('100068','1','163','CONTROLE_NEGOCIAL.COD_RETORNO');
Insert into MTX.MTXTB007_TAREFA_MENSAGEM (NU_TAREFA_012,NU_VERSAO_TAREFA_012,NU_MENSAGEM_006,NO_CAMPO_RETORNO) values ('100068','1','164','CONTROLE_NEGOCIAL.COD_RETORNO');
Insert into MTX.MTXTB007_TAREFA_MENSAGEM (NU_TAREFA_012,NU_VERSAO_TAREFA_012,NU_MENSAGEM_006,NO_CAMPO_RETORNO) values ('100050','1','171','CONTROLE_NEGOCIAL.COD_RETORNO');
Insert into MTX.MTXTB007_TAREFA_MENSAGEM (NU_TAREFA_012,NU_VERSAO_TAREFA_012,NU_MENSAGEM_006,NO_CAMPO_RETORNO) values ('100054','1','172','CONTROLE_NEGOCIAL.COD_RETORNO');
Insert into MTX.MTXTB007_TAREFA_MENSAGEM (NU_TAREFA_012,NU_VERSAO_TAREFA_012,NU_MENSAGEM_006,NO_CAMPO_RETORNO) values ('100062','1','1','CONTROLE_NEGOCIAL.COD_RETORNO');
Insert into MTX.MTXTB007_TAREFA_MENSAGEM (NU_TAREFA_012,NU_VERSAO_TAREFA_012,NU_MENSAGEM_006,NO_CAMPO_RETORNO) values ('100063','1','1','CONTROLE_NEGOCIAL.COD_RETORNO');
Insert into MTX.MTXTB007_TAREFA_MENSAGEM (NU_TAREFA_012,NU_VERSAO_TAREFA_012,NU_MENSAGEM_006,NO_CAMPO_RETORNO) values ('100040','1','1','CONTROLE_NEGOCIAL.COD_RETORNO');
Insert into MTX.MTXTB007_TAREFA_MENSAGEM (NU_TAREFA_012,NU_VERSAO_TAREFA_012,NU_MENSAGEM_006,NO_CAMPO_RETORNO) values ('100064','1','1','CONTROLE_NEGOCIAL.COD_RETORNO');
Insert into MTX.MTXTB007_TAREFA_MENSAGEM (NU_TAREFA_012,NU_VERSAO_TAREFA_012,NU_MENSAGEM_006,NO_CAMPO_RETORNO) values ('100061','1','1','CONTROLE_NEGOCIAL.COD_RETORNO');
Insert into MTX.MTXTB007_TAREFA_MENSAGEM (NU_TAREFA_012,NU_VERSAO_TAREFA_012,NU_MENSAGEM_006,NO_CAMPO_RETORNO) values ('100065','1','1','CONTROLE_NEGOCIAL.COD_RETORNO');
Insert into MTX.MTXTB007_TAREFA_MENSAGEM (NU_TAREFA_012,NU_VERSAO_TAREFA_012,NU_MENSAGEM_006,NO_CAMPO_RETORNO) values ('100059','1','68','CONTROLE_NEGOCIAL.COD_RETORNO');
Insert into MTX.MTXTB007_TAREFA_MENSAGEM (NU_TAREFA_012,NU_VERSAO_TAREFA_012,NU_MENSAGEM_006,NO_CAMPO_RETORNO) values ('100063','1','68','CONTROLE_NEGOCIAL.COD_RETORNO');
Insert into MTX.MTXTB007_TAREFA_MENSAGEM (NU_TAREFA_012,NU_VERSAO_TAREFA_012,NU_MENSAGEM_006,NO_CAMPO_RETORNO) values ('100050','1','69','CONTROLE_NEGOCIAL.COD_RETORNO');
Insert into MTX.MTXTB007_TAREFA_MENSAGEM (NU_TAREFA_012,NU_VERSAO_TAREFA_012,NU_MENSAGEM_006,NO_CAMPO_RETORNO) values ('100050','1','70','CONTROLE_NEGOCIAL.COD_RETORNO');
Insert into MTX.MTXTB007_TAREFA_MENSAGEM (NU_TAREFA_012,NU_VERSAO_TAREFA_012,NU_MENSAGEM_006,NO_CAMPO_RETORNO) values ('100050','1','71','CONTROLE_NEGOCIAL.COD_RETORNO');
Insert into MTX.MTXTB007_TAREFA_MENSAGEM (NU_TAREFA_012,NU_VERSAO_TAREFA_012,NU_MENSAGEM_006,NO_CAMPO_RETORNO) values ('100050','1','72','CONTROLE_NEGOCIAL.COD_RETORNO');
Insert into MTX.MTXTB007_TAREFA_MENSAGEM (NU_TAREFA_012,NU_VERSAO_TAREFA_012,NU_MENSAGEM_006,NO_CAMPO_RETORNO) values ('100050','1','73','CONTROLE_NEGOCIAL.COD_RETORNO');
Insert into MTX.MTXTB007_TAREFA_MENSAGEM (NU_TAREFA_012,NU_VERSAO_TAREFA_012,NU_MENSAGEM_006,NO_CAMPO_RETORNO) values ('100050','1','74','CONTROLE_NEGOCIAL.COD_RETORNO');
Insert into MTX.MTXTB007_TAREFA_MENSAGEM (NU_TAREFA_012,NU_VERSAO_TAREFA_012,NU_MENSAGEM_006,NO_CAMPO_RETORNO) values ('100050','1','75','CONTROLE_NEGOCIAL.COD_RETORNO');
Insert into MTX.MTXTB007_TAREFA_MENSAGEM (NU_TAREFA_012,NU_VERSAO_TAREFA_012,NU_MENSAGEM_006,NO_CAMPO_RETORNO) values ('100050','1','76','CONTROLE_NEGOCIAL.COD_RETORNO');
Insert into MTX.MTXTB007_TAREFA_MENSAGEM (NU_TAREFA_012,NU_VERSAO_TAREFA_012,NU_MENSAGEM_006,NO_CAMPO_RETORNO) values ('100050','1','77','CONTROLE_NEGOCIAL.COD_RETORNO');
Insert into MTX.MTXTB007_TAREFA_MENSAGEM (NU_TAREFA_012,NU_VERSAO_TAREFA_012,NU_MENSAGEM_006,NO_CAMPO_RETORNO) values ('100050','1','78','CONTROLE_NEGOCIAL.COD_RETORNO');
Insert into MTX.MTXTB007_TAREFA_MENSAGEM (NU_TAREFA_012,NU_VERSAO_TAREFA_012,NU_MENSAGEM_006,NO_CAMPO_RETORNO) values ('100050','1','79','CONTROLE_NEGOCIAL.COD_RETORNO');
Insert into MTX.MTXTB007_TAREFA_MENSAGEM (NU_TAREFA_012,NU_VERSAO_TAREFA_012,NU_MENSAGEM_006,NO_CAMPO_RETORNO) values ('100050','1','80','CONTROLE_NEGOCIAL.COD_RETORNO');
Insert into MTX.MTXTB007_TAREFA_MENSAGEM (NU_TAREFA_012,NU_VERSAO_TAREFA_012,NU_MENSAGEM_006,NO_CAMPO_RETORNO) values ('100050','1','81','CONTROLE_NEGOCIAL.COD_RETORNO');
Insert into MTX.MTXTB007_TAREFA_MENSAGEM (NU_TAREFA_012,NU_VERSAO_TAREFA_012,NU_MENSAGEM_006,NO_CAMPO_RETORNO) values ('100050','1','83','CONTROLE_NEGOCIAL.COD_RETORNO');
Insert into MTX.MTXTB007_TAREFA_MENSAGEM (NU_TAREFA_012,NU_VERSAO_TAREFA_012,NU_MENSAGEM_006,NO_CAMPO_RETORNO) values ('100050','1','84','CONTROLE_NEGOCIAL.COD_RETORNO');
Insert into MTX.MTXTB007_TAREFA_MENSAGEM (NU_TAREFA_012,NU_VERSAO_TAREFA_012,NU_MENSAGEM_006,NO_CAMPO_RETORNO) values ('100050','1','85','CONTROLE_NEGOCIAL.COD_RETORNO');
Insert into MTX.MTXTB007_TAREFA_MENSAGEM (NU_TAREFA_012,NU_VERSAO_TAREFA_012,NU_MENSAGEM_006,NO_CAMPO_RETORNO) values ('100050','1','86','CONTROLE_NEGOCIAL.COD_RETORNO');
Insert into MTX.MTXTB007_TAREFA_MENSAGEM (NU_TAREFA_012,NU_VERSAO_TAREFA_012,NU_MENSAGEM_006,NO_CAMPO_RETORNO) values ('100050','1','87','CONTROLE_NEGOCIAL.COD_RETORNO');
Insert into MTX.MTXTB007_TAREFA_MENSAGEM (NU_TAREFA_012,NU_VERSAO_TAREFA_012,NU_MENSAGEM_006,NO_CAMPO_RETORNO) values ('100050','1','88','CONTROLE_NEGOCIAL.COD_RETORNO');
Insert into MTX.MTXTB007_TAREFA_MENSAGEM (NU_TAREFA_012,NU_VERSAO_TAREFA_012,NU_MENSAGEM_006,NO_CAMPO_RETORNO) values ('100050','1','89','CONTROLE_NEGOCIAL.COD_RETORNO');
Insert into MTX.MTXTB007_TAREFA_MENSAGEM (NU_TAREFA_012,NU_VERSAO_TAREFA_012,NU_MENSAGEM_006,NO_CAMPO_RETORNO) values ('100050','1','90','CONTROLE_NEGOCIAL.COD_RETORNO');
Insert into MTX.MTXTB007_TAREFA_MENSAGEM (NU_TAREFA_012,NU_VERSAO_TAREFA_012,NU_MENSAGEM_006,NO_CAMPO_RETORNO) values ('100050','1','91','CONTROLE_NEGOCIAL.COD_RETORNO');
Insert into MTX.MTXTB007_TAREFA_MENSAGEM (NU_TAREFA_012,NU_VERSAO_TAREFA_012,NU_MENSAGEM_006,NO_CAMPO_RETORNO) values ('100050','1','92','CONTROLE_NEGOCIAL.COD_RETORNO');
Insert into MTX.MTXTB007_TAREFA_MENSAGEM (NU_TAREFA_012,NU_VERSAO_TAREFA_012,NU_MENSAGEM_006,NO_CAMPO_RETORNO) values ('100050','1','93','CONTROLE_NEGOCIAL.COD_RETORNO');
Insert into MTX.MTXTB007_TAREFA_MENSAGEM (NU_TAREFA_012,NU_VERSAO_TAREFA_012,NU_MENSAGEM_006,NO_CAMPO_RETORNO) values ('100054','1','94','CONTROLE_NEGOCIAL.COD_RETORNO');
Insert into MTX.MTXTB007_TAREFA_MENSAGEM (NU_TAREFA_012,NU_VERSAO_TAREFA_012,NU_MENSAGEM_006,NO_CAMPO_RETORNO) values ('100054','1','95','CONTROLE_NEGOCIAL.COD_RETORNO');
Insert into MTX.MTXTB007_TAREFA_MENSAGEM (NU_TAREFA_012,NU_VERSAO_TAREFA_012,NU_MENSAGEM_006,NO_CAMPO_RETORNO) values ('100054','1','96','CONTROLE_NEGOCIAL.COD_RETORNO');
Insert into MTX.MTXTB007_TAREFA_MENSAGEM (NU_TAREFA_012,NU_VERSAO_TAREFA_012,NU_MENSAGEM_006,NO_CAMPO_RETORNO) values ('100054','1','97','CONTROLE_NEGOCIAL.COD_RETORNO');
Insert into MTX.MTXTB007_TAREFA_MENSAGEM (NU_TAREFA_012,NU_VERSAO_TAREFA_012,NU_MENSAGEM_006,NO_CAMPO_RETORNO) values ('100054','1','98','CONTROLE_NEGOCIAL.COD_RETORNO');
Insert into MTX.MTXTB007_TAREFA_MENSAGEM (NU_TAREFA_012,NU_VERSAO_TAREFA_012,NU_MENSAGEM_006,NO_CAMPO_RETORNO) values ('100054','1','99','CONTROLE_NEGOCIAL.COD_RETORNO');
Insert into MTX.MTXTB007_TAREFA_MENSAGEM (NU_TAREFA_012,NU_VERSAO_TAREFA_012,NU_MENSAGEM_006,NO_CAMPO_RETORNO) values ('100054','1','100','CONTROLE_NEGOCIAL.COD_RETORNO');
Insert into MTX.MTXTB007_TAREFA_MENSAGEM (NU_TAREFA_012,NU_VERSAO_TAREFA_012,NU_MENSAGEM_006,NO_CAMPO_RETORNO) values ('100054','1','101','CONTROLE_NEGOCIAL.COD_RETORNO');
Insert into MTX.MTXTB007_TAREFA_MENSAGEM (NU_TAREFA_012,NU_VERSAO_TAREFA_012,NU_MENSAGEM_006,NO_CAMPO_RETORNO) values ('100057','1','102','CONTROLE_NEGOCIAL.COD_RETORNO');
Insert into MTX.MTXTB007_TAREFA_MENSAGEM (NU_TAREFA_012,NU_VERSAO_TAREFA_012,NU_MENSAGEM_006,NO_CAMPO_RETORNO) values ('100057','1','103','CONTROLE_NEGOCIAL.COD_RETORNO');
Insert into MTX.MTXTB007_TAREFA_MENSAGEM (NU_TAREFA_012,NU_VERSAO_TAREFA_012,NU_MENSAGEM_006,NO_CAMPO_RETORNO) values ('100057','1','104','CONTROLE_NEGOCIAL.COD_RETORNO');
Insert into MTX.MTXTB007_TAREFA_MENSAGEM (NU_TAREFA_012,NU_VERSAO_TAREFA_012,NU_MENSAGEM_006,NO_CAMPO_RETORNO) values ('100057','1','105','CONTROLE_NEGOCIAL.COD_RETORNO');
Insert into MTX.MTXTB007_TAREFA_MENSAGEM (NU_TAREFA_012,NU_VERSAO_TAREFA_012,NU_MENSAGEM_006,NO_CAMPO_RETORNO) values ('100057','1','106','CONTROLE_NEGOCIAL.COD_RETORNO');
Insert into MTX.MTXTB007_TAREFA_MENSAGEM (NU_TAREFA_012,NU_VERSAO_TAREFA_012,NU_MENSAGEM_006,NO_CAMPO_RETORNO) values ('100057','1','107','CONTROLE_NEGOCIAL.COD_RETORNO');
Insert into MTX.MTXTB007_TAREFA_MENSAGEM (NU_TAREFA_012,NU_VERSAO_TAREFA_012,NU_MENSAGEM_006,NO_CAMPO_RETORNO) values ('100057','1','108','CONTROLE_NEGOCIAL.COD_RETORNO');
Insert into MTX.MTXTB007_TAREFA_MENSAGEM (NU_TAREFA_012,NU_VERSAO_TAREFA_012,NU_MENSAGEM_006,NO_CAMPO_RETORNO) values ('100057','1','109','CONTROLE_NEGOCIAL.COD_RETORNO');
Insert into MTX.MTXTB007_TAREFA_MENSAGEM (NU_TAREFA_012,NU_VERSAO_TAREFA_012,NU_MENSAGEM_006,NO_CAMPO_RETORNO) values ('100057','1','110','CONTROLE_NEGOCIAL.COD_RETORNO');
Insert into MTX.MTXTB007_TAREFA_MENSAGEM (NU_TAREFA_012,NU_VERSAO_TAREFA_012,NU_MENSAGEM_006,NO_CAMPO_RETORNO) values ('100057','1','111','CONTROLE_NEGOCIAL.COD_RETORNO');
Insert into MTX.MTXTB007_TAREFA_MENSAGEM (NU_TAREFA_012,NU_VERSAO_TAREFA_012,NU_MENSAGEM_006,NO_CAMPO_RETORNO) values ('100057','1','112','CONTROLE_NEGOCIAL.COD_RETORNO');
Insert into MTX.MTXTB007_TAREFA_MENSAGEM (NU_TAREFA_012,NU_VERSAO_TAREFA_012,NU_MENSAGEM_006,NO_CAMPO_RETORNO) values ('100057','1','113','CONTROLE_NEGOCIAL.COD_RETORNO');
Insert into MTX.MTXTB007_TAREFA_MENSAGEM (NU_TAREFA_012,NU_VERSAO_TAREFA_012,NU_MENSAGEM_006,NO_CAMPO_RETORNO) values ('100057','1','114','CONTROLE_NEGOCIAL.COD_RETORNO');
Insert into MTX.MTXTB007_TAREFA_MENSAGEM (NU_TAREFA_012,NU_VERSAO_TAREFA_012,NU_MENSAGEM_006,NO_CAMPO_RETORNO) values ('100057','1','115','CONTROLE_NEGOCIAL.COD_RETORNO');
Insert into MTX.MTXTB007_TAREFA_MENSAGEM (NU_TAREFA_012,NU_VERSAO_TAREFA_012,NU_MENSAGEM_006,NO_CAMPO_RETORNO) values ('100057','1','116','CONTROLE_NEGOCIAL.COD_RETORNO');
Insert into MTX.MTXTB007_TAREFA_MENSAGEM (NU_TAREFA_012,NU_VERSAO_TAREFA_012,NU_MENSAGEM_006,NO_CAMPO_RETORNO) values ('100029','1','137','CONTROLE_NEGOCIAL.COD_RETORNO');
Insert into MTX.MTXTB007_TAREFA_MENSAGEM (NU_TAREFA_012,NU_VERSAO_TAREFA_012,NU_MENSAGEM_006,NO_CAMPO_RETORNO) values ('100029','1','138','CONTROLE_NEGOCIAL.COD_RETORNO');
Insert into MTX.MTXTB007_TAREFA_MENSAGEM (NU_TAREFA_012,NU_VERSAO_TAREFA_012,NU_MENSAGEM_006,NO_CAMPO_RETORNO) values ('100029','1','139','CONTROLE_NEGOCIAL.COD_RETORNO');
Insert into MTX.MTXTB007_TAREFA_MENSAGEM (NU_TAREFA_012,NU_VERSAO_TAREFA_012,NU_MENSAGEM_006,NO_CAMPO_RETORNO) values ('100029','1','140','CONTROLE_NEGOCIAL.COD_RETORNO');
Insert into MTX.MTXTB007_TAREFA_MENSAGEM (NU_TAREFA_012,NU_VERSAO_TAREFA_012,NU_MENSAGEM_006,NO_CAMPO_RETORNO) values ('100029','1','141','CONTROLE_NEGOCIAL.COD_RETORNO');
Insert into MTX.MTXTB007_TAREFA_MENSAGEM (NU_TAREFA_012,NU_VERSAO_TAREFA_012,NU_MENSAGEM_006,NO_CAMPO_RETORNO) values ('100029','1','142','CONTROLE_NEGOCIAL.COD_RETORNO');
Insert into MTX.MTXTB007_TAREFA_MENSAGEM (NU_TAREFA_012,NU_VERSAO_TAREFA_012,NU_MENSAGEM_006,NO_CAMPO_RETORNO) values ('100029','1','143','CONTROLE_NEGOCIAL.COD_RETORNO');
Insert into MTX.MTXTB007_TAREFA_MENSAGEM (NU_TAREFA_012,NU_VERSAO_TAREFA_012,NU_MENSAGEM_006,NO_CAMPO_RETORNO) values ('100029','1','144','CONTROLE_NEGOCIAL.COD_RETORNO');
Insert into MTX.MTXTB007_TAREFA_MENSAGEM (NU_TAREFA_012,NU_VERSAO_TAREFA_012,NU_MENSAGEM_006,NO_CAMPO_RETORNO) values ('100029','1','145','CONTROLE_NEGOCIAL.COD_RETORNO');
Insert into MTX.MTXTB007_TAREFA_MENSAGEM (NU_TAREFA_012,NU_VERSAO_TAREFA_012,NU_MENSAGEM_006,NO_CAMPO_RETORNO) values ('100029','1','146','CONTROLE_NEGOCIAL.COD_RETORNO');
Insert into MTX.MTXTB007_TAREFA_MENSAGEM (NU_TAREFA_012,NU_VERSAO_TAREFA_012,NU_MENSAGEM_006,NO_CAMPO_RETORNO) values ('100029','1','147','CONTROLE_NEGOCIAL.COD_RETORNO');
Insert into MTX.MTXTB007_TAREFA_MENSAGEM (NU_TAREFA_012,NU_VERSAO_TAREFA_012,NU_MENSAGEM_006,NO_CAMPO_RETORNO) values ('100029','1','148','CONTROLE_NEGOCIAL.COD_RETORNO');
Insert into MTX.MTXTB007_TAREFA_MENSAGEM (NU_TAREFA_012,NU_VERSAO_TAREFA_012,NU_MENSAGEM_006,NO_CAMPO_RETORNO) values ('100029','1','149','CONTROLE_NEGOCIAL.COD_RETORNO');
Insert into MTX.MTXTB007_TAREFA_MENSAGEM (NU_TAREFA_012,NU_VERSAO_TAREFA_012,NU_MENSAGEM_006,NO_CAMPO_RETORNO) values ('100029','1','150','CONTROLE_NEGOCIAL.COD_RETORNO');
Insert into MTX.MTXTB007_TAREFA_MENSAGEM (NU_TAREFA_012,NU_VERSAO_TAREFA_012,NU_MENSAGEM_006,NO_CAMPO_RETORNO) values ('100029','1','151','CONTROLE_NEGOCIAL.COD_RETORNO');
Insert into MTX.MTXTB007_TAREFA_MENSAGEM (NU_TAREFA_012,NU_VERSAO_TAREFA_012,NU_MENSAGEM_006,NO_CAMPO_RETORNO) values ('100029','1','152','CONTROLE_NEGOCIAL.COD_RETORNO');
Insert into MTX.MTXTB007_TAREFA_MENSAGEM (NU_TAREFA_012,NU_VERSAO_TAREFA_012,NU_MENSAGEM_006,NO_CAMPO_RETORNO) values ('100029','1','153','CONTROLE_NEGOCIAL.COD_RETORNO');
Insert into MTX.MTXTB007_TAREFA_MENSAGEM (NU_TAREFA_012,NU_VERSAO_TAREFA_012,NU_MENSAGEM_006,NO_CAMPO_RETORNO) values ('100029','1','154','CONTROLE_NEGOCIAL.COD_RETORNO');
Insert into MTX.MTXTB007_TAREFA_MENSAGEM (NU_TAREFA_012,NU_VERSAO_TAREFA_012,NU_MENSAGEM_006,NO_CAMPO_RETORNO) values ('100049','1','169','CONTROLE_NEGOCIAL.COD_RETORNO');
Insert into MTX.MTXTB007_TAREFA_MENSAGEM (NU_TAREFA_012,NU_VERSAO_TAREFA_012,NU_MENSAGEM_006,NO_CAMPO_RETORNO) values ('100025','1','117','CONTROLE_NEGOCIAL.COD_RETORNO');
Insert into MTX.MTXTB007_TAREFA_MENSAGEM (NU_TAREFA_012,NU_VERSAO_TAREFA_012,NU_MENSAGEM_006,NO_CAMPO_RETORNO) values ('100025','1','118','CONTROLE_NEGOCIAL.COD_RETORNO');
Insert into MTX.MTXTB007_TAREFA_MENSAGEM (NU_TAREFA_012,NU_VERSAO_TAREFA_012,NU_MENSAGEM_006,NO_CAMPO_RETORNO) values ('100025','1','119','CONTROLE_NEGOCIAL.COD_RETORNO');
Insert into MTX.MTXTB007_TAREFA_MENSAGEM (NU_TAREFA_012,NU_VERSAO_TAREFA_012,NU_MENSAGEM_006,NO_CAMPO_RETORNO) values ('100025','1','120','CONTROLE_NEGOCIAL.COD_RETORNO');
Insert into MTX.MTXTB007_TAREFA_MENSAGEM (NU_TAREFA_012,NU_VERSAO_TAREFA_012,NU_MENSAGEM_006,NO_CAMPO_RETORNO) values ('100025','1','121','CONTROLE_NEGOCIAL.COD_RETORNO');
Insert into MTX.MTXTB007_TAREFA_MENSAGEM (NU_TAREFA_012,NU_VERSAO_TAREFA_012,NU_MENSAGEM_006,NO_CAMPO_RETORNO) values ('100025','1','122','CONTROLE_NEGOCIAL.COD_RETORNO');
Insert into MTX.MTXTB007_TAREFA_MENSAGEM (NU_TAREFA_012,NU_VERSAO_TAREFA_012,NU_MENSAGEM_006,NO_CAMPO_RETORNO) values ('100025','1','123','CONTROLE_NEGOCIAL.COD_RETORNO');
Insert into MTX.MTXTB007_TAREFA_MENSAGEM (NU_TAREFA_012,NU_VERSAO_TAREFA_012,NU_MENSAGEM_006,NO_CAMPO_RETORNO) values ('100025','1','124','CONTROLE_NEGOCIAL.COD_RETORNO');
Insert into MTX.MTXTB007_TAREFA_MENSAGEM (NU_TAREFA_012,NU_VERSAO_TAREFA_012,NU_MENSAGEM_006,NO_CAMPO_RETORNO) values ('100025','1','125','CONTROLE_NEGOCIAL.COD_RETORNO');
Insert into MTX.MTXTB007_TAREFA_MENSAGEM (NU_TAREFA_012,NU_VERSAO_TAREFA_012,NU_MENSAGEM_006,NO_CAMPO_RETORNO) values ('100025','1','126','CONTROLE_NEGOCIAL.COD_RETORNO');
Insert into MTX.MTXTB007_TAREFA_MENSAGEM (NU_TAREFA_012,NU_VERSAO_TAREFA_012,NU_MENSAGEM_006,NO_CAMPO_RETORNO) values ('100025','1','127','CONTROLE_NEGOCIAL.COD_RETORNO');
Insert into MTX.MTXTB007_TAREFA_MENSAGEM (NU_TAREFA_012,NU_VERSAO_TAREFA_012,NU_MENSAGEM_006,NO_CAMPO_RETORNO) values ('100025','1','128','CONTROLE_NEGOCIAL.COD_RETORNO');
Insert into MTX.MTXTB007_TAREFA_MENSAGEM (NU_TAREFA_012,NU_VERSAO_TAREFA_012,NU_MENSAGEM_006,NO_CAMPO_RETORNO) values ('100025','1','129','CONTROLE_NEGOCIAL.COD_RETORNO');
Insert into MTX.MTXTB007_TAREFA_MENSAGEM (NU_TAREFA_012,NU_VERSAO_TAREFA_012,NU_MENSAGEM_006,NO_CAMPO_RETORNO) values ('100025','1','130','CONTROLE_NEGOCIAL.COD_RETORNO');
Insert into MTX.MTXTB007_TAREFA_MENSAGEM (NU_TAREFA_012,NU_VERSAO_TAREFA_012,NU_MENSAGEM_006,NO_CAMPO_RETORNO) values ('100025','1','131','CONTROLE_NEGOCIAL.COD_RETORNO');
Insert into MTX.MTXTB007_TAREFA_MENSAGEM (NU_TAREFA_012,NU_VERSAO_TAREFA_012,NU_MENSAGEM_006,NO_CAMPO_RETORNO) values ('100025','1','132','CONTROLE_NEGOCIAL.COD_RETORNO');
Insert into MTX.MTXTB007_TAREFA_MENSAGEM (NU_TAREFA_012,NU_VERSAO_TAREFA_012,NU_MENSAGEM_006,NO_CAMPO_RETORNO) values ('100025','1','133','CONTROLE_NEGOCIAL.COD_RETORNO');
Insert into MTX.MTXTB007_TAREFA_MENSAGEM (NU_TAREFA_012,NU_VERSAO_TAREFA_012,NU_MENSAGEM_006,NO_CAMPO_RETORNO) values ('100025','1','134','CONTROLE_NEGOCIAL.COD_RETORNO');
Insert into MTX.MTXTB007_TAREFA_MENSAGEM (NU_TAREFA_012,NU_VERSAO_TAREFA_012,NU_MENSAGEM_006,NO_CAMPO_RETORNO) values ('100025','1','135','CONTROLE_NEGOCIAL.COD_RETORNO');
Insert into MTX.MTXTB007_TAREFA_MENSAGEM (NU_TAREFA_012,NU_VERSAO_TAREFA_012,NU_MENSAGEM_006,NO_CAMPO_RETORNO) values ('100025','1','136','CONTROLE_NEGOCIAL.COD_RETORNO');
Insert into MTX.MTXTB007_TAREFA_MENSAGEM (NU_TAREFA_012,NU_VERSAO_TAREFA_012,NU_MENSAGEM_006,NO_CAMPO_RETORNO) values ('100025','1','1','CONTROLE_NEGOCIAL.COD_RETORNO');
Insert into MTX.MTXTB007_TAREFA_MENSAGEM (NU_TAREFA_012,NU_VERSAO_TAREFA_012,NU_MENSAGEM_006,NO_CAMPO_RETORNO) values ('100046','1','1','CONTROLE_NEGOCIAL.COD_RETORNO');
Insert into MTX.MTXTB007_TAREFA_MENSAGEM (NU_TAREFA_012,NU_VERSAO_TAREFA_012,NU_MENSAGEM_006,NO_CAMPO_RETORNO) values ('100056','1','1','CONTROLE_NEGOCIAL.COD_RETORNO');
Insert into MTX.MTXTB007_TAREFA_MENSAGEM (NU_TAREFA_012,NU_VERSAO_TAREFA_012,NU_MENSAGEM_006,NO_CAMPO_RETORNO) values ('100072','1','1','CONTROLE_NEGOCIAL.COD_RETORNO');
Insert into MTX.MTXTB007_TAREFA_MENSAGEM (NU_TAREFA_012,NU_VERSAO_TAREFA_012,NU_MENSAGEM_006,NO_CAMPO_RETORNO) values ('100079','1','1','CONTROLE_NEGOCIAL.COD_RETORNO');
Insert into MTX.MTXTB007_TAREFA_MENSAGEM (NU_TAREFA_012,NU_VERSAO_TAREFA_012,NU_MENSAGEM_006,NO_CAMPO_RETORNO) values ('100043','1','2','CONTROLE_NEGOCIAL.COD_RETORNO');
Insert into MTX.MTXTB007_TAREFA_MENSAGEM (NU_TAREFA_012,NU_VERSAO_TAREFA_012,NU_MENSAGEM_006,NO_CAMPO_RETORNO) values ('100055','1','2','CONTROLE_NEGOCIAL.COD_RETORNO');
Insert into MTX.MTXTB007_TAREFA_MENSAGEM (NU_TAREFA_012,NU_VERSAO_TAREFA_012,NU_MENSAGEM_006,NO_CAMPO_RETORNO) values ('100048','1','1','CONTROLE_NEGOCIAL.COD_RETORNO');
Insert into MTX.MTXTB007_TAREFA_MENSAGEM (NU_TAREFA_012,NU_VERSAO_TAREFA_012,NU_MENSAGEM_006,NO_CAMPO_RETORNO) values ('100050','1','156','CONTROLE_NEGOCIAL.COD_RETORNO');
Insert into MTX.MTXTB007_TAREFA_MENSAGEM (NU_TAREFA_012,NU_VERSAO_TAREFA_012,NU_MENSAGEM_006,NO_CAMPO_RETORNO) values ('100054','1','177','CONTROLE_NEGOCIAL.COD_RETORNO');
Insert into MTX.MTXTB007_TAREFA_MENSAGEM (NU_TAREFA_012,NU_VERSAO_TAREFA_012,NU_MENSAGEM_006,NO_CAMPO_RETORNO) values ('100068','1','85','CONTROLE_NEGOCIAL.COD_RETORNO');
Insert into MTX.MTXTB007_TAREFA_MENSAGEM (NU_TAREFA_012,NU_VERSAO_TAREFA_012,NU_MENSAGEM_006,NO_CAMPO_RETORNO) values ('100067','1','85','CONTROLE_NEGOCIAL.COD_RETORNO');
Insert into MTX.MTXTB007_TAREFA_MENSAGEM (NU_TAREFA_012,NU_VERSAO_TAREFA_012,NU_MENSAGEM_006,NO_CAMPO_RETORNO) values ('100051','1','85','CONTROLE_NEGOCIAL.COD_RETORNO');
Insert into MTX.MTXTB007_TAREFA_MENSAGEM (NU_TAREFA_012,NU_VERSAO_TAREFA_012,NU_MENSAGEM_006,NO_CAMPO_RETORNO) values ('100052','1','85','CONTROLE_NEGOCIAL.COD_RETORNO');
Insert into MTX.MTXTB007_TAREFA_MENSAGEM (NU_TAREFA_012,NU_VERSAO_TAREFA_012,NU_MENSAGEM_006,NO_CAMPO_RETORNO) values ('100054','1','85','CONTROLE_NEGOCIAL.COD_RETORNO');
Insert into MTX.MTXTB007_TAREFA_MENSAGEM (NU_TAREFA_012,NU_VERSAO_TAREFA_012,NU_MENSAGEM_006,NO_CAMPO_RETORNO) values ('100057','1','85','CONTROLE_NEGOCIAL.COD_RETORNO');
Insert into MTX.MTXTB007_TAREFA_MENSAGEM (NU_TAREFA_012,NU_VERSAO_TAREFA_012,NU_MENSAGEM_006,NO_CAMPO_RETORNO) values ('100058','1','85','CONTROLE_NEGOCIAL.COD_RETORNO');
Insert into MTX.MTXTB007_TAREFA_MENSAGEM (NU_TAREFA_012,NU_VERSAO_TAREFA_012,NU_MENSAGEM_006,NO_CAMPO_RETORNO) values ('100059','1','85','CONTROLE_NEGOCIAL.COD_RETORNO');
Insert into MTX.MTXTB007_TAREFA_MENSAGEM (NU_TAREFA_012,NU_VERSAO_TAREFA_012,NU_MENSAGEM_006,NO_CAMPO_RETORNO) values ('100060','1','85','CONTROLE_NEGOCIAL.COD_RETORNO');
Insert into MTX.MTXTB007_TAREFA_MENSAGEM (NU_TAREFA_012,NU_VERSAO_TAREFA_012,NU_MENSAGEM_006,NO_CAMPO_RETORNO) values ('100045','1','85','CONTROLE_NEGOCIAL.COD_RETORNO');
Insert into MTX.MTXTB007_TAREFA_MENSAGEM (NU_TAREFA_012,NU_VERSAO_TAREFA_012,NU_MENSAGEM_006,NO_CAMPO_RETORNO) values ('100014','1','85','CONTROLE_NEGOCIAL.COD_RETORNO');
Insert into MTX.MTXTB007_TAREFA_MENSAGEM (NU_TAREFA_012,NU_VERSAO_TAREFA_012,NU_MENSAGEM_006,NO_CAMPO_RETORNO) values ('100025','1','85','CONTROLE_NEGOCIAL.COD_RETORNO');
Insert into MTX.MTXTB007_TAREFA_MENSAGEM (NU_TAREFA_012,NU_VERSAO_TAREFA_012,NU_MENSAGEM_006,NO_CAMPO_RETORNO) values ('100046','1','85','CONTROLE_NEGOCIAL.COD_RETORNO');
Insert into MTX.MTXTB007_TAREFA_MENSAGEM (NU_TAREFA_012,NU_VERSAO_TAREFA_012,NU_MENSAGEM_006,NO_CAMPO_RETORNO) values ('100064','1','85','CONTROLE_NEGOCIAL.COD_RETORNO');
Insert into MTX.MTXTB007_TAREFA_MENSAGEM (NU_TAREFA_012,NU_VERSAO_TAREFA_012,NU_MENSAGEM_006,NO_CAMPO_RETORNO) values ('100065','1','85','CONTROLE_NEGOCIAL.COD_RETORNO');
Insert into MTX.MTXTB007_TAREFA_MENSAGEM (NU_TAREFA_012,NU_VERSAO_TAREFA_012,NU_MENSAGEM_006,NO_CAMPO_RETORNO) values ('100043','1','85','CONTROLE_NEGOCIAL.COD_RETORNO');
Insert into MTX.MTXTB007_TAREFA_MENSAGEM (NU_TAREFA_012,NU_VERSAO_TAREFA_012,NU_MENSAGEM_006,NO_CAMPO_RETORNO) values ('100048','1','85','CONTROLE_NEGOCIAL.COD_RETORNO');
Insert into MTX.MTXTB007_TAREFA_MENSAGEM (NU_TAREFA_012,NU_VERSAO_TAREFA_012,NU_MENSAGEM_006,NO_CAMPO_RETORNO) values ('100056','1','85','CONTROLE_NEGOCIAL.COD_RETORNO');
Insert into MTX.MTXTB007_TAREFA_MENSAGEM (NU_TAREFA_012,NU_VERSAO_TAREFA_012,NU_MENSAGEM_006,NO_CAMPO_RETORNO) values ('100055','1','85','CONTROLE_NEGOCIAL.COD_RETORNO');
Insert into MTX.MTXTB007_TAREFA_MENSAGEM (NU_TAREFA_012,NU_VERSAO_TAREFA_012,NU_MENSAGEM_006,NO_CAMPO_RETORNO) values ('100079','1','85','CONTROLE_NEGOCIAL.COD_RETORNO');
Insert into MTX.MTXTB007_TAREFA_MENSAGEM (NU_TAREFA_012,NU_VERSAO_TAREFA_012,NU_MENSAGEM_006,NO_CAMPO_RETORNO) values ('100066','1','85','CONTROLE_NEGOCIAL.COD_RETORNO');
Insert into MTX.MTXTB007_TAREFA_MENSAGEM (NU_TAREFA_012,NU_VERSAO_TAREFA_012,NU_MENSAGEM_006,NO_CAMPO_RETORNO) values ('100069','1','85','CONTROLE_NEGOCIAL.COD_RETORNO');
Insert into MTX.MTXTB007_TAREFA_MENSAGEM (NU_TAREFA_012,NU_VERSAO_TAREFA_012,NU_MENSAGEM_006,NO_CAMPO_RETORNO) values ('100071','1','85','CONTROLE_NEGOCIAL.COD_RETORNO');
Insert into MTX.MTXTB007_TAREFA_MENSAGEM (NU_TAREFA_012,NU_VERSAO_TAREFA_012,NU_MENSAGEM_006,NO_CAMPO_RETORNO) values ('100061','1','85','CONTROLE_NEGOCIAL.COD_RETORNO');
Insert into MTX.MTXTB007_TAREFA_MENSAGEM (NU_TAREFA_012,NU_VERSAO_TAREFA_012,NU_MENSAGEM_006,NO_CAMPO_RETORNO) values ('100040','1','85','CONTROLE_NEGOCIAL.COD_RETORNO');
Insert into MTX.MTXTB007_TAREFA_MENSAGEM (NU_TAREFA_012,NU_VERSAO_TAREFA_012,NU_MENSAGEM_006,NO_CAMPO_RETORNO) values ('100042','1','85','CONTROLE_NEGOCIAL.COD_RETORNO');
Insert into MTX.MTXTB007_TAREFA_MENSAGEM (NU_TAREFA_012,NU_VERSAO_TAREFA_012,NU_MENSAGEM_006,NO_CAMPO_RETORNO) values ('100029','1','85','CONTROLE_NEGOCIAL.COD_RETORNO');
Insert into MTX.MTXTB007_TAREFA_MENSAGEM (NU_TAREFA_012,NU_VERSAO_TAREFA_012,NU_MENSAGEM_006,NO_CAMPO_RETORNO) values ('100049','1','85','CONTROLE_NEGOCIAL.COD_RETORNO');
Insert into MTX.MTXTB007_TAREFA_MENSAGEM (NU_TAREFA_012,NU_VERSAO_TAREFA_012,NU_MENSAGEM_006,NO_CAMPO_RETORNO) values ('100062','1','85','CONTROLE_NEGOCIAL.COD_RETORNO');
Insert into MTX.MTXTB007_TAREFA_MENSAGEM (NU_TAREFA_012,NU_VERSAO_TAREFA_012,NU_MENSAGEM_006,NO_CAMPO_RETORNO) values ('100063','1','85','CONTROLE_NEGOCIAL.COD_RETORNO');
Insert into MTX.MTXTB007_TAREFA_MENSAGEM (NU_TAREFA_012,NU_VERSAO_TAREFA_012,NU_MENSAGEM_006,NO_CAMPO_RETORNO) values ('100069','1','1','CONTROLE_NEGOCIAL.COD_RETORNO');
Insert into MTX.MTXTB007_TAREFA_MENSAGEM (NU_TAREFA_012,NU_VERSAO_TAREFA_012,NU_MENSAGEM_006,NO_CAMPO_RETORNO) values ('100067','1','157','CONTROLE_NEGOCIAL.COD_RETORNO');
Insert into MTX.MTXTB007_TAREFA_MENSAGEM (NU_TAREFA_012,NU_VERSAO_TAREFA_012,NU_MENSAGEM_006,NO_CAMPO_RETORNO) values ('100067','1','158','CONTROLE_NEGOCIAL.COD_RETORNO');
Insert into MTX.MTXTB007_TAREFA_MENSAGEM (NU_TAREFA_012,NU_VERSAO_TAREFA_012,NU_MENSAGEM_006,NO_CAMPO_RETORNO) values ('100067','1','178','CONTROLE_NEGOCIAL.COD_RETORNO');
Insert into MTX.MTXTB007_TAREFA_MENSAGEM (NU_TAREFA_012,NU_VERSAO_TAREFA_012,NU_MENSAGEM_006,NO_CAMPO_RETORNO) values ('100068','1','157','CONTROLE_NEGOCIAL.COD_RETORNO');
Insert into MTX.MTXTB007_TAREFA_MENSAGEM (NU_TAREFA_012,NU_VERSAO_TAREFA_012,NU_MENSAGEM_006,NO_CAMPO_RETORNO) values ('100068','1','178','CONTROLE_NEGOCIAL.COD_RETORNO');
Insert into MTX.MTXTB007_TAREFA_MENSAGEM (NU_TAREFA_012,NU_VERSAO_TAREFA_012,NU_MENSAGEM_006,NO_CAMPO_RETORNO) values ('100068','1','179','CONTROLE_NEGOCIAL.COD_RETORNO');
Insert into MTX.MTXTB007_TAREFA_MENSAGEM (NU_TAREFA_012,NU_VERSAO_TAREFA_012,NU_MENSAGEM_006,NO_CAMPO_RETORNO) values ('100068','1','180','CONTROLE_NEGOCIAL.COD_RETORNO');
Insert into MTX.MTXTB007_TAREFA_MENSAGEM (NU_TAREFA_012,NU_VERSAO_TAREFA_012,NU_MENSAGEM_006,NO_CAMPO_RETORNO) values ('100050','1','185','CONTROLE_NEGOCIAL.COD_RETORNO');
Insert into MTX.MTXTB007_TAREFA_MENSAGEM (NU_TAREFA_012,NU_VERSAO_TAREFA_012,NU_MENSAGEM_006,NO_CAMPO_RETORNO) values ('100043','1','68','CONTROLE_NEGOCIAL.COD_RETORNO');
Insert into MTX.MTXTB007_TAREFA_MENSAGEM (NU_TAREFA_012,NU_VERSAO_TAREFA_012,NU_MENSAGEM_006,NO_CAMPO_RETORNO) values ('100071','1','1','CONTROLE_NEGOCIAL.COD_RETORNO');
Insert into MTX.MTXTB007_TAREFA_MENSAGEM (NU_TAREFA_012,NU_VERSAO_TAREFA_012,NU_MENSAGEM_006,NO_CAMPO_RETORNO) values ('100045','1','1','CONTROLE_NEGOCIAL.COD_RETORNO');
Insert into MTX.MTXTB007_TAREFA_MENSAGEM (NU_TAREFA_012,NU_VERSAO_TAREFA_012,NU_MENSAGEM_006,NO_CAMPO_RETORNO) values ('100049','1','1','CONTROLE_NEGOCIAL.COD_RETORNO');
Insert into MTX.MTXTB007_TAREFA_MENSAGEM (NU_TAREFA_012,NU_VERSAO_TAREFA_012,NU_MENSAGEM_006,NO_CAMPO_RETORNO) values ('100069','1','157','CONTROLE_NEGOCIAL.COD_RETORNO');
Insert into MTX.MTXTB007_TAREFA_MENSAGEM (NU_TAREFA_012,NU_VERSAO_TAREFA_012,NU_MENSAGEM_006,NO_CAMPO_RETORNO) values ('100069','1','158','CONTROLE_NEGOCIAL.COD_RETORNO');
Insert into MTX.MTXTB007_TAREFA_MENSAGEM (NU_TAREFA_012,NU_VERSAO_TAREFA_012,NU_MENSAGEM_006,NO_CAMPO_RETORNO) values ('100050','1','68','CONTROLE_NEGOCIAL.COD_RETORNO');
Insert into MTX.MTXTB007_TAREFA_MENSAGEM (NU_TAREFA_012,NU_VERSAO_TAREFA_012,NU_MENSAGEM_006,NO_CAMPO_RETORNO) values ('100066','1','68','CONTROLE_NEGOCIAL.COD_RETORNO');
Insert into MTX.MTXTB007_TAREFA_MENSAGEM (NU_TAREFA_012,NU_VERSAO_TAREFA_012,NU_MENSAGEM_006,NO_CAMPO_RETORNO) values ('100058','1','1','CONTROLE_NEGOCIAL.COD_RETORNO');
Insert into MTX.MTXTB007_TAREFA_MENSAGEM (NU_TAREFA_012,NU_VERSAO_TAREFA_012,NU_MENSAGEM_006,NO_CAMPO_RETORNO) values ('100059','1','1','CONTROLE_NEGOCIAL.COD_RETORNO');
Insert into MTX.MTXTB007_TAREFA_MENSAGEM (NU_TAREFA_012,NU_VERSAO_TAREFA_012,NU_MENSAGEM_006,NO_CAMPO_RETORNO) values ('100055','1','35','CONTROLE_NEGOCIAL.COD_RETORNO');
Insert into MTX.MTXTB007_TAREFA_MENSAGEM (NU_TAREFA_012,NU_VERSAO_TAREFA_012,NU_MENSAGEM_006,NO_CAMPO_RETORNO) values ('100055','1','36','CONTROLE_NEGOCIAL.COD_RETORNO');
Insert into MTX.MTXTB007_TAREFA_MENSAGEM (NU_TAREFA_012,NU_VERSAO_TAREFA_012,NU_MENSAGEM_006,NO_CAMPO_RETORNO) values ('100055','1','37','CONTROLE_NEGOCIAL.COD_RETORNO');
Insert into MTX.MTXTB007_TAREFA_MENSAGEM (NU_TAREFA_012,NU_VERSAO_TAREFA_012,NU_MENSAGEM_006,NO_CAMPO_RETORNO) values ('100055','1','38','CONTROLE_NEGOCIAL.COD_RETORNO');
Insert into MTX.MTXTB007_TAREFA_MENSAGEM (NU_TAREFA_012,NU_VERSAO_TAREFA_012,NU_MENSAGEM_006,NO_CAMPO_RETORNO) values ('100055','1','39','CONTROLE_NEGOCIAL.COD_RETORNO');
Insert into MTX.MTXTB007_TAREFA_MENSAGEM (NU_TAREFA_012,NU_VERSAO_TAREFA_012,NU_MENSAGEM_006,NO_CAMPO_RETORNO) values ('100055','1','40','CONTROLE_NEGOCIAL.COD_RETORNO');
Insert into MTX.MTXTB007_TAREFA_MENSAGEM (NU_TAREFA_012,NU_VERSAO_TAREFA_012,NU_MENSAGEM_006,NO_CAMPO_RETORNO) values ('100055','1','41','CONTROLE_NEGOCIAL.COD_RETORNO');
Insert into MTX.MTXTB007_TAREFA_MENSAGEM (NU_TAREFA_012,NU_VERSAO_TAREFA_012,NU_MENSAGEM_006,NO_CAMPO_RETORNO) values ('100055','1','42','CONTROLE_NEGOCIAL.COD_RETORNO');
Insert into MTX.MTXTB007_TAREFA_MENSAGEM (NU_TAREFA_012,NU_VERSAO_TAREFA_012,NU_MENSAGEM_006,NO_CAMPO_RETORNO) values ('100055','1','43','CONTROLE_NEGOCIAL.COD_RETORNO');
Insert into MTX.MTXTB007_TAREFA_MENSAGEM (NU_TAREFA_012,NU_VERSAO_TAREFA_012,NU_MENSAGEM_006,NO_CAMPO_RETORNO) values ('100055','1','44','CONTROLE_NEGOCIAL.COD_RETORNO');
Insert into MTX.MTXTB007_TAREFA_MENSAGEM (NU_TAREFA_012,NU_VERSAO_TAREFA_012,NU_MENSAGEM_006,NO_CAMPO_RETORNO) values ('100055','1','45','CONTROLE_NEGOCIAL.COD_RETORNO');
Insert into MTX.MTXTB007_TAREFA_MENSAGEM (NU_TAREFA_012,NU_VERSAO_TAREFA_012,NU_MENSAGEM_006,NO_CAMPO_RETORNO) values ('100055','1','46','CONTROLE_NEGOCIAL.COD_RETORNO');
Insert into MTX.MTXTB007_TAREFA_MENSAGEM (NU_TAREFA_012,NU_VERSAO_TAREFA_012,NU_MENSAGEM_006,NO_CAMPO_RETORNO) values ('100055','1','47','CONTROLE_NEGOCIAL.COD_RETORNO');
Insert into MTX.MTXTB007_TAREFA_MENSAGEM (NU_TAREFA_012,NU_VERSAO_TAREFA_012,NU_MENSAGEM_006,NO_CAMPO_RETORNO) values ('100055','1','48','CONTROLE_NEGOCIAL.COD_RETORNO');
Insert into MTX.MTXTB007_TAREFA_MENSAGEM (NU_TAREFA_012,NU_VERSAO_TAREFA_012,NU_MENSAGEM_006,NO_CAMPO_RETORNO) values ('100055','1','49','CONTROLE_NEGOCIAL.COD_RETORNO');
Insert into MTX.MTXTB007_TAREFA_MENSAGEM (NU_TAREFA_012,NU_VERSAO_TAREFA_012,NU_MENSAGEM_006,NO_CAMPO_RETORNO) values ('100055','1','50','CONTROLE_NEGOCIAL.COD_RETORNO');
Insert into MTX.MTXTB007_TAREFA_MENSAGEM (NU_TAREFA_012,NU_VERSAO_TAREFA_012,NU_MENSAGEM_006,NO_CAMPO_RETORNO) values ('100055','1','51','CONTROLE_NEGOCIAL.COD_RETORNO');
Insert into MTX.MTXTB007_TAREFA_MENSAGEM (NU_TAREFA_012,NU_VERSAO_TAREFA_012,NU_MENSAGEM_006,NO_CAMPO_RETORNO) values ('100055','1','52','CONTROLE_NEGOCIAL.COD_RETORNO');
Insert into MTX.MTXTB007_TAREFA_MENSAGEM (NU_TAREFA_012,NU_VERSAO_TAREFA_012,NU_MENSAGEM_006,NO_CAMPO_RETORNO) values ('100055','1','53','CONTROLE_NEGOCIAL.COD_RETORNO');
Insert into MTX.MTXTB007_TAREFA_MENSAGEM (NU_TAREFA_012,NU_VERSAO_TAREFA_012,NU_MENSAGEM_006,NO_CAMPO_RETORNO) values ('100055','1','54','CONTROLE_NEGOCIAL.COD_RETORNO');
Insert into MTX.MTXTB007_TAREFA_MENSAGEM (NU_TAREFA_012,NU_VERSAO_TAREFA_012,NU_MENSAGEM_006,NO_CAMPO_RETORNO) values ('100055','1','55','CONTROLE_NEGOCIAL.COD_RETORNO');
Insert into MTX.MTXTB007_TAREFA_MENSAGEM (NU_TAREFA_012,NU_VERSAO_TAREFA_012,NU_MENSAGEM_006,NO_CAMPO_RETORNO) values ('100055','1','56','CONTROLE_NEGOCIAL.COD_RETORNO');
Insert into MTX.MTXTB007_TAREFA_MENSAGEM (NU_TAREFA_012,NU_VERSAO_TAREFA_012,NU_MENSAGEM_006,NO_CAMPO_RETORNO) values ('100055','1','57','CONTROLE_NEGOCIAL.COD_RETORNO');
Insert into MTX.MTXTB007_TAREFA_MENSAGEM (NU_TAREFA_012,NU_VERSAO_TAREFA_012,NU_MENSAGEM_006,NO_CAMPO_RETORNO) values ('100055','1','58','CONTROLE_NEGOCIAL.COD_RETORNO');
Insert into MTX.MTXTB007_TAREFA_MENSAGEM (NU_TAREFA_012,NU_VERSAO_TAREFA_012,NU_MENSAGEM_006,NO_CAMPO_RETORNO) values ('100055','1','59','CONTROLE_NEGOCIAL.COD_RETORNO');
Insert into MTX.MTXTB007_TAREFA_MENSAGEM (NU_TAREFA_012,NU_VERSAO_TAREFA_012,NU_MENSAGEM_006,NO_CAMPO_RETORNO) values ('100055','1','60','CONTROLE_NEGOCIAL.COD_RETORNO');
Insert into MTX.MTXTB007_TAREFA_MENSAGEM (NU_TAREFA_012,NU_VERSAO_TAREFA_012,NU_MENSAGEM_006,NO_CAMPO_RETORNO) values ('100055','1','61','CONTROLE_NEGOCIAL.COD_RETORNO');
Insert into MTX.MTXTB007_TAREFA_MENSAGEM (NU_TAREFA_012,NU_VERSAO_TAREFA_012,NU_MENSAGEM_006,NO_CAMPO_RETORNO) values ('100055','1','62','CONTROLE_NEGOCIAL.COD_RETORNO');
Insert into MTX.MTXTB007_TAREFA_MENSAGEM (NU_TAREFA_012,NU_VERSAO_TAREFA_012,NU_MENSAGEM_006,NO_CAMPO_RETORNO) values ('100055','1','63','CONTROLE_NEGOCIAL.COD_RETORNO');
Insert into MTX.MTXTB007_TAREFA_MENSAGEM (NU_TAREFA_012,NU_VERSAO_TAREFA_012,NU_MENSAGEM_006,NO_CAMPO_RETORNO) values ('100055','1','64','CONTROLE_NEGOCIAL.COD_RETORNO');
Insert into MTX.MTXTB007_TAREFA_MENSAGEM (NU_TAREFA_012,NU_VERSAO_TAREFA_012,NU_MENSAGEM_006,NO_CAMPO_RETORNO) values ('100055','1','65','CONTROLE_NEGOCIAL.COD_RETORNO');
Insert into MTX.MTXTB007_TAREFA_MENSAGEM (NU_TAREFA_012,NU_VERSAO_TAREFA_012,NU_MENSAGEM_006,NO_CAMPO_RETORNO) values ('100055','1','66','CONTROLE_NEGOCIAL.COD_RETORNO');
Insert into MTX.MTXTB007_TAREFA_MENSAGEM (NU_TAREFA_012,NU_VERSAO_TAREFA_012,NU_MENSAGEM_006,NO_CAMPO_RETORNO) values ('100055','1','67','CONTROLE_NEGOCIAL.COD_RETORNO');

-- *******************  REGRA PROCESSAMENTO  *******************  --
Insert into MTX.MTXTB025_REGRA_PROCESSAMENTO (NU_REGRA,NO_CAMPO_DEPENDENCIA,NO_SERVICO_ORIGEM,NO_OPERACAO_ORIGEM,DE_CAMINHO_INFORMACAO) values ('60','CONTA.UNIDADE','valida_cartao','CARTAO_COMERCIAL','CONTA.UNIDADE');
Insert into MTX.MTXTB025_REGRA_PROCESSAMENTO (NU_REGRA,NO_CAMPO_DEPENDENCIA,NO_SERVICO_ORIGEM,NO_OPERACAO_ORIGEM,DE_CAMINHO_INFORMACAO) values ('61','CONTA.PRODUTO','valida_cartao','CARTAO_COMERCIAL','CONTA.OPERACAO');
Insert into MTX.MTXTB025_REGRA_PROCESSAMENTO (NU_REGRA,NO_CAMPO_DEPENDENCIA,NO_SERVICO_ORIGEM,NO_OPERACAO_ORIGEM,DE_CAMINHO_INFORMACAO) values ('62','CONTA.NUMERO','valida_cartao','CARTAO_COMERCIAL','CONTA.NUMERO');
Insert into MTX.MTXTB025_REGRA_PROCESSAMENTO (NU_REGRA,NO_CAMPO_DEPENDENCIA,NO_SERVICO_ORIGEM,NO_OPERACAO_ORIGEM,DE_CAMINHO_INFORMACAO) values ('63','CONTA.DV','valida_cartao','CARTAO_COMERCIAL','CONTA.DV');
Insert into MTX.MTXTB025_REGRA_PROCESSAMENTO (NU_REGRA,NO_CAMPO_DEPENDENCIA,NO_SERVICO_ORIGEM,NO_OPERACAO_ORIGEM,DE_CAMINHO_INFORMACAO) values ('7','UNIDADE','valida_cartao','CARTAO_COMERCIAL','CONTA.UNIDADE');
Insert into MTX.MTXTB025_REGRA_PROCESSAMENTO (NU_REGRA,NO_CAMPO_DEPENDENCIA,NO_SERVICO_ORIGEM,NO_OPERACAO_ORIGEM,DE_CAMINHO_INFORMACAO) values ('8','OPERACAO','valida_cartao','CARTAO_COMERCIAL','CONTA.OPERACAO');
Insert into MTX.MTXTB025_REGRA_PROCESSAMENTO (NU_REGRA,NO_CAMPO_DEPENDENCIA,NO_SERVICO_ORIGEM,NO_OPERACAO_ORIGEM,DE_CAMINHO_INFORMACAO) values ('9','NUMERO','valida_cartao','CARTAO_COMERCIAL','CONTA.NUMERO');
Insert into MTX.MTXTB025_REGRA_PROCESSAMENTO (NU_REGRA,NO_CAMPO_DEPENDENCIA,NO_SERVICO_ORIGEM,NO_OPERACAO_ORIGEM,DE_CAMINHO_INFORMACAO) values ('10','DV','valida_cartao','CARTAO_COMERCIAL','CONTA.DV');
Insert into MTX.MTXTB025_REGRA_PROCESSAMENTO (NU_REGRA,NO_CAMPO_DEPENDENCIA,NO_SERVICO_ORIGEM,NO_OPERACAO_ORIGEM,DE_CAMINHO_INFORMACAO) values ('5','DATA_EFETIVACAO','rotinas_uso_comum','CONSULTA_FERIADO','DATA');
Insert into MTX.MTXTB025_REGRA_PROCESSAMENTO (NU_REGRA,NO_CAMPO_DEPENDENCIA,NO_SERVICO_ORIGEM,NO_OPERACAO_ORIGEM,DE_CAMINHO_INFORMACAO) values ('53','DATA_VENCIMENTO','consulta_cobranca_bancaria','CONSULTA_BOLETO_PAGAMENTO','CONSULTA_BOLETO_PAGAMENTO.CALCULOS.CALCULO_CAIXA.DATA_VENCIMENTO_UTIL');
Insert into MTX.MTXTB025_REGRA_PROCESSAMENTO (NU_REGRA,NO_CAMPO_DEPENDENCIA,NO_SERVICO_ORIGEM,NO_OPERACAO_ORIGEM,DE_CAMINHO_INFORMACAO) values ('52','DATA_VENCIMENTO','consulta_cobranca_bancaria','CONSULTA_BOLETO_PAGAMENTO','CONSULTA_BOLETO_PAGAMENTO.TITULO.DATA_VENCIMENTO');
Insert into MTX.MTXTB025_REGRA_PROCESSAMENTO (NU_REGRA,NO_CAMPO_DEPENDENCIA,NO_SERVICO_ORIGEM,NO_OPERACAO_ORIGEM,DE_CAMINHO_INFORMACAO) values ('54','DATA_VENCIMENTO_UTIL','consulta_cobranca_bancaria','CONSULTA_BOLETO_PAGAMENTO','CONSULTA_BOLETO_PAGAMENTO.TITULO.DATA_VENCIMENTO');
Insert into MTX.MTXTB025_REGRA_PROCESSAMENTO (NU_REGRA,NO_CAMPO_DEPENDENCIA,NO_SERVICO_ORIGEM,NO_OPERACAO_ORIGEM,DE_CAMINHO_INFORMACAO) values ('55','DATA_VENCIMENTO_UTIL','consulta_cobranca_bancaria','CONSULTA_BOLETO_PAGAMENTO','CONSULTA_BOLETO_PAGAMENTO.CALCULOS.CALCULO_CAIXA.DATA_VENCIMENTO_UTIL');
Insert into MTX.MTXTB025_REGRA_PROCESSAMENTO (NU_REGRA,NO_CAMPO_DEPENDENCIA,NO_SERVICO_ORIGEM,NO_OPERACAO_ORIGEM,DE_CAMINHO_INFORMACAO) values ('11','JUROS.PERCENTUAL','consulta_cobranca_bancaria','CONSULTA_BOLETO_PAGAMENTO','CONSULTA_BOLETO_PAGAMENTO.TITULO.JUROS.PERCENTUAL');
Insert into MTX.MTXTB025_REGRA_PROCESSAMENTO (NU_REGRA,NO_CAMPO_DEPENDENCIA,NO_SERVICO_ORIGEM,NO_OPERACAO_ORIGEM,DE_CAMINHO_INFORMACAO) values ('12','MULTA.TIPO','consulta_cobranca_bancaria','CONSULTA_BOLETO_PAGAMENTO','CONSULTA_BOLETO_PAGAMENTO.TITULO.MULTA.TIPO');
Insert into MTX.MTXTB025_REGRA_PROCESSAMENTO (NU_REGRA,NO_CAMPO_DEPENDENCIA,NO_SERVICO_ORIGEM,NO_OPERACAO_ORIGEM,DE_CAMINHO_INFORMACAO) values ('13','MULTA.DATA','consulta_cobranca_bancaria','CONSULTA_BOLETO_PAGAMENTO','CONSULTA_BOLETO_PAGAMENTO.TITULO.MULTA.DATA');
Insert into MTX.MTXTB025_REGRA_PROCESSAMENTO (NU_REGRA,NO_CAMPO_DEPENDENCIA,NO_SERVICO_ORIGEM,NO_OPERACAO_ORIGEM,DE_CAMINHO_INFORMACAO) values ('14','MULTA.VALOR','consulta_cobranca_bancaria','CONSULTA_BOLETO_PAGAMENTO','CONSULTA_BOLETO_PAGAMENTO.TITULO.MULTA.VALOR');
Insert into MTX.MTXTB025_REGRA_PROCESSAMENTO (NU_REGRA,NO_CAMPO_DEPENDENCIA,NO_SERVICO_ORIGEM,NO_OPERACAO_ORIGEM,DE_CAMINHO_INFORMACAO) values ('15','MULTA.PERCENTUAL','consulta_cobranca_bancaria','CONSULTA_BOLETO_PAGAMENTO','CONSULTA_BOLETO_PAGAMENTO.TITULO.MULTA.PERCENTUAL');
Insert into MTX.MTXTB025_REGRA_PROCESSAMENTO (NU_REGRA,NO_CAMPO_DEPENDENCIA,NO_SERVICO_ORIGEM,NO_OPERACAO_ORIGEM,DE_CAMINHO_INFORMACAO) values ('16','DESCONTOS.DESCONTO.TIPO','consulta_cobranca_bancaria','CONSULTA_BOLETO_PAGAMENTO','CONSULTA_BOLETO_PAGAMENTO.TITULO.DESCONTOS.DESCONTO.TIPO');
Insert into MTX.MTXTB025_REGRA_PROCESSAMENTO (NU_REGRA,NO_CAMPO_DEPENDENCIA,NO_SERVICO_ORIGEM,NO_OPERACAO_ORIGEM,DE_CAMINHO_INFORMACAO) values ('17','DESCONTOS.DESCONTO.DATA','consulta_cobranca_bancaria','CONSULTA_BOLETO_PAGAMENTO','CONSULTA_BOLETO_PAGAMENTO.TITULO.DESCONTOS.DESCONTO.DATA');
Insert into MTX.MTXTB025_REGRA_PROCESSAMENTO (NU_REGRA,NO_CAMPO_DEPENDENCIA,NO_SERVICO_ORIGEM,NO_OPERACAO_ORIGEM,DE_CAMINHO_INFORMACAO) values ('18','DESCONTOS.DESCONTO.VALOR','consulta_cobranca_bancaria','CONSULTA_BOLETO_PAGAMENTO','CONSULTA_BOLETO_PAGAMENTO.TITULO.DESCONTOS.DESCONTO.VALOR');
Insert into MTX.MTXTB025_REGRA_PROCESSAMENTO (NU_REGRA,NO_CAMPO_DEPENDENCIA,NO_SERVICO_ORIGEM,NO_OPERACAO_ORIGEM,DE_CAMINHO_INFORMACAO) values ('19','DESCONTOS.DESCONTO.PERCENTUAL','consulta_cobranca_bancaria','CONSULTA_BOLETO_PAGAMENTO','CONSULTA_BOLETO_PAGAMENTO.TITULO.DESCONTOS.DESCONTO.PERCENTUAL');
Insert into MTX.MTXTB025_REGRA_PROCESSAMENTO (NU_REGRA,NO_CAMPO_DEPENDENCIA,NO_SERVICO_ORIGEM,NO_OPERACAO_ORIGEM,DE_CAMINHO_INFORMACAO) values ('20','FLAG_PAGAMENTO_PARCIAL','consulta_cobranca_bancaria','CONSULTA_BOLETO_PAGAMENTO','CONSULTA_BOLETO_PAGAMENTO.FLAG_PAGAMENTO_PARCIAL');
Insert into MTX.MTXTB025_REGRA_PROCESSAMENTO (NU_REGRA,NO_CAMPO_DEPENDENCIA,NO_SERVICO_ORIGEM,NO_OPERACAO_ORIGEM,DE_CAMINHO_INFORMACAO) values ('21','VALOR_ABATIMENTO','consulta_cobranca_bancaria','CONSULTA_BOLETO_PAGAMENTO','CONSULTA_BOLETO_PAGAMENTO.TITULO.VALOR_ABATIMENTO');
Insert into MTX.MTXTB025_REGRA_PROCESSAMENTO (NU_REGRA,NO_CAMPO_DEPENDENCIA,NO_SERVICO_ORIGEM,NO_OPERACAO_ORIGEM,DE_CAMINHO_INFORMACAO) values ('22','VALOR_A_PAGAR','consulta_cobranca_bancaria','CONSULTA_BOLETO_PAGAMENTO','CONSULTA_BOLETO_PAGAMENTO.TITULO.VALOR');
Insert into MTX.MTXTB025_REGRA_PROCESSAMENTO (NU_REGRA,NO_CAMPO_DEPENDENCIA,NO_SERVICO_ORIGEM,NO_OPERACAO_ORIGEM,DE_CAMINHO_INFORMACAO) values ('23','DATA_VENCIMENTO','consulta_cobranca_bancaria','CONSULTA_BOLETO_PAGAMENTO','CONSULTA_BOLETO_PAGAMENTO.TITULO.DATA_VENCIMENTO');
Insert into MTX.MTXTB025_REGRA_PROCESSAMENTO (NU_REGRA,NO_CAMPO_DEPENDENCIA,NO_SERVICO_ORIGEM,NO_OPERACAO_ORIGEM,DE_CAMINHO_INFORMACAO) values ('24','DATA_LIMITE_PAGAMENTO','consulta_cobranca_bancaria','CONSULTA_BOLETO_PAGAMENTO','CONSULTA_BOLETO_PAGAMENTO.DATA_LIMITE_PAGAMENTO');
Insert into MTX.MTXTB025_REGRA_PROCESSAMENTO (NU_REGRA,NO_CAMPO_DEPENDENCIA,NO_SERVICO_ORIGEM,NO_OPERACAO_ORIGEM,DE_CAMINHO_INFORMACAO) values ('25','PERCENTUAL.MINIMO','consulta_cobranca_bancaria','CONSULTA_BOLETO_PAGAMENTO','CONSULTA_BOLETO_PAGAMENTO.TITULO.MINIMO.PERCENTUAL');
Insert into MTX.MTXTB025_REGRA_PROCESSAMENTO (NU_REGRA,NO_CAMPO_DEPENDENCIA,NO_SERVICO_ORIGEM,NO_OPERACAO_ORIGEM,DE_CAMINHO_INFORMACAO) values ('26','PERCENTUAL.MAXIMO','consulta_cobranca_bancaria','CONSULTA_BOLETO_PAGAMENTO','CONSULTA_BOLETO_PAGAMENTO.TITULO.MAXIMO.PERCENTUAL');
Insert into MTX.MTXTB025_REGRA_PROCESSAMENTO (NU_REGRA,NO_CAMPO_DEPENDENCIA,NO_SERVICO_ORIGEM,NO_OPERACAO_ORIGEM,DE_CAMINHO_INFORMACAO) values ('27','BAIXAS_OPERACIONAIS.BAIXA_OPERACIONAL.DATA','consulta_cobranca_bancaria','CONSULTA_BOLETO_PAGAMENTO','CONSULTA_BOLETO_PAGAMENTO.BAIXA_OPERACIONAL.DATA_PROCESSAMENTO');
Insert into MTX.MTXTB025_REGRA_PROCESSAMENTO (NU_REGRA,NO_CAMPO_DEPENDENCIA,NO_SERVICO_ORIGEM,NO_OPERACAO_ORIGEM,DE_CAMINHO_INFORMACAO) values ('28','BAIXAS_OPERACIONAIS.BAIXA_OPERACIONAL.VALOR','consulta_cobranca_bancaria','CONSULTA_BOLETO_PAGAMENTO','CONSULTA_BOLETO_PAGAMENTO.BAIXA_OPERACIONAL.VALOR_TITULO');
Insert into MTX.MTXTB025_REGRA_PROCESSAMENTO (NU_REGRA,NO_CAMPO_DEPENDENCIA,NO_SERVICO_ORIGEM,NO_OPERACAO_ORIGEM,DE_CAMINHO_INFORMACAO) values ('29','BAIXAS_EFETIVAS.BAIXA_EFETIVA.DATA','consulta_cobranca_bancaria','CONSULTA_BOLETO_PAGAMENTO','CONSULTA_BOLETO_PAGAMENTO.BAIXA_EFETIVA.DATA_PROCESSAMENTO');
Insert into MTX.MTXTB025_REGRA_PROCESSAMENTO (NU_REGRA,NO_CAMPO_DEPENDENCIA,NO_SERVICO_ORIGEM,NO_OPERACAO_ORIGEM,DE_CAMINHO_INFORMACAO) values ('30','BAIXAS_EFETIVAS.BAIXA_EFETIVA.VALOR','consulta_cobranca_bancaria','CONSULTA_BOLETO_PAGAMENTO','CONSULTA_BOLETO_PAGAMENTO.BAIXA_EFETIVA.VALOR_TITULO');
Insert into MTX.MTXTB025_REGRA_PROCESSAMENTO (NU_REGRA,NO_CAMPO_DEPENDENCIA,NO_SERVICO_ORIGEM,NO_OPERACAO_ORIGEM,DE_CAMINHO_INFORMACAO) values ('31','CALCULOS.CALCULO.DATA','consulta_cobranca_bancaria','CONSULTA_BOLETO_PAGAMENTO','CONSULTA_BOLETO_PAGAMENTO.CALCULOS.CALCULOS_CIP.DATA_VALIDADE_CALCULO');
Insert into MTX.MTXTB025_REGRA_PROCESSAMENTO (NU_REGRA,NO_CAMPO_DEPENDENCIA,NO_SERVICO_ORIGEM,NO_OPERACAO_ORIGEM,DE_CAMINHO_INFORMACAO) values ('32','CALCULOS.CALCULO.VALOR_JUROS','consulta_cobranca_bancaria','CONSULTA_BOLETO_PAGAMENTO','CONSULTA_BOLETO_PAGAMENTO.CALCULOS.CALCULOS_CIP.VALOR_JUROS');
Insert into MTX.MTXTB025_REGRA_PROCESSAMENTO (NU_REGRA,NO_CAMPO_DEPENDENCIA,NO_SERVICO_ORIGEM,NO_OPERACAO_ORIGEM,DE_CAMINHO_INFORMACAO) values ('33','CALCULOS.CALCULO.VALOR_MULTA','consulta_cobranca_bancaria','CONSULTA_BOLETO_PAGAMENTO','CONSULTA_BOLETO_PAGAMENTO.CALCULOS.CALCULOS_CIP.VALOR_MULTA');
Insert into MTX.MTXTB025_REGRA_PROCESSAMENTO (NU_REGRA,NO_CAMPO_DEPENDENCIA,NO_SERVICO_ORIGEM,NO_OPERACAO_ORIGEM,DE_CAMINHO_INFORMACAO) values ('34','CALCULOS.CALCULO.VALOR_DESCONTO','consulta_cobranca_bancaria','CONSULTA_BOLETO_PAGAMENTO','CONSULTA_BOLETO_PAGAMENTO.CALCULOS.CALCULOS_CIP.VALOR_DESCONTO');
Insert into MTX.MTXTB025_REGRA_PROCESSAMENTO (NU_REGRA,NO_CAMPO_DEPENDENCIA,NO_SERVICO_ORIGEM,NO_OPERACAO_ORIGEM,DE_CAMINHO_INFORMACAO) values ('35','CALCULOS.CALCULO.VALOR_TOTAL','consulta_cobranca_bancaria','CONSULTA_BOLETO_PAGAMENTO','CONSULTA_BOLETO_PAGAMENTO.CALCULOS.CALCULOS_CIP.VALOR_TOTAL');
Insert into MTX.MTXTB025_REGRA_PROCESSAMENTO (NU_REGRA,NO_CAMPO_DEPENDENCIA,NO_SERVICO_ORIGEM,NO_OPERACAO_ORIGEM,DE_CAMINHO_INFORMACAO) values ('36','ULTIMA_PARCELA_VIAVEL','consulta_cobranca_bancaria','CONSULTA_BOLETO_PAGAMENTO','CONSULTA_BOLETO_PAGAMENTO.FLAG_ULTIMA_PARCELA_VIAVEL');
Insert into MTX.MTXTB025_REGRA_PROCESSAMENTO (NU_REGRA,NO_CAMPO_DEPENDENCIA,NO_SERVICO_ORIGEM,NO_OPERACAO_ORIGEM,DE_CAMINHO_INFORMACAO) values ('37','PAGAMENTO_PARCIAL','consulta_cobranca_bancaria','CONSULTA_BOLETO_PAGAMENTO','CONSULTA_BOLETO_PAGAMENTO.FLAG_PAGAMENTO_PARCIAL');
Insert into MTX.MTXTB025_REGRA_PROCESSAMENTO (NU_REGRA,NO_CAMPO_DEPENDENCIA,NO_SERVICO_ORIGEM,NO_OPERACAO_ORIGEM,DE_CAMINHO_INFORMACAO) values ('38','QUANTIDADE_PAGAMENTO_PARCIAL_PERMITIDO','consulta_cobranca_bancaria','CONSULTA_BOLETO_PAGAMENTO','CONSULTA_BOLETO_PAGAMENTO.QUANTIDADE_PAGAMENTO_PARCIAL_PERMITIDO');
Insert into MTX.MTXTB025_REGRA_PROCESSAMENTO (NU_REGRA,NO_CAMPO_DEPENDENCIA,NO_SERVICO_ORIGEM,NO_OPERACAO_ORIGEM,DE_CAMINHO_INFORMACAO) values ('39','NUMERO_PARCELA_ATUAL','consulta_cobranca_bancaria','CONSULTA_BOLETO_PAGAMENTO','CONSULTA_BOLETO_PAGAMENTO.NUMERO_PARCELA_ATUAL');
Insert into MTX.MTXTB025_REGRA_PROCESSAMENTO (NU_REGRA,NO_CAMPO_DEPENDENCIA,NO_SERVICO_ORIGEM,NO_OPERACAO_ORIGEM,DE_CAMINHO_INFORMACAO) values ('40','RECEBE_VALOR_DIVERGENTE','consulta_cobranca_bancaria','CONSULTA_BOLETO_PAGAMENTO','CONSULTA_BOLETO_PAGAMENTO.RECEBE_VALOR_DIVERGENTE');
Insert into MTX.MTXTB025_REGRA_PROCESSAMENTO (NU_REGRA,NO_CAMPO_DEPENDENCIA,NO_SERVICO_ORIGEM,NO_OPERACAO_ORIGEM,DE_CAMINHO_INFORMACAO) values ('41','ESPECIE','consulta_cobranca_bancaria','CONSULTA_BOLETO_PAGAMENTO','CONSULTA_BOLETO_PAGAMENTO.TITULO.ESPECIE');
Insert into MTX.MTXTB025_REGRA_PROCESSAMENTO (NU_REGRA,NO_CAMPO_DEPENDENCIA,NO_SERVICO_ORIGEM,NO_OPERACAO_ORIGEM,DE_CAMINHO_INFORMACAO) values ('42','TIPO_CONTINGENCIA','consulta_cobranca_bancaria','CONSULTA_BOLETO_PAGAMENTO','CONSULTA_BOLETO_PAGAMENTO.SITUACAO_CONTINGENCIA');
Insert into MTX.MTXTB025_REGRA_PROCESSAMENTO (NU_REGRA,NO_CAMPO_DEPENDENCIA,NO_SERVICO_ORIGEM,NO_OPERACAO_ORIGEM,DE_CAMINHO_INFORMACAO) values ('43','NOVA_PLATAFORMA_DE_COBRANCA','consulta_cobranca_bancaria','CONSULTA_BOLETO_PAGAMENTO','CONSULTA_BOLETO_PAGAMENTO.FLAG_NOVA_COBRANCA');
Insert into MTX.MTXTB025_REGRA_PROCESSAMENTO (NU_REGRA,NO_CAMPO_DEPENDENCIA,NO_SERVICO_ORIGEM,NO_OPERACAO_ORIGEM,DE_CAMINHO_INFORMACAO) values ('44','DATA_CONSULTA','rotinas_uso_comum','CALCULA_BOLETO','DATA_CALCULO');
Insert into MTX.MTXTB025_REGRA_PROCESSAMENTO (NU_REGRA,NO_CAMPO_DEPENDENCIA,NO_SERVICO_ORIGEM,NO_OPERACAO_ORIGEM,DE_CAMINHO_INFORMACAO) values ('45','DATA_VENCIMENTO','rotinas_uso_comum','CALCULA_BOLETO','DATA_VENCIMENTO_UTIL');
Insert into MTX.MTXTB025_REGRA_PROCESSAMENTO (NU_REGRA,NO_CAMPO_DEPENDENCIA,NO_SERVICO_ORIGEM,NO_OPERACAO_ORIGEM,DE_CAMINHO_INFORMACAO) values ('51','ESPECIE','consulta_cobranca_bancaria','CONSULTA_BOLETO_PAGAMENTO','CONSULTA_BOLETO_PAGAMENTO.TIPO_BOLETO');
Insert into MTX.MTXTB025_REGRA_PROCESSAMENTO (NU_REGRA,NO_CAMPO_DEPENDENCIA,NO_SERVICO_ORIGEM,NO_OPERACAO_ORIGEM,DE_CAMINHO_INFORMACAO) values ('56','VALOR_MINIMO_CONSULTA','consulta_cobranca_bancaria','CONSULTA_BOLETO_PAGAMENTO','CONSULTA_BOLETO_PAGAMENTO.TITULO.MINIMO.VALOR');
Insert into MTX.MTXTB025_REGRA_PROCESSAMENTO (NU_REGRA,NO_CAMPO_DEPENDENCIA,NO_SERVICO_ORIGEM,NO_OPERACAO_ORIGEM,DE_CAMINHO_INFORMACAO) values ('57','VALOR_MAXIMO_CONSULTA','consulta_cobranca_bancaria','CONSULTA_BOLETO_PAGAMENTO','CONSULTA_BOLETO_PAGAMENTO.TITULO.MAXIMO.VALOR');
Insert into MTX.MTXTB025_REGRA_PROCESSAMENTO (NU_REGRA,NO_CAMPO_DEPENDENCIA,NO_SERVICO_ORIGEM,NO_OPERACAO_ORIGEM,DE_CAMINHO_INFORMACAO) values ('58','VALOR_MINIMO_CONSULTA','consulta_cobranca_bancaria','CONSULTA_BOLETO_PAGAMENTO','CONSULTA_BOLETO_PAGAMENTO.CALCULOS.CALCULO_CAIXA.VALOR_MINIMO');
Insert into MTX.MTXTB025_REGRA_PROCESSAMENTO (NU_REGRA,NO_CAMPO_DEPENDENCIA,NO_SERVICO_ORIGEM,NO_OPERACAO_ORIGEM,DE_CAMINHO_INFORMACAO) values ('59','VALOR_MAXIMO_CONSULTA','consulta_cobranca_bancaria','CONSULTA_BOLETO_PAGAMENTO','CONSULTA_BOLETO_PAGAMENTO.CALCULOS.CALCULO_CAIXA.VALOR_MAXIMO');
Insert into MTX.MTXTB025_REGRA_PROCESSAMENTO (NU_REGRA,NO_CAMPO_DEPENDENCIA,NO_SERVICO_ORIGEM,NO_OPERACAO_ORIGEM,DE_CAMINHO_INFORMACAO) values ('46','DATA_PAGAMENTO','rotinas_uso_comum','CALCULA_BOLETO','DATA_CALCULO');
Insert into MTX.MTXTB025_REGRA_PROCESSAMENTO (NU_REGRA,NO_CAMPO_DEPENDENCIA,NO_SERVICO_ORIGEM,NO_OPERACAO_ORIGEM,DE_CAMINHO_INFORMACAO) values ('47','DATA_VENCIMENTO_UTIL','rotinas_uso_comum','CALCULA_BOLETO','DATA_VENCIMENTO_UTIL');
Insert into MTX.MTXTB025_REGRA_PROCESSAMENTO (NU_REGRA,NO_CAMPO_DEPENDENCIA,NO_SERVICO_ORIGEM,NO_OPERACAO_ORIGEM,DE_CAMINHO_INFORMACAO) values ('48','VALOR_MINIMO_CALCULADO','rotinas_uso_comum','CALCULA_BOLETO','VALOR_MINIMO');
Insert into MTX.MTXTB025_REGRA_PROCESSAMENTO (NU_REGRA,NO_CAMPO_DEPENDENCIA,NO_SERVICO_ORIGEM,NO_OPERACAO_ORIGEM,DE_CAMINHO_INFORMACAO) values ('49','VALOR_MAXIMO_CALCULADO','rotinas_uso_comum','CALCULA_BOLETO','VALOR_MAXIMO');
Insert into MTX.MTXTB025_REGRA_PROCESSAMENTO (NU_REGRA,NO_CAMPO_DEPENDENCIA,NO_SERVICO_ORIGEM,NO_OPERACAO_ORIGEM,DE_CAMINHO_INFORMACAO) values ('50','VALOR_TOTAL_CALCULADO','rotinas_uso_comum','CALCULA_BOLETO','VALOR_TOTAL');
Insert into MTX.MTXTB025_REGRA_PROCESSAMENTO (NU_REGRA,NO_CAMPO_DEPENDENCIA,NO_SERVICO_ORIGEM,NO_OPERACAO_ORIGEM,DE_CAMINHO_INFORMACAO) values ('3','NUMERO','valida_cartao','CARTAO_COMERCIAL','CONTA_NSGD.NUMERO');
Insert into MTX.MTXTB025_REGRA_PROCESSAMENTO (NU_REGRA,NO_CAMPO_DEPENDENCIA,NO_SERVICO_ORIGEM,NO_OPERACAO_ORIGEM,DE_CAMINHO_INFORMACAO) values ('4','DV','valida_cartao','CARTAO_COMERCIAL','CONTA_NSGD.DV');
Insert into MTX.MTXTB025_REGRA_PROCESSAMENTO (NU_REGRA,NO_CAMPO_DEPENDENCIA,NO_SERVICO_ORIGEM,NO_OPERACAO_ORIGEM,DE_CAMINHO_INFORMACAO) values ('1','UNIDADE','valida_cartao','CARTAO_COMERCIAL','CONTA_NSGD.UNIDADE');
Insert into MTX.MTXTB025_REGRA_PROCESSAMENTO (NU_REGRA,NO_CAMPO_DEPENDENCIA,NO_SERVICO_ORIGEM,NO_OPERACAO_ORIGEM,DE_CAMINHO_INFORMACAO) values ('2','PRODUTO','valida_cartao','CARTAO_COMERCIAL','CONTA_NSGD.PRODUTO');
Insert into MTX.MTXTB025_REGRA_PROCESSAMENTO (NU_REGRA,NO_CAMPO_DEPENDENCIA,NO_SERVICO_ORIGEM,NO_OPERACAO_ORIGEM,DE_CAMINHO_INFORMACAO) values ('6','SENHA_CONTA.CONTA_NSGD.TITULAR','valida_cartao','CARTAO_COMERCIAL','CARTAO_COMERCIAL.CONTA.TITULAR');

-- *******************  SERVICO X REGRA *******************  --
Insert into MTX.MTXTB026_SERVICO_TAREFA_REGRA (NU_REGRA_025,NU_SERVICO_003,NU_VERSAO_SERVICO_003,NU_TAREFA_003,NU_VERSAO_TAREFA_003) values ('1','110026','1','100029','1');
Insert into MTX.MTXTB026_SERVICO_TAREFA_REGRA (NU_REGRA_025,NU_SERVICO_003,NU_VERSAO_SERVICO_003,NU_TAREFA_003,NU_VERSAO_TAREFA_003) values ('1','110027','1','100029','1');
Insert into MTX.MTXTB026_SERVICO_TAREFA_REGRA (NU_REGRA_025,NU_SERVICO_003,NU_VERSAO_SERVICO_003,NU_TAREFA_003,NU_VERSAO_TAREFA_003) values ('1','110036','1','100029','1');
Insert into MTX.MTXTB026_SERVICO_TAREFA_REGRA (NU_REGRA_025,NU_SERVICO_003,NU_VERSAO_SERVICO_003,NU_TAREFA_003,NU_VERSAO_TAREFA_003) values ('1','110044','1','100071','1');
Insert into MTX.MTXTB026_SERVICO_TAREFA_REGRA (NU_REGRA_025,NU_SERVICO_003,NU_VERSAO_SERVICO_003,NU_TAREFA_003,NU_VERSAO_TAREFA_003) values ('2','110026','1','100029','1');
Insert into MTX.MTXTB026_SERVICO_TAREFA_REGRA (NU_REGRA_025,NU_SERVICO_003,NU_VERSAO_SERVICO_003,NU_TAREFA_003,NU_VERSAO_TAREFA_003) values ('2','110027','1','100029','1');
Insert into MTX.MTXTB026_SERVICO_TAREFA_REGRA (NU_REGRA_025,NU_SERVICO_003,NU_VERSAO_SERVICO_003,NU_TAREFA_003,NU_VERSAO_TAREFA_003) values ('2','110036','1','100029','1');
Insert into MTX.MTXTB026_SERVICO_TAREFA_REGRA (NU_REGRA_025,NU_SERVICO_003,NU_VERSAO_SERVICO_003,NU_TAREFA_003,NU_VERSAO_TAREFA_003) values ('2','110044','1','100071','1');
Insert into MTX.MTXTB026_SERVICO_TAREFA_REGRA (NU_REGRA_025,NU_SERVICO_003,NU_VERSAO_SERVICO_003,NU_TAREFA_003,NU_VERSAO_TAREFA_003) values ('3','110026','1','100029','1');
Insert into MTX.MTXTB026_SERVICO_TAREFA_REGRA (NU_REGRA_025,NU_SERVICO_003,NU_VERSAO_SERVICO_003,NU_TAREFA_003,NU_VERSAO_TAREFA_003) values ('3','110027','1','100029','1');
Insert into MTX.MTXTB026_SERVICO_TAREFA_REGRA (NU_REGRA_025,NU_SERVICO_003,NU_VERSAO_SERVICO_003,NU_TAREFA_003,NU_VERSAO_TAREFA_003) values ('3','110036','1','100029','1');
Insert into MTX.MTXTB026_SERVICO_TAREFA_REGRA (NU_REGRA_025,NU_SERVICO_003,NU_VERSAO_SERVICO_003,NU_TAREFA_003,NU_VERSAO_TAREFA_003) values ('3','110044','1','100071','1');
Insert into MTX.MTXTB026_SERVICO_TAREFA_REGRA (NU_REGRA_025,NU_SERVICO_003,NU_VERSAO_SERVICO_003,NU_TAREFA_003,NU_VERSAO_TAREFA_003) values ('4','110026','1','100029','1');
Insert into MTX.MTXTB026_SERVICO_TAREFA_REGRA (NU_REGRA_025,NU_SERVICO_003,NU_VERSAO_SERVICO_003,NU_TAREFA_003,NU_VERSAO_TAREFA_003) values ('4','110027','1','100029','1');
Insert into MTX.MTXTB026_SERVICO_TAREFA_REGRA (NU_REGRA_025,NU_SERVICO_003,NU_VERSAO_SERVICO_003,NU_TAREFA_003,NU_VERSAO_TAREFA_003) values ('4','110036','1','100029','1');
Insert into MTX.MTXTB026_SERVICO_TAREFA_REGRA (NU_REGRA_025,NU_SERVICO_003,NU_VERSAO_SERVICO_003,NU_TAREFA_003,NU_VERSAO_TAREFA_003) values ('4','110044','1','100071','1');
Insert into MTX.MTXTB026_SERVICO_TAREFA_REGRA (NU_REGRA_025,NU_SERVICO_003,NU_VERSAO_SERVICO_003,NU_TAREFA_003,NU_VERSAO_TAREFA_003) values ('6','110026','1','100029','1');
Insert into MTX.MTXTB026_SERVICO_TAREFA_REGRA (NU_REGRA_025,NU_SERVICO_003,NU_VERSAO_SERVICO_003,NU_TAREFA_003,NU_VERSAO_TAREFA_003) values ('6','110027','1','100029','1');
Insert into MTX.MTXTB026_SERVICO_TAREFA_REGRA (NU_REGRA_025,NU_SERVICO_003,NU_VERSAO_SERVICO_003,NU_TAREFA_003,NU_VERSAO_TAREFA_003) values ('6','110029','1','100029','1');
Insert into MTX.MTXTB026_SERVICO_TAREFA_REGRA (NU_REGRA_025,NU_SERVICO_003,NU_VERSAO_SERVICO_003,NU_TAREFA_003,NU_VERSAO_TAREFA_003) values ('6','110036','1','100029','1');
Insert into MTX.MTXTB026_SERVICO_TAREFA_REGRA (NU_REGRA_025,NU_SERVICO_003,NU_VERSAO_SERVICO_003,NU_TAREFA_003,NU_VERSAO_TAREFA_003) values ('36','110029','1','100069','1');
Insert into MTX.MTXTB026_SERVICO_TAREFA_REGRA (NU_REGRA_025,NU_SERVICO_003,NU_VERSAO_SERVICO_003,NU_TAREFA_003,NU_VERSAO_TAREFA_003) values ('36','110035','1','100068','1');
Insert into MTX.MTXTB026_SERVICO_TAREFA_REGRA (NU_REGRA_025,NU_SERVICO_003,NU_VERSAO_SERVICO_003,NU_TAREFA_003,NU_VERSAO_TAREFA_003) values ('37','110029','1','100069','1');
Insert into MTX.MTXTB026_SERVICO_TAREFA_REGRA (NU_REGRA_025,NU_SERVICO_003,NU_VERSAO_SERVICO_003,NU_TAREFA_003,NU_VERSAO_TAREFA_003) values ('37','110035','1','100068','1');
Insert into MTX.MTXTB026_SERVICO_TAREFA_REGRA (NU_REGRA_025,NU_SERVICO_003,NU_VERSAO_SERVICO_003,NU_TAREFA_003,NU_VERSAO_TAREFA_003) values ('38','110029','1','100069','1');
Insert into MTX.MTXTB026_SERVICO_TAREFA_REGRA (NU_REGRA_025,NU_SERVICO_003,NU_VERSAO_SERVICO_003,NU_TAREFA_003,NU_VERSAO_TAREFA_003) values ('38','110035','1','100068','1');
Insert into MTX.MTXTB026_SERVICO_TAREFA_REGRA (NU_REGRA_025,NU_SERVICO_003,NU_VERSAO_SERVICO_003,NU_TAREFA_003,NU_VERSAO_TAREFA_003) values ('39','110029','1','100069','1');
Insert into MTX.MTXTB026_SERVICO_TAREFA_REGRA (NU_REGRA_025,NU_SERVICO_003,NU_VERSAO_SERVICO_003,NU_TAREFA_003,NU_VERSAO_TAREFA_003) values ('39','110035','1','100068','1');
Insert into MTX.MTXTB026_SERVICO_TAREFA_REGRA (NU_REGRA_025,NU_SERVICO_003,NU_VERSAO_SERVICO_003,NU_TAREFA_003,NU_VERSAO_TAREFA_003) values ('40','110029','1','100069','1');
Insert into MTX.MTXTB026_SERVICO_TAREFA_REGRA (NU_REGRA_025,NU_SERVICO_003,NU_VERSAO_SERVICO_003,NU_TAREFA_003,NU_VERSAO_TAREFA_003) values ('40','110035','1','100068','1');
Insert into MTX.MTXTB026_SERVICO_TAREFA_REGRA (NU_REGRA_025,NU_SERVICO_003,NU_VERSAO_SERVICO_003,NU_TAREFA_003,NU_VERSAO_TAREFA_003) values ('41','110029','1','100069','1');
Insert into MTX.MTXTB026_SERVICO_TAREFA_REGRA (NU_REGRA_025,NU_SERVICO_003,NU_VERSAO_SERVICO_003,NU_TAREFA_003,NU_VERSAO_TAREFA_003) values ('41','110035','1','100068','1');
Insert into MTX.MTXTB026_SERVICO_TAREFA_REGRA (NU_REGRA_025,NU_SERVICO_003,NU_VERSAO_SERVICO_003,NU_TAREFA_003,NU_VERSAO_TAREFA_003) values ('42','110029','1','100069','1');
Insert into MTX.MTXTB026_SERVICO_TAREFA_REGRA (NU_REGRA_025,NU_SERVICO_003,NU_VERSAO_SERVICO_003,NU_TAREFA_003,NU_VERSAO_TAREFA_003) values ('42','110035','1','100068','1');
Insert into MTX.MTXTB026_SERVICO_TAREFA_REGRA (NU_REGRA_025,NU_SERVICO_003,NU_VERSAO_SERVICO_003,NU_TAREFA_003,NU_VERSAO_TAREFA_003) values ('43','110029','1','100069','1');
Insert into MTX.MTXTB026_SERVICO_TAREFA_REGRA (NU_REGRA_025,NU_SERVICO_003,NU_VERSAO_SERVICO_003,NU_TAREFA_003,NU_VERSAO_TAREFA_003) values ('43','110035','1','100068','1');
Insert into MTX.MTXTB026_SERVICO_TAREFA_REGRA (NU_REGRA_025,NU_SERVICO_003,NU_VERSAO_SERVICO_003,NU_TAREFA_003,NU_VERSAO_TAREFA_003) values ('51','110029','1','100069','1');
Insert into MTX.MTXTB026_SERVICO_TAREFA_REGRA (NU_REGRA_025,NU_SERVICO_003,NU_VERSAO_SERVICO_003,NU_TAREFA_003,NU_VERSAO_TAREFA_003) values ('51','110035','1','100068','1');
Insert into MTX.MTXTB026_SERVICO_TAREFA_REGRA (NU_REGRA_025,NU_SERVICO_003,NU_VERSAO_SERVICO_003,NU_TAREFA_003,NU_VERSAO_TAREFA_003) values ('52','110029','1','100069','1');
Insert into MTX.MTXTB026_SERVICO_TAREFA_REGRA (NU_REGRA_025,NU_SERVICO_003,NU_VERSAO_SERVICO_003,NU_TAREFA_003,NU_VERSAO_TAREFA_003) values ('53','110029','1','100069','1');
Insert into MTX.MTXTB026_SERVICO_TAREFA_REGRA (NU_REGRA_025,NU_SERVICO_003,NU_VERSAO_SERVICO_003,NU_TAREFA_003,NU_VERSAO_TAREFA_003) values ('54','110031','1','100068','1');
Insert into MTX.MTXTB026_SERVICO_TAREFA_REGRA (NU_REGRA_025,NU_SERVICO_003,NU_VERSAO_SERVICO_003,NU_TAREFA_003,NU_VERSAO_TAREFA_003) values ('55','110031','1','100068','1');
Insert into MTX.MTXTB026_SERVICO_TAREFA_REGRA (NU_REGRA_025,NU_SERVICO_003,NU_VERSAO_SERVICO_003,NU_TAREFA_003,NU_VERSAO_TAREFA_003) values ('56','110035','1','100068','1');
Insert into MTX.MTXTB026_SERVICO_TAREFA_REGRA (NU_REGRA_025,NU_SERVICO_003,NU_VERSAO_SERVICO_003,NU_TAREFA_003,NU_VERSAO_TAREFA_003) values ('57','110035','1','100068','1');
Insert into MTX.MTXTB026_SERVICO_TAREFA_REGRA (NU_REGRA_025,NU_SERVICO_003,NU_VERSAO_SERVICO_003,NU_TAREFA_003,NU_VERSAO_TAREFA_003) values ('58','110035','1','100068','1');
Insert into MTX.MTXTB026_SERVICO_TAREFA_REGRA (NU_REGRA_025,NU_SERVICO_003,NU_VERSAO_SERVICO_003,NU_TAREFA_003,NU_VERSAO_TAREFA_003) values ('59','110035','1','100068','1');
Insert into MTX.MTXTB026_SERVICO_TAREFA_REGRA (NU_REGRA_025,NU_SERVICO_003,NU_VERSAO_SERVICO_003,NU_TAREFA_003,NU_VERSAO_TAREFA_003) values ('60','110044','1','100071','1');
Insert into MTX.MTXTB026_SERVICO_TAREFA_REGRA (NU_REGRA_025,NU_SERVICO_003,NU_VERSAO_SERVICO_003,NU_TAREFA_003,NU_VERSAO_TAREFA_003) values ('61','110044','1','100071','1');
Insert into MTX.MTXTB026_SERVICO_TAREFA_REGRA (NU_REGRA_025,NU_SERVICO_003,NU_VERSAO_SERVICO_003,NU_TAREFA_003,NU_VERSAO_TAREFA_003) values ('62','110044','1','100071','1');
Insert into MTX.MTXTB026_SERVICO_TAREFA_REGRA (NU_REGRA_025,NU_SERVICO_003,NU_VERSAO_SERVICO_003,NU_TAREFA_003,NU_VERSAO_TAREFA_003) values ('63','110044','1','100071','1');

-- *******************  FUNCIONALIDADE WEB *******************  --
Insert into MTX.MTXTB037_FUNCIONALIDADE (NU_FUNCIONALIDADE,NO_FUNCIONALIDADE) values ('7','AGENDAMENTOS_NAO_EFETIVADOS');
Insert into MTX.MTXTB037_FUNCIONALIDADE (NU_FUNCIONALIDADE,NO_FUNCIONALIDADE) values ('8','SERVICOS');
Insert into MTX.MTXTB037_FUNCIONALIDADE (NU_FUNCIONALIDADE,NO_FUNCIONALIDADE) values ('9','ALTERA_SERVICOS');
Insert into MTX.MTXTB037_FUNCIONALIDADE (NU_FUNCIONALIDADE,NO_FUNCIONALIDADE) values ('1','PAGAMENTO');
Insert into MTX.MTXTB037_FUNCIONALIDADE (NU_FUNCIONALIDADE,NO_FUNCIONALIDADE) values ('2','AGENDAMENTO');
Insert into MTX.MTXTB037_FUNCIONALIDADE (NU_FUNCIONALIDADE,NO_FUNCIONALIDADE) values ('3','CANAIS');
Insert into MTX.MTXTB037_FUNCIONALIDADE (NU_FUNCIONALIDADE,NO_FUNCIONALIDADE) values ('4','CANCELA_PAGAMENTO');
Insert into MTX.MTXTB037_FUNCIONALIDADE (NU_FUNCIONALIDADE,NO_FUNCIONALIDADE) values ('5','CANCELA_AGENDAMENTO');
Insert into MTX.MTXTB037_FUNCIONALIDADE (NU_FUNCIONALIDADE,NO_FUNCIONALIDADE) values ('6','ALTERA_CANAIS');

-- *******************  GRUPO ACESSO WEB *******************  --
Insert into MTX.MTXTB038_GRUPO_ACESSO (NU_GRUPO_ACESSO,NO_GRUPO_ACESSO) values ('7','MTXGEA');
Insert into MTX.MTXTB038_GRUPO_ACESSO (NU_GRUPO_ACESSO,NO_GRUPO_ACESSO) values ('1','MTXDES');
Insert into MTX.MTXTB038_GRUPO_ACESSO (NU_GRUPO_ACESSO,NO_GRUPO_ACESSO) values ('2','MTXPRD');
Insert into MTX.MTXTB038_GRUPO_ACESSO (NU_GRUPO_ACESSO,NO_GRUPO_ACESSO) values ('3','MTXAGE');
Insert into MTX.MTXTB038_GRUPO_ACESSO (NU_GRUPO_ACESSO,NO_GRUPO_ACESSO) values ('4','MTXGES');
Insert into MTX.MTXTB038_GRUPO_ACESSO (NU_GRUPO_ACESSO,NO_GRUPO_ACESSO) values ('8','MTXSEG');
Insert into MTX.MTXTB038_GRUPO_ACESSO (NU_GRUPO_ACESSO,NO_GRUPO_ACESSO) values ('9','MTXAUD');

-- *******************  FUNCIONALIDADE X GRUPO ACESSO WEB *******************  --
Insert into MTX.MTXTB039_PERMISSAO_ACESSO (NU_GRUPO_ACESSO,NU_FUNCIONALIDADE) values ('1','1');
Insert into MTX.MTXTB039_PERMISSAO_ACESSO (NU_GRUPO_ACESSO,NU_FUNCIONALIDADE) values ('1','2');
Insert into MTX.MTXTB039_PERMISSAO_ACESSO (NU_GRUPO_ACESSO,NU_FUNCIONALIDADE) values ('1','3');
Insert into MTX.MTXTB039_PERMISSAO_ACESSO (NU_GRUPO_ACESSO,NU_FUNCIONALIDADE) values ('1','7');
Insert into MTX.MTXTB039_PERMISSAO_ACESSO (NU_GRUPO_ACESSO,NU_FUNCIONALIDADE) values ('2','3');
Insert into MTX.MTXTB039_PERMISSAO_ACESSO (NU_GRUPO_ACESSO,NU_FUNCIONALIDADE) values ('2','6');
Insert into MTX.MTXTB039_PERMISSAO_ACESSO (NU_GRUPO_ACESSO,NU_FUNCIONALIDADE) values ('3','1');
Insert into MTX.MTXTB039_PERMISSAO_ACESSO (NU_GRUPO_ACESSO,NU_FUNCIONALIDADE) values ('3','2');
Insert into MTX.MTXTB039_PERMISSAO_ACESSO (NU_GRUPO_ACESSO,NU_FUNCIONALIDADE) values ('3','4');
Insert into MTX.MTXTB039_PERMISSAO_ACESSO (NU_GRUPO_ACESSO,NU_FUNCIONALIDADE) values ('3','5');
Insert into MTX.MTXTB039_PERMISSAO_ACESSO (NU_GRUPO_ACESSO,NU_FUNCIONALIDADE) values ('3','7');
Insert into MTX.MTXTB039_PERMISSAO_ACESSO (NU_GRUPO_ACESSO,NU_FUNCIONALIDADE) values ('4','1');
Insert into MTX.MTXTB039_PERMISSAO_ACESSO (NU_GRUPO_ACESSO,NU_FUNCIONALIDADE) values ('4','2');
Insert into MTX.MTXTB039_PERMISSAO_ACESSO (NU_GRUPO_ACESSO,NU_FUNCIONALIDADE) values ('4','3');
Insert into MTX.MTXTB039_PERMISSAO_ACESSO (NU_GRUPO_ACESSO,NU_FUNCIONALIDADE) values ('4','7');
Insert into MTX.MTXTB039_PERMISSAO_ACESSO (NU_GRUPO_ACESSO,NU_FUNCIONALIDADE) values ('7','1');
Insert into MTX.MTXTB039_PERMISSAO_ACESSO (NU_GRUPO_ACESSO,NU_FUNCIONALIDADE) values ('7','2');
Insert into MTX.MTXTB039_PERMISSAO_ACESSO (NU_GRUPO_ACESSO,NU_FUNCIONALIDADE) values ('7','3');
Insert into MTX.MTXTB039_PERMISSAO_ACESSO (NU_GRUPO_ACESSO,NU_FUNCIONALIDADE) values ('7','7');
Insert into MTX.MTXTB039_PERMISSAO_ACESSO (NU_GRUPO_ACESSO,NU_FUNCIONALIDADE) values ('8','1');
Insert into MTX.MTXTB039_PERMISSAO_ACESSO (NU_GRUPO_ACESSO,NU_FUNCIONALIDADE) values ('8','2');
Insert into MTX.MTXTB039_PERMISSAO_ACESSO (NU_GRUPO_ACESSO,NU_FUNCIONALIDADE) values ('8','4');
Insert into MTX.MTXTB039_PERMISSAO_ACESSO (NU_GRUPO_ACESSO,NU_FUNCIONALIDADE) values ('8','5');
Insert into MTX.MTXTB039_PERMISSAO_ACESSO (NU_GRUPO_ACESSO,NU_FUNCIONALIDADE) values ('8','7');
Insert into MTX.MTXTB039_PERMISSAO_ACESSO (NU_GRUPO_ACESSO,NU_FUNCIONALIDADE) values ('9','1');
Insert into MTX.MTXTB039_PERMISSAO_ACESSO (NU_GRUPO_ACESSO,NU_FUNCIONALIDADE) values ('9','2');
Insert into MTX.MTXTB039_PERMISSAO_ACESSO (NU_GRUPO_ACESSO,NU_FUNCIONALIDADE) values ('9','7');

